--------------------------------------------------------
--  DDL for Sequence HIBERNATE_SEQUENCE
--------------------------------------------------------

   CREATE SEQUENCE  "HIBERNATE_SEQUENCE"  MINVALUE 1 MAXVALUE 9999999999999999999999999999 INCREMENT BY 1 START WITH 341 CACHE 20 NOORDER  NOCYCLE ;
/
--------------------------------------------------------
--  DDL for Table ICC_CONNECTION
--------------------------------------------------------

  CREATE TABLE "ICC_CONNECTION" 
   (	"ID" VARCHAR2(255 CHAR), 
	"PASSWORD" VARCHAR2(255 CHAR), 
	"URL" VARCHAR2(255 CHAR), 
	"USERNAME" VARCHAR2(255 CHAR), 
	"ACTIVE" NUMBER(1,0), 
	"CREATION_DATE" TIMESTAMP (6), 
	"DESCRIPTION" VARCHAR2(255 CHAR), 
	"MODIFICATION_DATE" TIMESTAMP (6), 
	"NAME" VARCHAR2(255 CHAR), 
	"CREATED_BY" VARCHAR2(255 CHAR), 
	"MODIFIED_BY" VARCHAR2(255 CHAR)
   ) ;
/
--------------------------------------------------------
--  DDL for Table ICC_CONNECTION_AUD
--------------------------------------------------------

  CREATE TABLE "ICC_CONNECTION_AUD" 
   (	"ID" VARCHAR2(255 CHAR), 
	"REV" NUMBER(10,0), 
	"REVTYPE" NUMBER(3,0), 
	"PASSWORD" VARCHAR2(255 CHAR), 
	"URL" VARCHAR2(255 CHAR), 
	"USERNAME" VARCHAR2(255 CHAR), 
	"ACTIVE" NUMBER(1,0), 
	"CREATION_DATE" TIMESTAMP (6), 
	"DESCRIPTION" VARCHAR2(255 CHAR), 
	"MODIFICATION_DATE" TIMESTAMP (6), 
	"NAME" VARCHAR2(255 CHAR), 
	"CREATED_BY" VARCHAR2(255 CHAR), 
	"MODIFIED_BY" VARCHAR2(255 CHAR)
   ) ;
/
--------------------------------------------------------
--  DDL for Table ICC_FOLDER
--------------------------------------------------------

  CREATE TABLE "ICC_FOLDER" 
   (	"ID" VARCHAR2(255 CHAR), 
	"ACTIVE" NUMBER(1,0), 
	"CREATION_DATE" TIMESTAMP (6), 
	"DESCRIPTION" VARCHAR2(255 CHAR), 
	"MODIFICATION_DATE" TIMESTAMP (6), 
	"NAME" VARCHAR2(255 CHAR), 
	"PARENT_FOLDER_ID" VARCHAR2(255 CHAR), 
	"CREATED_BY" VARCHAR2(255 CHAR), 
	"MODIFIED_BY" VARCHAR2(255 CHAR), 
	"RIGHTS_ID" VARCHAR2(255 CHAR)
   ) ;
/
--------------------------------------------------------
--  DDL for Table ICC_FOLDER_AUD
--------------------------------------------------------

  CREATE TABLE "ICC_FOLDER_AUD" 
   (	"ID" VARCHAR2(255 CHAR), 
	"REV" NUMBER(10,0), 
	"REVTYPE" NUMBER(3,0), 
	"ACTIVE" NUMBER(1,0), 
	"CREATION_DATE" TIMESTAMP (6), 
	"DESCRIPTION" VARCHAR2(255 CHAR), 
	"MODIFICATION_DATE" TIMESTAMP (6), 
	"NAME" VARCHAR2(255 CHAR), 
	"PARENT_FOLDER_ID" VARCHAR2(255 CHAR), 
	"CREATED_BY" VARCHAR2(255 CHAR), 
	"MODIFIED_BY" VARCHAR2(255 CHAR), 
	"RIGHTS_ID" VARCHAR2(255 CHAR)
   ) ;
/
--------------------------------------------------------
--  DDL for Table ICC_JOB
--------------------------------------------------------

  CREATE TABLE "ICC_JOB" 
   (	"ID" VARCHAR2(255 CHAR), 
	"PRIORITY" VARCHAR2(255 CHAR), 
	"ACTIVE" NUMBER(1,0), 
	"CREATION_DATE" TIMESTAMP (6), 
	"DESCRIPTION" VARCHAR2(255 CHAR), 
	"MODIFICATION_DATE" TIMESTAMP (6), 
	"NAME" VARCHAR2(255 CHAR), 
	"APPROVER_ID" VARCHAR2(255 CHAR), 
	"FOLDER_ID" VARCHAR2(255 CHAR), 
	"CREATED_BY" VARCHAR2(255 CHAR), 
	"MODIFIED_BY" VARCHAR2(255 CHAR), 
	"RIGHTS_ID" VARCHAR2(255 CHAR), 
	"TEMPLATE_ID" VARCHAR2(255 CHAR)
   ) ;
/
--------------------------------------------------------
--  DDL for Table ICC_JOB_AUD
--------------------------------------------------------

  CREATE TABLE "ICC_JOB_AUD" 
   (	"ID" VARCHAR2(255 CHAR), 
	"REV" NUMBER(10,0), 
	"REVTYPE" NUMBER(3,0), 
	"PRIORITY" VARCHAR2(255 CHAR), 
	"ACTIVE" NUMBER(1,0), 
	"CREATION_DATE" TIMESTAMP (6), 
	"DESCRIPTION" VARCHAR2(255 CHAR), 
	"MODIFICATION_DATE" TIMESTAMP (6), 
	"NAME" VARCHAR2(255 CHAR), 
	"APPROVER_ID" VARCHAR2(255 CHAR), 
	"FOLDER_ID" VARCHAR2(255 CHAR), 
	"CREATED_BY" VARCHAR2(255 CHAR), 
	"MODIFIED_BY" VARCHAR2(255 CHAR), 
	"RIGHTS_ID" VARCHAR2(255 CHAR), 
	"TEMPLATE_ID" VARCHAR2(255 CHAR)
   ) ;
/
--------------------------------------------------------
--  DDL for Table ICC_PARAMETER_GLOBAL
--------------------------------------------------------

  CREATE TABLE "ICC_PARAMETER_GLOBAL" 
   (	"ID" VARCHAR2(255 CHAR), 
	"ACTIVE" NUMBER(1,0), 
	"CREATION_DATE" TIMESTAMP (6), 
	"DESCRIPTION" VARCHAR2(255 CHAR), 
	"MODIFICATION_DATE" TIMESTAMP (6), 
	"NAME" VARCHAR2(255 CHAR), 
	"VALUE" VARCHAR2(255 CHAR), 
	"CREATED_BY" VARCHAR2(255 CHAR), 
	"MODIFIED_BY" VARCHAR2(255 CHAR)
   ) ;
/
--------------------------------------------------------
--  DDL for Table ICC_PARAMETER_GLOBAL_AUD
--------------------------------------------------------

  CREATE TABLE "ICC_PARAMETER_GLOBAL_AUD" 
   (	"ID" VARCHAR2(255 CHAR), 
	"REV" NUMBER(10,0), 
	"REVTYPE" NUMBER(3,0), 
	"ACTIVE" NUMBER(1,0), 
	"CREATION_DATE" TIMESTAMP (6), 
	"DESCRIPTION" VARCHAR2(255 CHAR), 
	"MODIFICATION_DATE" TIMESTAMP (6), 
	"NAME" VARCHAR2(255 CHAR), 
	"VALUE" VARCHAR2(255 CHAR), 
	"CREATED_BY" VARCHAR2(255 CHAR), 
	"MODIFIED_BY" VARCHAR2(255 CHAR)
   ) ;
/
--------------------------------------------------------
--  DDL for Table ICC_PARAMETER_LOCAL
--------------------------------------------------------

  CREATE TABLE "ICC_PARAMETER_LOCAL" 
   (	"ID" VARCHAR2(255 CHAR), 
	"ACTIVE" NUMBER(1,0), 
	"CREATION_DATE" TIMESTAMP (6), 
	"DESCRIPTION" VARCHAR2(255 CHAR), 
	"MODIFICATION_DATE" TIMESTAMP (6), 
	"NAME" VARCHAR2(255 CHAR), 
	"VALUE" VARCHAR2(255 CHAR), 
	"FOLDER_ID" VARCHAR2(255 CHAR), 
	"CREATED_BY" VARCHAR2(255 CHAR), 
	"MODIFIED_BY" VARCHAR2(255 CHAR), 
	"RIGHTS_ID" VARCHAR2(255 CHAR)
   ) ;
/
--------------------------------------------------------
--  DDL for Table ICC_PARAMETER_LOCAL_AUD
--------------------------------------------------------

  CREATE TABLE "ICC_PARAMETER_LOCAL_AUD" 
   (	"ID" VARCHAR2(255 CHAR), 
	"REV" NUMBER(10,0), 
	"REVTYPE" NUMBER(3,0), 
	"ACTIVE" NUMBER(1,0), 
	"CREATION_DATE" TIMESTAMP (6), 
	"DESCRIPTION" VARCHAR2(255 CHAR), 
	"MODIFICATION_DATE" TIMESTAMP (6), 
	"NAME" VARCHAR2(255 CHAR), 
	"VALUE" VARCHAR2(255 CHAR), 
	"FOLDER_ID" VARCHAR2(255 CHAR), 
	"CREATED_BY" VARCHAR2(255 CHAR), 
	"MODIFIED_BY" VARCHAR2(255 CHAR), 
	"RIGHTS_ID" VARCHAR2(255 CHAR)
   ) ;
/
--------------------------------------------------------
--  DDL for Table ICC_RIGHTS
--------------------------------------------------------

  CREATE TABLE "ICC_RIGHTS" 
   (	"ID" VARCHAR2(255 CHAR), 
	"OWNER_ID" VARCHAR2(255 CHAR)
   ) ;
/
--------------------------------------------------------
--  DDL for Table ICC_RIGHTS_AUD
--------------------------------------------------------

  CREATE TABLE "ICC_RIGHTS_AUD" 
   (	"ID" VARCHAR2(255 CHAR), 
	"REV" NUMBER(10,0), 
	"REVTYPE" NUMBER(3,0), 
	"OWNER_ID" VARCHAR2(255 CHAR)
   ) ;
/
--------------------------------------------------------
--  DDL for Table ICC_RIGHTS_ROLE
--------------------------------------------------------

  CREATE TABLE "ICC_RIGHTS_ROLE" 
   (	"RIGHTS_ID" VARCHAR2(255 CHAR), 
	"RIGHTS" NUMBER(3,0), 
	"ROLE_ID" VARCHAR2(255 CHAR)
   ) ;
/
--------------------------------------------------------
--  DDL for Table ICC_RIGHTS_ROLE_AUD
--------------------------------------------------------

  CREATE TABLE "ICC_RIGHTS_ROLE_AUD" 
   (	"REV" NUMBER(10,0), 
	"RIGHTS_ID" VARCHAR2(255 CHAR), 
	"RIGHTS" NUMBER(3,0), 
	"ROLE_ID" VARCHAR2(255 CHAR), 
	"REVTYPE" NUMBER(3,0)
   ) ;
/
--------------------------------------------------------
--  DDL for Table ICC_RIGHTS_USER
--------------------------------------------------------

  CREATE TABLE "ICC_RIGHTS_USER" 
   (	"RIGHTS_ID" VARCHAR2(255 CHAR), 
	"RIGHTS" NUMBER(3,0), 
	"USER_ID" VARCHAR2(255 CHAR)
   ) ;
/
--------------------------------------------------------
--  DDL for Table ICC_RIGHTS_USER_AUD
--------------------------------------------------------

  CREATE TABLE "ICC_RIGHTS_USER_AUD" 
   (	"REV" NUMBER(10,0), 
	"RIGHTS_ID" VARCHAR2(255 CHAR), 
	"RIGHTS" NUMBER(3,0), 
	"USER_ID" VARCHAR2(255 CHAR), 
	"REVTYPE" NUMBER(3,0)
   ) ;
/
--------------------------------------------------------
--  DDL for Table ICC_ROLE
--------------------------------------------------------

  CREATE TABLE "ICC_ROLE" 
   (	"ID" VARCHAR2(255 CHAR), 
	"ACTIVE" NUMBER(1,0), 
	"CREATION_DATE" TIMESTAMP (6), 
	"DESCRIPTION" VARCHAR2(255 CHAR), 
	"MODIFICATION_DATE" TIMESTAMP (6), 
	"NAME" VARCHAR2(255 CHAR), 
	"CREATED_BY" VARCHAR2(255 CHAR), 
	"MODIFIED_BY" VARCHAR2(255 CHAR)
   ) ;
/
--------------------------------------------------------
--  DDL for Table ICC_ROLEUSER
--------------------------------------------------------

  CREATE TABLE "ICC_ROLEUSER" 
   (	"ROLE_ID" VARCHAR2(255 CHAR), 
	"USER_ID" VARCHAR2(255 CHAR)
   ) ;
/
--------------------------------------------------------
--  DDL for Table ICC_ROLEUSER_AUD
--------------------------------------------------------

  CREATE TABLE "ICC_ROLEUSER_AUD" 
   (	"REV" NUMBER(10,0), 
	"ROLE_ID" VARCHAR2(255 CHAR), 
	"USER_ID" VARCHAR2(255 CHAR), 
	"REVTYPE" NUMBER(3,0)
   ) ;
/
--------------------------------------------------------
--  DDL for Table ICC_ROLE_AUD
--------------------------------------------------------

  CREATE TABLE "ICC_ROLE_AUD" 
   (	"ID" VARCHAR2(255 CHAR), 
	"REV" NUMBER(10,0), 
	"REVTYPE" NUMBER(3,0), 
	"ACTIVE" NUMBER(1,0), 
	"CREATION_DATE" TIMESTAMP (6), 
	"DESCRIPTION" VARCHAR2(255 CHAR), 
	"MODIFICATION_DATE" TIMESTAMP (6), 
	"NAME" VARCHAR2(255 CHAR), 
	"CREATED_BY" VARCHAR2(255 CHAR), 
	"MODIFIED_BY" VARCHAR2(255 CHAR)
   ) ;
/
--------------------------------------------------------
--  DDL for Table ICC_RULE
--------------------------------------------------------

  CREATE TABLE "ICC_RULE" 
   (	"ID" VARCHAR2(255 CHAR), 
	"DETAIL" VARCHAR2(255 CHAR), 
	"ACTIVE" NUMBER(1,0), 
	"CREATION_DATE" TIMESTAMP (6), 
	"DESCRIPTION" VARCHAR2(255 CHAR), 
	"MODIFICATION_DATE" TIMESTAMP (6), 
	"NAME" VARCHAR2(255 CHAR), 
	"APPROVER_ID" VARCHAR2(255 CHAR), 
	"FOLDER_ID" VARCHAR2(255 CHAR), 
	"CREATED_BY" VARCHAR2(255 CHAR), 
	"MODIFIED_BY" VARCHAR2(255 CHAR), 
	"RIGHTS_ID" VARCHAR2(255 CHAR)
   ) ;
/
--------------------------------------------------------
--  DDL for Table ICC_RULE_AUD
--------------------------------------------------------

  CREATE TABLE "ICC_RULE_AUD" 
   (	"ID" VARCHAR2(255 CHAR), 
	"REV" NUMBER(10,0), 
	"REVTYPE" NUMBER(3,0), 
	"DETAIL" VARCHAR2(255 CHAR), 
	"ACTIVE" NUMBER(1,0), 
	"CREATION_DATE" TIMESTAMP (6), 
	"DESCRIPTION" VARCHAR2(255 CHAR), 
	"MODIFICATION_DATE" TIMESTAMP (6), 
	"NAME" VARCHAR2(255 CHAR), 
	"APPROVER_ID" VARCHAR2(255 CHAR), 
	"FOLDER_ID" VARCHAR2(255 CHAR), 
	"CREATED_BY" VARCHAR2(255 CHAR), 
	"MODIFIED_BY" VARCHAR2(255 CHAR), 
	"RIGHTS_ID" VARCHAR2(255 CHAR)
   ) ;
/
--------------------------------------------------------
--  DDL for Table ICC_TEMPLATE
--------------------------------------------------------

  CREATE TABLE "ICC_TEMPLATE" 
   (	"ID" VARCHAR2(255 CHAR), 
	"ACTIVE" NUMBER(1,0), 
	"DESCRIPTION" VARCHAR2(255 CHAR), 
	"HAS_DATASET" NUMBER(1,0), 
	"NAME" VARCHAR2(255 CHAR)
   ) ;
/
--------------------------------------------------------
--  DDL for Table ICC_TEMPLATE_AUD
--------------------------------------------------------

  CREATE TABLE "ICC_TEMPLATE_AUD" 
   (	"ID" VARCHAR2(255 CHAR), 
	"REV" NUMBER(10,0), 
	"REVTYPE" NUMBER(3,0), 
	"ACTIVE" NUMBER(1,0), 
	"DESCRIPTION" VARCHAR2(255 CHAR), 
	"HAS_DATASET" NUMBER(1,0), 
	"NAME" VARCHAR2(255 CHAR)
   ) ;
/
--------------------------------------------------------
--  DDL for Table ICC_USER
--------------------------------------------------------

  CREATE TABLE "ICC_USER" 
   (	"ID" VARCHAR2(255 CHAR), 
	"EMAIL" VARCHAR2(255 CHAR), 
	"FIRST_NAME" VARCHAR2(255 CHAR), 
	"LAST_NAME" VARCHAR2(255 CHAR), 
	"LOGIN_TYPE" VARCHAR2(255 CHAR), 
	"PASSWORD" VARCHAR2(255 CHAR), 
	"ACTIVE" NUMBER(1,0), 
	"CREATION_DATE" TIMESTAMP (6), 
	"DESCRIPTION" VARCHAR2(255 CHAR), 
	"MODIFICATION_DATE" TIMESTAMP (6), 
	"NAME" VARCHAR2(255 CHAR), 
	"USER_TYPE" VARCHAR2(255 CHAR), 
	"CREATED_BY" VARCHAR2(255 CHAR), 
	"MODIFIED_BY" VARCHAR2(255 CHAR)
   ) ;
/
--------------------------------------------------------
--  DDL for Table ICC_USER_AUD
--------------------------------------------------------

  CREATE TABLE "ICC_USER_AUD" 
   (	"ID" VARCHAR2(255 CHAR), 
	"REV" NUMBER(10,0), 
	"REVTYPE" NUMBER(3,0), 
	"EMAIL" VARCHAR2(255 CHAR), 
	"FIRST_NAME" VARCHAR2(255 CHAR), 
	"LAST_NAME" VARCHAR2(255 CHAR), 
	"LOGIN_TYPE" VARCHAR2(255 CHAR), 
	"PASSWORD" VARCHAR2(255 CHAR), 
	"ACTIVE" NUMBER(1,0), 
	"CREATION_DATE" TIMESTAMP (6), 
	"DESCRIPTION" VARCHAR2(255 CHAR), 
	"MODIFICATION_DATE" TIMESTAMP (6), 
	"NAME" VARCHAR2(255 CHAR), 
	"USER_TYPE" VARCHAR2(255 CHAR), 
	"CREATED_BY" VARCHAR2(255 CHAR), 
	"MODIFIED_BY" VARCHAR2(255 CHAR)
   ) ;
/
--------------------------------------------------------
--  DDL for Table ICC_VARIABLE
--------------------------------------------------------

  CREATE TABLE "ICC_VARIABLE" 
   (	"ID" VARCHAR2(255 CHAR), 
	"VALUE" VARCHAR2(255 CHAR), 
	"DEFINITION_ID" VARCHAR2(255 CHAR), 
	"JOB_ID" VARCHAR2(255 CHAR)
   ) ;
/
--------------------------------------------------------
--  DDL for Table ICC_VARIABLEDEF
--------------------------------------------------------

  CREATE TABLE "ICC_VARIABLEDEF" 
   (	"ID" VARCHAR2(255 CHAR), 
	"DEFAULT_VALUE" VARCHAR2(255 CHAR), 
	"POSITION" NUMBER(10,0), 
	"ACTIVE" NUMBER(1,0), 
	"CREATION_DATE" TIMESTAMP (6), 
	"DESCRIPTION" VARCHAR2(255 CHAR), 
	"MODIFICATION_DATE" TIMESTAMP (6), 
	"NAME" VARCHAR2(255 CHAR), 
	"REQUIRED" NUMBER(1,0), 
	"TYPE" VARCHAR2(255 CHAR), 
	"CREATED_BY" VARCHAR2(255 CHAR), 
	"MODIFIED_BY" VARCHAR2(255 CHAR), 
	"TEMPLATE_ID" VARCHAR2(255 CHAR)
   ) ;
/
--------------------------------------------------------
--  DDL for Table ICC_VARIABLEDEF_AUD
--------------------------------------------------------

  CREATE TABLE "ICC_VARIABLEDEF_AUD" 
   (	"ID" VARCHAR2(255 CHAR), 
	"REV" NUMBER(10,0), 
	"REVTYPE" NUMBER(3,0), 
	"DEFAULT_VALUE" VARCHAR2(255 CHAR), 
	"POSITION" NUMBER(10,0), 
	"ACTIVE" NUMBER(1,0), 
	"CREATION_DATE" TIMESTAMP (6), 
	"DESCRIPTION" VARCHAR2(255 CHAR), 
	"MODIFICATION_DATE" TIMESTAMP (6), 
	"NAME" VARCHAR2(255 CHAR), 
	"REQUIRED" NUMBER(1,0), 
	"TYPE" VARCHAR2(255 CHAR), 
	"CREATED_BY" VARCHAR2(255 CHAR), 
	"MODIFIED_BY" VARCHAR2(255 CHAR), 
	"TEMPLATE_ID" VARCHAR2(255 CHAR)
   ) ;
/
--------------------------------------------------------
--  DDL for Table ICC_VARIABLE_AUD
--------------------------------------------------------

  CREATE TABLE "ICC_VARIABLE_AUD" 
   (	"ID" VARCHAR2(255 CHAR), 
	"REV" NUMBER(10,0), 
	"REVTYPE" NUMBER(3,0), 
	"VALUE" VARCHAR2(255 CHAR), 
	"DEFINITION_ID" VARCHAR2(255 CHAR), 
	"JOB_ID" VARCHAR2(255 CHAR)
   ) ;
/
REM INSERTING into ICC_CONNECTION
SET DEFINE OFF;
Insert into ICC_CONNECTION (ID,PASSWORD,URL,USERNAME,ACTIVE,CREATION_DATE,DESCRIPTION,MODIFICATION_DATE,NAME,CREATED_BY,MODIFIED_BY) values ('5165349329057833','5kVTCiXRHXyyLVE/riWTlg==','jdbc:oracle:thin:@185.12.109.52:1521:XE','admin',1,to_timestamp('12-MAR-16 03.33.39.002000000 PM','DD-MON-RR HH.MI.SS.FF AM'),'by burhan',to_timestamp('12-MAR-16 03.33.39.002000000 PM','DD-MON-RR HH.MI.SS.FF AM'),'test','3665522859412','3665522859412');
Insert into ICC_CONNECTION (ID,PASSWORD,URL,USERNAME,ACTIVE,CREATION_DATE,DESCRIPTION,MODIFICATION_DATE,NAME,CREATED_BY,MODIFIED_BY) values ('5165473045060084','ToQtdlNgBoFwwQ5DrD+Eqw==','falsefalsefalsefalsefalse','admin',1,to_timestamp('12-MAR-16 03.35.42.718000000 PM','DD-MON-RR HH.MI.SS.FF AM'),'by burhan',to_timestamp('12-MAR-16 05.45.55.856000000 PM','DD-MON-RR HH.MI.SS.FF AM'),'test 2','3665522859412','3665522859412');
Insert into ICC_CONNECTION (ID,PASSWORD,URL,USERNAME,ACTIVE,CREATION_DATE,DESCRIPTION,MODIFICATION_DATE,NAME,CREATED_BY,MODIFIED_BY) values ('236125381981239','62W6kBsomx9WvNPnQfKsbQ==','jdbc:oracle:thin:@185.12.109.52:1521:XE','TEST',1,to_timestamp('15-JAN-16 02.15.02.004000000 PM','DD-MON-RR HH.MI.SS.FF AM'),null,to_timestamp('15-JAN-16 02.15.02.004000000 PM','DD-MON-RR HH.MI.SS.FF AM'),'TEST',null,null);
REM INSERTING into ICC_CONNECTION_AUD
SET DEFINE OFF;
Insert into ICC_CONNECTION_AUD (ID,REV,REVTYPE,PASSWORD,URL,USERNAME,ACTIVE,CREATION_DATE,DESCRIPTION,MODIFICATION_DATE,NAME,CREATED_BY,MODIFIED_BY) values ('5165349329057833',242,0,'5kVTCiXRHXyyLVE/riWTlg==','jdbc:oracle:thin:@185.12.109.52:1521:XE','admin',1,to_timestamp('12-MAR-16 03.33.39.002000000 PM','DD-MON-RR HH.MI.SS.FF AM'),'by burhan',to_timestamp('12-MAR-16 03.33.39.002000000 PM','DD-MON-RR HH.MI.SS.FF AM'),'test','3665522859412','3665522859412');
Insert into ICC_CONNECTION_AUD (ID,REV,REVTYPE,PASSWORD,URL,USERNAME,ACTIVE,CREATION_DATE,DESCRIPTION,MODIFICATION_DATE,NAME,CREATED_BY,MODIFIED_BY) values ('5165473045060084',243,0,'5kVTCiXRHXyyLVE/riWTlg==','falsefalsefalsefalsefalse','admin',1,to_timestamp('12-MAR-16 03.35.42.718000000 PM','DD-MON-RR HH.MI.SS.FF AM'),'by burhan',to_timestamp('12-MAR-16 03.35.42.718000000 PM','DD-MON-RR HH.MI.SS.FF AM'),'test 2','3665522859412','3665522859412');
Insert into ICC_CONNECTION_AUD (ID,REV,REVTYPE,PASSWORD,URL,USERNAME,ACTIVE,CREATION_DATE,DESCRIPTION,MODIFICATION_DATE,NAME,CREATED_BY,MODIFIED_BY) values ('5165473045060084',261,1,'ToQtdlNgBoFwwQ5DrD+Eqw==','falsefalsefalsefalsefalse','admin',1,to_timestamp('12-MAR-16 03.35.42.718000000 PM','DD-MON-RR HH.MI.SS.FF AM'),'by burhan',to_timestamp('12-MAR-16 05.45.55.856000000 PM','DD-MON-RR HH.MI.SS.FF AM'),'test 2','3665522859412','3665522859412');
Insert into ICC_CONNECTION_AUD (ID,REV,REVTYPE,PASSWORD,URL,USERNAME,ACTIVE,CREATION_DATE,DESCRIPTION,MODIFICATION_DATE,NAME,CREATED_BY,MODIFIED_BY) values ('3666411056247',82,0,'TEST','jdbc:oracle:thin:@127.0.0.1:1521:XE','TEST',1,to_timestamp('12-JAN-16 09.40.43.044000000 PM','DD-MON-RR HH.MI.SS.FF AM'),null,to_timestamp('12-JAN-16 09.40.43.044000000 PM','DD-MON-RR HH.MI.SS.FF AM'),'TEST',null,null);
Insert into ICC_CONNECTION_AUD (ID,REV,REVTYPE,PASSWORD,URL,USERNAME,ACTIVE,CREATION_DATE,DESCRIPTION,MODIFICATION_DATE,NAME,CREATED_BY,MODIFIED_BY) values ('3666550292243',83,0,'TEST1','jdbc:oracle:thin:@127.0.0.1:1521:XE','TEST1',1,to_timestamp('12-JAN-16 09.40.43.183000000 PM','DD-MON-RR HH.MI.SS.FF AM'),null,to_timestamp('12-JAN-16 09.40.43.183000000 PM','DD-MON-RR HH.MI.SS.FF AM'),'TEST1',null,null);
Insert into ICC_CONNECTION_AUD (ID,REV,REVTYPE,PASSWORD,URL,USERNAME,ACTIVE,CREATION_DATE,DESCRIPTION,MODIFICATION_DATE,NAME,CREATED_BY,MODIFIED_BY) values ('3666586787248',84,0,'TEST2','jdbc:oracle:thin:@127.0.0.1:1521:XE','TEST2',1,to_timestamp('12-JAN-16 09.40.43.220000000 PM','DD-MON-RR HH.MI.SS.FF AM'),null,to_timestamp('12-JAN-16 09.40.43.220000000 PM','DD-MON-RR HH.MI.SS.FF AM'),'TEST2',null,null);
Insert into ICC_CONNECTION_AUD (ID,REV,REVTYPE,PASSWORD,URL,USERNAME,ACTIVE,CREATION_DATE,DESCRIPTION,MODIFICATION_DATE,NAME,CREATED_BY,MODIFIED_BY) values ('3666411056247',101,2,null,null,null,null,null,null,null,null,null,null);
Insert into ICC_CONNECTION_AUD (ID,REV,REVTYPE,PASSWORD,URL,USERNAME,ACTIVE,CREATION_DATE,DESCRIPTION,MODIFICATION_DATE,NAME,CREATED_BY,MODIFIED_BY) values ('3666550292243',102,2,null,null,null,null,null,null,null,null,null,null);
Insert into ICC_CONNECTION_AUD (ID,REV,REVTYPE,PASSWORD,URL,USERNAME,ACTIVE,CREATION_DATE,DESCRIPTION,MODIFICATION_DATE,NAME,CREATED_BY,MODIFIED_BY) values ('3666586787248',103,2,null,null,null,null,null,null,null,null,null,null);
Insert into ICC_CONNECTION_AUD (ID,REV,REVTYPE,PASSWORD,URL,USERNAME,ACTIVE,CREATION_DATE,DESCRIPTION,MODIFICATION_DATE,NAME,CREATED_BY,MODIFIED_BY) values ('236125381981239',104,0,'TEST','jdbc:oracle:thin:@185.12.109.52:8080:XE','TEST',1,to_timestamp('15-JAN-16 02.15.02.004000000 PM','DD-MON-RR HH.MI.SS.FF AM'),null,to_timestamp('15-JAN-16 02.15.02.004000000 PM','DD-MON-RR HH.MI.SS.FF AM'),'TEST',null,null);
REM INSERTING into ICC_FOLDER
SET DEFINE OFF;
Insert into ICC_FOLDER (ID,ACTIVE,CREATION_DATE,DESCRIPTION,MODIFICATION_DATE,NAME,PARENT_FOLDER_ID,CREATED_BY,MODIFIED_BY,RIGHTS_ID) values ('6025943686537829',1,to_timestamp('22-MAR-16 02.36.53.337000000 PM','DD-MON-RR HH.MI.SS.FF AM'),null,to_timestamp('22-MAR-16 02.36.53.337000000 PM','DD-MON-RR HH.MI.SS.FF AM'),'burhan','5322984514833837','3665522859412','3665522859412','6025943686519490');
Insert into ICC_FOLDER (ID,ACTIVE,CREATION_DATE,DESCRIPTION,MODIFICATION_DATE,NAME,PARENT_FOLDER_ID,CREATED_BY,MODIFIED_BY,RIGHTS_ID) values ('570031515245223',1,to_timestamp('19-JAN-16 11.05.01.251000000 AM','DD-MON-RR HH.MI.SS.FF AM'),null,to_timestamp('19-JAN-16 11.05.01.252000000 AM','DD-MON-RR HH.MI.SS.FF AM'),'Mustafa',null,null,null,'570031515304472');
Insert into ICC_FOLDER (ID,ACTIVE,CREATION_DATE,DESCRIPTION,MODIFICATION_DATE,NAME,PARENT_FOLDER_ID,CREATED_BY,MODIFIED_BY,RIGHTS_ID) values ('5167118273802908',1,to_timestamp('12-MAR-16 04.03.07.948000000 PM','DD-MON-RR HH.MI.SS.FF AM'),'created by burhan',to_timestamp('12-MAR-16 04.03.07.948000000 PM','DD-MON-RR HH.MI.SS.FF AM'),'Burhan',null,'3665522859412','3665522859412','5167118273780507');
Insert into ICC_FOLDER (ID,ACTIVE,CREATION_DATE,DESCRIPTION,MODIFICATION_DATE,NAME,PARENT_FOLDER_ID,CREATED_BY,MODIFIED_BY,RIGHTS_ID) values ('5167145692910743',1,to_timestamp('12-MAR-16 04.03.35.367000000 PM','DD-MON-RR HH.MI.SS.FF AM'),'created by burhan asdasda eyah yeah o',to_timestamp('12-MAR-16 04.28.50.516000000 PM','DD-MON-RR HH.MI.SS.FF AM'),'Burhan',null,'3665522859412','3665522859412','5167145692889250');
Insert into ICC_FOLDER (ID,ACTIVE,CREATION_DATE,DESCRIPTION,MODIFICATION_DATE,NAME,PARENT_FOLDER_ID,CREATED_BY,MODIFIED_BY,RIGHTS_ID) values ('5167224072674115',1,to_timestamp('12-MAR-16 04.04.53.746000000 PM','DD-MON-RR HH.MI.SS.FF AM'),'created by burhan',to_timestamp('12-MAR-16 04.04.53.746000000 PM','DD-MON-RR HH.MI.SS.FF AM'),'TEST',null,'3665522859412','3665522859412','5167224072647523');
Insert into ICC_FOLDER (ID,ACTIVE,CREATION_DATE,DESCRIPTION,MODIFICATION_DATE,NAME,PARENT_FOLDER_ID,CREATED_BY,MODIFIED_BY,RIGHTS_ID) values ('5167439300098861',1,to_timestamp('12-MAR-16 04.08.28.973000000 PM','DD-MON-RR HH.MI.SS.FF AM'),null,to_timestamp('12-MAR-16 04.08.28.973000000 PM','DD-MON-RR HH.MI.SS.FF AM'),'test','5167118273802908','3665522859412','3665522859412','5167439300078936');
Insert into ICC_FOLDER (ID,ACTIVE,CREATION_DATE,DESCRIPTION,MODIFICATION_DATE,NAME,PARENT_FOLDER_ID,CREATED_BY,MODIFIED_BY,RIGHTS_ID) values ('5173252750967794',1,to_timestamp('12-MAR-16 05.45.22.424000000 PM','DD-MON-RR HH.MI.SS.FF AM'),'by burhan',to_timestamp('12-MAR-16 05.45.22.424000000 PM','DD-MON-RR HH.MI.SS.FF AM'),'test','570031515245223','3665522859412','3665522859412','5173252750944917');
Insert into ICC_FOLDER (ID,ACTIVE,CREATION_DATE,DESCRIPTION,MODIFICATION_DATE,NAME,PARENT_FOLDER_ID,CREATED_BY,MODIFIED_BY,RIGHTS_ID) values ('5174619660425646',1,to_timestamp('12-MAR-16 06.08.09.334000000 PM','DD-MON-RR HH.MI.SS.FF AM'),'gfdsgfd',to_timestamp('12-MAR-16 06.08.09.334000000 PM','DD-MON-RR HH.MI.SS.FF AM'),'hakan test','570031515245223','3665522859412','3665522859412','5174619660403639');
Insert into ICC_FOLDER (ID,ACTIVE,CREATION_DATE,DESCRIPTION,MODIFICATION_DATE,NAME,PARENT_FOLDER_ID,CREATED_BY,MODIFIED_BY,RIGHTS_ID) values ('5322984514833837',1,to_timestamp('14-MAR-16 11.20.54.185000000 AM','DD-MON-RR HH.MI.SS.FF AM'),'deneme ama�l?d?r',to_timestamp('14-MAR-16 11.41.06.915000000 AM','DD-MON-RR HH.MI.SS.FF AM'),'nazl?',null,'3665522859412','3665522859412','5322984514811342');
Insert into ICC_FOLDER (ID,ACTIVE,CREATION_DATE,DESCRIPTION,MODIFICATION_DATE,NAME,PARENT_FOLDER_ID,CREATED_BY,MODIFIED_BY,RIGHTS_ID) values ('5323711569740820',1,to_timestamp('14-MAR-16 11.33.01.240000000 AM','DD-MON-RR HH.MI.SS.FF AM'),null,to_timestamp('14-MAR-16 11.33.01.240000000 AM','DD-MON-RR HH.MI.SS.FF AM'),'xxx',null,'3665522859412','3665522859412','5323711569711354');
Insert into ICC_FOLDER (ID,ACTIVE,CREATION_DATE,DESCRIPTION,MODIFICATION_DATE,NAME,PARENT_FOLDER_ID,CREATED_BY,MODIFIED_BY,RIGHTS_ID) values ('5324335990106755',1,to_timestamp('14-MAR-16 11.43.25.662000000 AM','DD-MON-RR HH.MI.SS.FF AM'),'sorgu1',to_timestamp('14-MAR-16 11.47.55.184000000 AM','DD-MON-RR HH.MI.SS.FF AM'),'SORGU1111',null,'3665522859412','3665522859412','5324335990086395');
Insert into ICC_FOLDER (ID,ACTIVE,CREATION_DATE,DESCRIPTION,MODIFICATION_DATE,NAME,PARENT_FOLDER_ID,CREATED_BY,MODIFIED_BY,RIGHTS_ID) values ('5604893412277048',1,to_timestamp('17-MAR-16 05.39.23.067000000 PM','DD-MON-RR HH.MI.SS.FF AM'),'kjhkjhkhk',to_timestamp('17-MAR-16 05.39.23.067000000 PM','DD-MON-RR HH.MI.SS.FF AM'),'xxxxxxxx','570031515245223','3665522859412','3665522859412','5604893412198451');
Insert into ICC_FOLDER (ID,ACTIVE,CREATION_DATE,DESCRIPTION,MODIFICATION_DATE,NAME,PARENT_FOLDER_ID,CREATED_BY,MODIFIED_BY,RIGHTS_ID) values ('3667379880071',1,to_timestamp('12-JAN-16 09.40.44.013000000 PM','DD-MON-RR HH.MI.SS.FF AM'),null,to_timestamp('12-JAN-16 09.40.44.013000000 PM','DD-MON-RR HH.MI.SS.FF AM'),'Test',null,null,null,'3667405909685');
Insert into ICC_FOLDER (ID,ACTIVE,CREATION_DATE,DESCRIPTION,MODIFICATION_DATE,NAME,PARENT_FOLDER_ID,CREATED_BY,MODIFIED_BY,RIGHTS_ID) values ('1274265211951711',1,to_timestamp('27-JAN-16 02.42.14.920000000 PM','DD-MON-RR HH.MI.SS.FF AM'),'xxxxx',to_timestamp('14-MAR-16 03.44.49.641000000 PM','DD-MON-RR HH.MI.SS.FF AM'),'AKIN',null,null,'3665522859412','1274265219756685');
Insert into ICC_FOLDER (ID,ACTIVE,CREATION_DATE,DESCRIPTION,MODIFICATION_DATE,NAME,PARENT_FOLDER_ID,CREATED_BY,MODIFIED_BY,RIGHTS_ID) values ('492825362067808',1,to_timestamp('18-JAN-16 01.38.15.089000000 PM','DD-MON-RR HH.MI.SS.FF AM'),null,to_timestamp('18-JAN-16 01.38.15.089000000 PM','DD-MON-RR HH.MI.SS.FF AM'),'Folder1',null,null,null,'492825362195000');
REM INSERTING into ICC_FOLDER_AUD
SET DEFINE OFF;
Insert into ICC_FOLDER_AUD (ID,REV,REVTYPE,ACTIVE,CREATION_DATE,DESCRIPTION,MODIFICATION_DATE,NAME,PARENT_FOLDER_ID,CREATED_BY,MODIFIED_BY,RIGHTS_ID) values ('492825362067808',130,1,1,to_timestamp('18-JAN-16 01.38.15.089000000 PM','DD-MON-RR HH.MI.SS.FF AM'),null,to_timestamp('18-JAN-16 01.38.15.089000000 PM','DD-MON-RR HH.MI.SS.FF AM'),'Folder1',null,null,null,'492825362195000');
Insert into ICC_FOLDER_AUD (ID,REV,REVTYPE,ACTIVE,CREATION_DATE,DESCRIPTION,MODIFICATION_DATE,NAME,PARENT_FOLDER_ID,CREATED_BY,MODIFIED_BY,RIGHTS_ID) values ('570031515245223',171,1,1,to_timestamp('19-JAN-16 11.05.01.251000000 AM','DD-MON-RR HH.MI.SS.FF AM'),null,to_timestamp('19-JAN-16 11.05.01.252000000 AM','DD-MON-RR HH.MI.SS.FF AM'),'Mustafa',null,null,null,'570031515304472');
Insert into ICC_FOLDER_AUD (ID,REV,REVTYPE,ACTIVE,CREATION_DATE,DESCRIPTION,MODIFICATION_DATE,NAME,PARENT_FOLDER_ID,CREATED_BY,MODIFIED_BY,RIGHTS_ID) values ('1274265211951711',209,1,1,to_timestamp('27-JAN-16 02.42.14.920000000 PM','DD-MON-RR HH.MI.SS.FF AM'),null,to_timestamp('27-JAN-16 02.42.14.920000000 PM','DD-MON-RR HH.MI.SS.FF AM'),'AKIN',null,null,null,'1274265219756685');
Insert into ICC_FOLDER_AUD (ID,REV,REVTYPE,ACTIVE,CREATION_DATE,DESCRIPTION,MODIFICATION_DATE,NAME,PARENT_FOLDER_ID,CREATED_BY,MODIFIED_BY,RIGHTS_ID) values ('6025943686537829',321,0,1,to_timestamp('22-MAR-16 02.36.53.337000000 PM','DD-MON-RR HH.MI.SS.FF AM'),null,to_timestamp('22-MAR-16 02.36.53.337000000 PM','DD-MON-RR HH.MI.SS.FF AM'),'burhan','5322984514833837','3665522859412','3665522859412','6025943686519490');
Insert into ICC_FOLDER_AUD (ID,REV,REVTYPE,ACTIVE,CREATION_DATE,DESCRIPTION,MODIFICATION_DATE,NAME,PARENT_FOLDER_ID,CREATED_BY,MODIFIED_BY,RIGHTS_ID) values ('5322984514833837',321,1,1,to_timestamp('14-MAR-16 11.20.54.185000000 AM','DD-MON-RR HH.MI.SS.FF AM'),'deneme ama�l?d?r',to_timestamp('14-MAR-16 11.41.06.915000000 AM','DD-MON-RR HH.MI.SS.FF AM'),'nazl?',null,'3665522859412','3665522859412','5322984514811342');
Insert into ICC_FOLDER_AUD (ID,REV,REVTYPE,ACTIVE,CREATION_DATE,DESCRIPTION,MODIFICATION_DATE,NAME,PARENT_FOLDER_ID,CREATED_BY,MODIFIED_BY,RIGHTS_ID) values ('492825362067808',127,1,1,to_timestamp('18-JAN-16 01.38.15.089000000 PM','DD-MON-RR HH.MI.SS.FF AM'),null,to_timestamp('18-JAN-16 01.38.15.089000000 PM','DD-MON-RR HH.MI.SS.FF AM'),'Folder1',null,null,null,'492825362195000');
Insert into ICC_FOLDER_AUD (ID,REV,REVTYPE,ACTIVE,CREATION_DATE,DESCRIPTION,MODIFICATION_DATE,NAME,PARENT_FOLDER_ID,CREATED_BY,MODIFIED_BY,RIGHTS_ID) values ('570031515245223',153,0,1,to_timestamp('19-JAN-16 11.05.01.251000000 AM','DD-MON-RR HH.MI.SS.FF AM'),null,to_timestamp('19-JAN-16 11.05.01.252000000 AM','DD-MON-RR HH.MI.SS.FF AM'),'Test',null,null,null,'570031515304472');
Insert into ICC_FOLDER_AUD (ID,REV,REVTYPE,ACTIVE,CREATION_DATE,DESCRIPTION,MODIFICATION_DATE,NAME,PARENT_FOLDER_ID,CREATED_BY,MODIFIED_BY,RIGHTS_ID) values ('1274265211951711',206,1,1,to_timestamp('27-JAN-16 02.42.14.920000000 PM','DD-MON-RR HH.MI.SS.FF AM'),null,to_timestamp('27-JAN-16 02.42.14.920000000 PM','DD-MON-RR HH.MI.SS.FF AM'),'AKIN',null,null,null,'1274265219756685');
Insert into ICC_FOLDER_AUD (ID,REV,REVTYPE,ACTIVE,CREATION_DATE,DESCRIPTION,MODIFICATION_DATE,NAME,PARENT_FOLDER_ID,CREATED_BY,MODIFIED_BY,RIGHTS_ID) values ('1274265211951711',208,1,1,to_timestamp('27-JAN-16 02.42.14.920000000 PM','DD-MON-RR HH.MI.SS.FF AM'),null,to_timestamp('27-JAN-16 02.42.14.920000000 PM','DD-MON-RR HH.MI.SS.FF AM'),'AKIN',null,null,null,'1274265219756685');
Insert into ICC_FOLDER_AUD (ID,REV,REVTYPE,ACTIVE,CREATION_DATE,DESCRIPTION,MODIFICATION_DATE,NAME,PARENT_FOLDER_ID,CREATED_BY,MODIFIED_BY,RIGHTS_ID) values ('1274265211951711',223,1,1,to_timestamp('27-JAN-16 02.42.14.920000000 PM','DD-MON-RR HH.MI.SS.FF AM'),null,to_timestamp('27-JAN-16 02.42.14.920000000 PM','DD-MON-RR HH.MI.SS.FF AM'),'AKIN',null,null,null,'1274265219756685');
Insert into ICC_FOLDER_AUD (ID,REV,REVTYPE,ACTIVE,CREATION_DATE,DESCRIPTION,MODIFICATION_DATE,NAME,PARENT_FOLDER_ID,CREATED_BY,MODIFIED_BY,RIGHTS_ID) values ('3667379880071',245,1,1,to_timestamp('12-JAN-16 09.40.44.013000000 PM','DD-MON-RR HH.MI.SS.FF AM'),null,to_timestamp('12-JAN-16 09.40.44.013000000 PM','DD-MON-RR HH.MI.SS.FF AM'),'Test',null,null,null,'3667405909685');
Insert into ICC_FOLDER_AUD (ID,REV,REVTYPE,ACTIVE,CREATION_DATE,DESCRIPTION,MODIFICATION_DATE,NAME,PARENT_FOLDER_ID,CREATED_BY,MODIFIED_BY,RIGHTS_ID) values ('3667379880071',246,1,1,to_timestamp('12-JAN-16 09.40.44.013000000 PM','DD-MON-RR HH.MI.SS.FF AM'),null,to_timestamp('12-JAN-16 09.40.44.013000000 PM','DD-MON-RR HH.MI.SS.FF AM'),'Test',null,null,null,'3667405909685');
Insert into ICC_FOLDER_AUD (ID,REV,REVTYPE,ACTIVE,CREATION_DATE,DESCRIPTION,MODIFICATION_DATE,NAME,PARENT_FOLDER_ID,CREATED_BY,MODIFIED_BY,RIGHTS_ID) values ('3667379880071',247,1,1,to_timestamp('12-JAN-16 09.40.44.013000000 PM','DD-MON-RR HH.MI.SS.FF AM'),null,to_timestamp('12-JAN-16 09.40.44.013000000 PM','DD-MON-RR HH.MI.SS.FF AM'),'Test',null,null,null,'3667405909685');
Insert into ICC_FOLDER_AUD (ID,REV,REVTYPE,ACTIVE,CREATION_DATE,DESCRIPTION,MODIFICATION_DATE,NAME,PARENT_FOLDER_ID,CREATED_BY,MODIFIED_BY,RIGHTS_ID) values ('3667379880071',248,1,1,to_timestamp('12-JAN-16 09.40.44.013000000 PM','DD-MON-RR HH.MI.SS.FF AM'),null,to_timestamp('12-JAN-16 09.40.44.013000000 PM','DD-MON-RR HH.MI.SS.FF AM'),'Test',null,null,null,'3667405909685');
Insert into ICC_FOLDER_AUD (ID,REV,REVTYPE,ACTIVE,CREATION_DATE,DESCRIPTION,MODIFICATION_DATE,NAME,PARENT_FOLDER_ID,CREATED_BY,MODIFIED_BY,RIGHTS_ID) values ('5167118273802908',249,0,1,to_timestamp('12-MAR-16 04.03.07.948000000 PM','DD-MON-RR HH.MI.SS.FF AM'),'created by burhan',to_timestamp('12-MAR-16 04.03.07.948000000 PM','DD-MON-RR HH.MI.SS.FF AM'),'Burhan',null,'3665522859412','3665522859412','5167118273780507');
Insert into ICC_FOLDER_AUD (ID,REV,REVTYPE,ACTIVE,CREATION_DATE,DESCRIPTION,MODIFICATION_DATE,NAME,PARENT_FOLDER_ID,CREATED_BY,MODIFIED_BY,RIGHTS_ID) values ('5167145692910743',250,0,1,to_timestamp('12-MAR-16 04.03.35.367000000 PM','DD-MON-RR HH.MI.SS.FF AM'),'created by burhan',to_timestamp('12-MAR-16 04.03.35.367000000 PM','DD-MON-RR HH.MI.SS.FF AM'),'Burhan',null,'3665522859412','3665522859412','5167145692889250');
Insert into ICC_FOLDER_AUD (ID,REV,REVTYPE,ACTIVE,CREATION_DATE,DESCRIPTION,MODIFICATION_DATE,NAME,PARENT_FOLDER_ID,CREATED_BY,MODIFIED_BY,RIGHTS_ID) values ('5167224072674115',251,0,1,to_timestamp('12-MAR-16 04.04.53.746000000 PM','DD-MON-RR HH.MI.SS.FF AM'),'created by burhan',to_timestamp('12-MAR-16 04.04.53.746000000 PM','DD-MON-RR HH.MI.SS.FF AM'),'TEST',null,'3665522859412','3665522859412','5167224072647523');
Insert into ICC_FOLDER_AUD (ID,REV,REVTYPE,ACTIVE,CREATION_DATE,DESCRIPTION,MODIFICATION_DATE,NAME,PARENT_FOLDER_ID,CREATED_BY,MODIFIED_BY,RIGHTS_ID) values ('5167439300098861',252,0,1,to_timestamp('12-MAR-16 04.08.28.973000000 PM','DD-MON-RR HH.MI.SS.FF AM'),null,to_timestamp('12-MAR-16 04.08.28.973000000 PM','DD-MON-RR HH.MI.SS.FF AM'),'test','5167118273802908','3665522859412','3665522859412','5167439300078936');
Insert into ICC_FOLDER_AUD (ID,REV,REVTYPE,ACTIVE,CREATION_DATE,DESCRIPTION,MODIFICATION_DATE,NAME,PARENT_FOLDER_ID,CREATED_BY,MODIFIED_BY,RIGHTS_ID) values ('5167118273802908',252,1,1,to_timestamp('12-MAR-16 04.03.07.948000000 PM','DD-MON-RR HH.MI.SS.FF AM'),'created by burhan',to_timestamp('12-MAR-16 04.03.07.948000000 PM','DD-MON-RR HH.MI.SS.FF AM'),'Burhan',null,'3665522859412','3665522859412','5167118273780507');
Insert into ICC_FOLDER_AUD (ID,REV,REVTYPE,ACTIVE,CREATION_DATE,DESCRIPTION,MODIFICATION_DATE,NAME,PARENT_FOLDER_ID,CREATED_BY,MODIFIED_BY,RIGHTS_ID) values ('5167145692910743',253,1,1,to_timestamp('12-MAR-16 04.03.35.367000000 PM','DD-MON-RR HH.MI.SS.FF AM'),'created by burhan asdasda',to_timestamp('12-MAR-16 04.28.40.002000000 PM','DD-MON-RR HH.MI.SS.FF AM'),'Burhan',null,'3665522859412','3665522859412','5167145692889250');
Insert into ICC_FOLDER_AUD (ID,REV,REVTYPE,ACTIVE,CREATION_DATE,DESCRIPTION,MODIFICATION_DATE,NAME,PARENT_FOLDER_ID,CREATED_BY,MODIFIED_BY,RIGHTS_ID) values ('5167145692910743',254,1,1,to_timestamp('12-MAR-16 04.03.35.367000000 PM','DD-MON-RR HH.MI.SS.FF AM'),'created by burhan asdasda eyah yeah o',to_timestamp('12-MAR-16 04.28.50.516000000 PM','DD-MON-RR HH.MI.SS.FF AM'),'Burhan',null,'3665522859412','3665522859412','5167145692889250');
Insert into ICC_FOLDER_AUD (ID,REV,REVTYPE,ACTIVE,CREATION_DATE,DESCRIPTION,MODIFICATION_DATE,NAME,PARENT_FOLDER_ID,CREATED_BY,MODIFIED_BY,RIGHTS_ID) values ('5173252750967794',260,0,1,to_timestamp('12-MAR-16 05.45.22.424000000 PM','DD-MON-RR HH.MI.SS.FF AM'),'by burhan',to_timestamp('12-MAR-16 05.45.22.424000000 PM','DD-MON-RR HH.MI.SS.FF AM'),'test','570031515245223','3665522859412','3665522859412','5173252750944917');
Insert into ICC_FOLDER_AUD (ID,REV,REVTYPE,ACTIVE,CREATION_DATE,DESCRIPTION,MODIFICATION_DATE,NAME,PARENT_FOLDER_ID,CREATED_BY,MODIFIED_BY,RIGHTS_ID) values ('570031515245223',260,1,1,to_timestamp('19-JAN-16 11.05.01.251000000 AM','DD-MON-RR HH.MI.SS.FF AM'),null,to_timestamp('19-JAN-16 11.05.01.252000000 AM','DD-MON-RR HH.MI.SS.FF AM'),'Mustafa',null,null,null,'570031515304472');
Insert into ICC_FOLDER_AUD (ID,REV,REVTYPE,ACTIVE,CREATION_DATE,DESCRIPTION,MODIFICATION_DATE,NAME,PARENT_FOLDER_ID,CREATED_BY,MODIFIED_BY,RIGHTS_ID) values ('5174619660425646',262,0,1,to_timestamp('12-MAR-16 06.08.09.334000000 PM','DD-MON-RR HH.MI.SS.FF AM'),'gfdsgfd',to_timestamp('12-MAR-16 06.08.09.334000000 PM','DD-MON-RR HH.MI.SS.FF AM'),'hakan test','570031515245223','3665522859412','3665522859412','5174619660403639');
Insert into ICC_FOLDER_AUD (ID,REV,REVTYPE,ACTIVE,CREATION_DATE,DESCRIPTION,MODIFICATION_DATE,NAME,PARENT_FOLDER_ID,CREATED_BY,MODIFIED_BY,RIGHTS_ID) values ('570031515245223',262,1,1,to_timestamp('19-JAN-16 11.05.01.251000000 AM','DD-MON-RR HH.MI.SS.FF AM'),null,to_timestamp('19-JAN-16 11.05.01.252000000 AM','DD-MON-RR HH.MI.SS.FF AM'),'Mustafa',null,null,null,'570031515304472');
Insert into ICC_FOLDER_AUD (ID,REV,REVTYPE,ACTIVE,CREATION_DATE,DESCRIPTION,MODIFICATION_DATE,NAME,PARENT_FOLDER_ID,CREATED_BY,MODIFIED_BY,RIGHTS_ID) values ('5174619660425646',263,1,1,to_timestamp('12-MAR-16 06.08.09.334000000 PM','DD-MON-RR HH.MI.SS.FF AM'),'gfdsgfd',to_timestamp('12-MAR-16 06.08.09.334000000 PM','DD-MON-RR HH.MI.SS.FF AM'),'hakan test','570031515245223','3665522859412','3665522859412','5174619660403639');
Insert into ICC_FOLDER_AUD (ID,REV,REVTYPE,ACTIVE,CREATION_DATE,DESCRIPTION,MODIFICATION_DATE,NAME,PARENT_FOLDER_ID,CREATED_BY,MODIFIED_BY,RIGHTS_ID) values ('5320672553326843',281,0,1,to_timestamp('14-MAR-16 10.42.22.214000000 AM','DD-MON-RR HH.MI.SS.FF AM'),'A�?klama',to_timestamp('14-MAR-16 10.42.22.214000000 AM','DD-MON-RR HH.MI.SS.FF AM'),'Klas�r','1274265211951711','3665522859412','3665522859412','5320672553303196');
Insert into ICC_FOLDER_AUD (ID,REV,REVTYPE,ACTIVE,CREATION_DATE,DESCRIPTION,MODIFICATION_DATE,NAME,PARENT_FOLDER_ID,CREATED_BY,MODIFIED_BY,RIGHTS_ID) values ('1274265211951711',281,1,1,to_timestamp('27-JAN-16 02.42.14.920000000 PM','DD-MON-RR HH.MI.SS.FF AM'),null,to_timestamp('27-JAN-16 02.42.14.920000000 PM','DD-MON-RR HH.MI.SS.FF AM'),'AKIN',null,null,null,'1274265219756685');
Insert into ICC_FOLDER_AUD (ID,REV,REVTYPE,ACTIVE,CREATION_DATE,DESCRIPTION,MODIFICATION_DATE,NAME,PARENT_FOLDER_ID,CREATED_BY,MODIFIED_BY,RIGHTS_ID) values ('5321212604764738',282,0,1,to_timestamp('14-MAR-16 10.51.22.271000000 AM','DD-MON-RR HH.MI.SS.FF AM'),'Test Description',to_timestamp('14-MAR-16 10.51.22.271000000 AM','DD-MON-RR HH.MI.SS.FF AM'),'Test Folder','1274265211951711','3665522859412','3665522859412','5321212604734632');
Insert into ICC_FOLDER_AUD (ID,REV,REVTYPE,ACTIVE,CREATION_DATE,DESCRIPTION,MODIFICATION_DATE,NAME,PARENT_FOLDER_ID,CREATED_BY,MODIFIED_BY,RIGHTS_ID) values ('1274265211951711',282,1,1,to_timestamp('27-JAN-16 02.42.14.920000000 PM','DD-MON-RR HH.MI.SS.FF AM'),null,to_timestamp('27-JAN-16 02.42.14.920000000 PM','DD-MON-RR HH.MI.SS.FF AM'),'AKIN',null,null,null,'1274265219756685');
Insert into ICC_FOLDER_AUD (ID,REV,REVTYPE,ACTIVE,CREATION_DATE,DESCRIPTION,MODIFICATION_DATE,NAME,PARENT_FOLDER_ID,CREATED_BY,MODIFIED_BY,RIGHTS_ID) values ('492825362067808',125,1,1,to_timestamp('18-JAN-16 01.38.15.089000000 PM','DD-MON-RR HH.MI.SS.FF AM'),null,to_timestamp('18-JAN-16 01.38.15.089000000 PM','DD-MON-RR HH.MI.SS.FF AM'),'Folder1',null,null,null,'492825362195000');
Insert into ICC_FOLDER_AUD (ID,REV,REVTYPE,ACTIVE,CREATION_DATE,DESCRIPTION,MODIFICATION_DATE,NAME,PARENT_FOLDER_ID,CREATED_BY,MODIFIED_BY,RIGHTS_ID) values ('492825362067808',128,1,1,to_timestamp('18-JAN-16 01.38.15.089000000 PM','DD-MON-RR HH.MI.SS.FF AM'),null,to_timestamp('18-JAN-16 01.38.15.089000000 PM','DD-MON-RR HH.MI.SS.FF AM'),'Folder1',null,null,null,'492825362195000');
Insert into ICC_FOLDER_AUD (ID,REV,REVTYPE,ACTIVE,CREATION_DATE,DESCRIPTION,MODIFICATION_DATE,NAME,PARENT_FOLDER_ID,CREATED_BY,MODIFIED_BY,RIGHTS_ID) values ('492825362067808',131,1,1,to_timestamp('18-JAN-16 01.38.15.089000000 PM','DD-MON-RR HH.MI.SS.FF AM'),null,to_timestamp('18-JAN-16 01.38.15.089000000 PM','DD-MON-RR HH.MI.SS.FF AM'),'Folder1',null,null,null,'492825362195000');
Insert into ICC_FOLDER_AUD (ID,REV,REVTYPE,ACTIVE,CREATION_DATE,DESCRIPTION,MODIFICATION_DATE,NAME,PARENT_FOLDER_ID,CREATED_BY,MODIFIED_BY,RIGHTS_ID) values ('492825362067808',143,1,1,to_timestamp('18-JAN-16 01.38.15.089000000 PM','DD-MON-RR HH.MI.SS.FF AM'),null,to_timestamp('18-JAN-16 01.38.15.089000000 PM','DD-MON-RR HH.MI.SS.FF AM'),'Folder1',null,null,null,'492825362195000');
Insert into ICC_FOLDER_AUD (ID,REV,REVTYPE,ACTIVE,CREATION_DATE,DESCRIPTION,MODIFICATION_DATE,NAME,PARENT_FOLDER_ID,CREATED_BY,MODIFIED_BY,RIGHTS_ID) values ('5322984514833837',284,0,1,to_timestamp('14-MAR-16 11.20.54.185000000 AM','DD-MON-RR HH.MI.SS.FF AM'),'deneme ama�l?d?r',to_timestamp('14-MAR-16 11.20.54.185000000 AM','DD-MON-RR HH.MI.SS.FF AM'),'nazl?',null,'3665522859412','3665522859412','5322984514811342');
Insert into ICC_FOLDER_AUD (ID,REV,REVTYPE,ACTIVE,CREATION_DATE,DESCRIPTION,MODIFICATION_DATE,NAME,PARENT_FOLDER_ID,CREATED_BY,MODIFIED_BY,RIGHTS_ID) values ('5323711569740820',286,0,1,to_timestamp('14-MAR-16 11.33.01.240000000 AM','DD-MON-RR HH.MI.SS.FF AM'),null,to_timestamp('14-MAR-16 11.33.01.240000000 AM','DD-MON-RR HH.MI.SS.FF AM'),'xxx',null,'3665522859412','3665522859412','5323711569711354');
Insert into ICC_FOLDER_AUD (ID,REV,REVTYPE,ACTIVE,CREATION_DATE,DESCRIPTION,MODIFICATION_DATE,NAME,PARENT_FOLDER_ID,CREATED_BY,MODIFIED_BY,RIGHTS_ID) values ('5322984514833837',288,1,1,to_timestamp('14-MAR-16 11.20.54.185000000 AM','DD-MON-RR HH.MI.SS.FF AM'),'deneme ama�l?d?r',to_timestamp('14-MAR-16 11.20.54.185000000 AM','DD-MON-RR HH.MI.SS.FF AM'),'nazl?',null,'3665522859412','3665522859412','5322984514811342');
Insert into ICC_FOLDER_AUD (ID,REV,REVTYPE,ACTIVE,CREATION_DATE,DESCRIPTION,MODIFICATION_DATE,NAME,PARENT_FOLDER_ID,CREATED_BY,MODIFIED_BY,RIGHTS_ID) values ('5322984514833837',291,1,1,to_timestamp('14-MAR-16 11.20.54.185000000 AM','DD-MON-RR HH.MI.SS.FF AM'),'deneme ama�l?d?r',to_timestamp('14-MAR-16 11.40.03.829000000 AM','DD-MON-RR HH.MI.SS.FF AM'),'nazl??',null,'3665522859412','3665522859412','5322984514811342');
Insert into ICC_FOLDER_AUD (ID,REV,REVTYPE,ACTIVE,CREATION_DATE,DESCRIPTION,MODIFICATION_DATE,NAME,PARENT_FOLDER_ID,CREATED_BY,MODIFIED_BY,RIGHTS_ID) values ('5322984514833837',292,1,1,to_timestamp('14-MAR-16 11.20.54.185000000 AM','DD-MON-RR HH.MI.SS.FF AM'),'deneme ama�l?d?r',to_timestamp('14-MAR-16 11.41.06.915000000 AM','DD-MON-RR HH.MI.SS.FF AM'),'nazl?',null,'3665522859412','3665522859412','5322984514811342');
Insert into ICC_FOLDER_AUD (ID,REV,REVTYPE,ACTIVE,CREATION_DATE,DESCRIPTION,MODIFICATION_DATE,NAME,PARENT_FOLDER_ID,CREATED_BY,MODIFIED_BY,RIGHTS_ID) values ('5324335990106755',293,0,1,to_timestamp('14-MAR-16 11.43.25.662000000 AM','DD-MON-RR HH.MI.SS.FF AM'),'sorgu1',to_timestamp('14-MAR-16 11.43.25.662000000 AM','DD-MON-RR HH.MI.SS.FF AM'),'SORGU1',null,'3665522859412','3665522859412','5324335990086395');
Insert into ICC_FOLDER_AUD (ID,REV,REVTYPE,ACTIVE,CREATION_DATE,DESCRIPTION,MODIFICATION_DATE,NAME,PARENT_FOLDER_ID,CREATED_BY,MODIFIED_BY,RIGHTS_ID) values ('5324335990106755',294,1,1,to_timestamp('14-MAR-16 11.43.25.662000000 AM','DD-MON-RR HH.MI.SS.FF AM'),'sorgu1',to_timestamp('14-MAR-16 11.43.25.662000000 AM','DD-MON-RR HH.MI.SS.FF AM'),'SORGU1',null,'3665522859412','3665522859412','5324335990086395');
Insert into ICC_FOLDER_AUD (ID,REV,REVTYPE,ACTIVE,CREATION_DATE,DESCRIPTION,MODIFICATION_DATE,NAME,PARENT_FOLDER_ID,CREATED_BY,MODIFIED_BY,RIGHTS_ID) values ('5324335990106755',295,1,1,to_timestamp('14-MAR-16 11.43.25.662000000 AM','DD-MON-RR HH.MI.SS.FF AM'),'sorgu1',to_timestamp('14-MAR-16 11.47.55.184000000 AM','DD-MON-RR HH.MI.SS.FF AM'),'SORGU1111',null,'3665522859412','3665522859412','5324335990086395');
Insert into ICC_FOLDER_AUD (ID,REV,REVTYPE,ACTIVE,CREATION_DATE,DESCRIPTION,MODIFICATION_DATE,NAME,PARENT_FOLDER_ID,CREATED_BY,MODIFIED_BY,RIGHTS_ID) values ('1274265211951711',308,1,1,to_timestamp('27-JAN-16 02.42.14.920000000 PM','DD-MON-RR HH.MI.SS.FF AM'),'xxxxx',to_timestamp('14-MAR-16 03.44.49.641000000 PM','DD-MON-RR HH.MI.SS.FF AM'),'AKIN',null,null,'3665522859412','1274265219756685');
Insert into ICC_FOLDER_AUD (ID,REV,REVTYPE,ACTIVE,CREATION_DATE,DESCRIPTION,MODIFICATION_DATE,NAME,PARENT_FOLDER_ID,CREATED_BY,MODIFIED_BY,RIGHTS_ID) values ('5320672553326843',308,2,null,null,null,null,null,null,null,null,null);
Insert into ICC_FOLDER_AUD (ID,REV,REVTYPE,ACTIVE,CREATION_DATE,DESCRIPTION,MODIFICATION_DATE,NAME,PARENT_FOLDER_ID,CREATED_BY,MODIFIED_BY,RIGHTS_ID) values ('5321212604764738',308,2,null,null,null,null,null,null,null,null,null);
Insert into ICC_FOLDER_AUD (ID,REV,REVTYPE,ACTIVE,CREATION_DATE,DESCRIPTION,MODIFICATION_DATE,NAME,PARENT_FOLDER_ID,CREATED_BY,MODIFIED_BY,RIGHTS_ID) values ('5604893412277048',319,0,1,to_timestamp('17-MAR-16 05.39.23.067000000 PM','DD-MON-RR HH.MI.SS.FF AM'),'kjhkjhkhk',to_timestamp('17-MAR-16 05.39.23.067000000 PM','DD-MON-RR HH.MI.SS.FF AM'),'xxxxxxxx','570031515245223','3665522859412','3665522859412','5604893412198451');
Insert into ICC_FOLDER_AUD (ID,REV,REVTYPE,ACTIVE,CREATION_DATE,DESCRIPTION,MODIFICATION_DATE,NAME,PARENT_FOLDER_ID,CREATED_BY,MODIFIED_BY,RIGHTS_ID) values ('570031515245223',319,1,1,to_timestamp('19-JAN-16 11.05.01.251000000 AM','DD-MON-RR HH.MI.SS.FF AM'),null,to_timestamp('19-JAN-16 11.05.01.252000000 AM','DD-MON-RR HH.MI.SS.FF AM'),'Mustafa',null,null,null,'570031515304472');
Insert into ICC_FOLDER_AUD (ID,REV,REVTYPE,ACTIVE,CREATION_DATE,DESCRIPTION,MODIFICATION_DATE,NAME,PARENT_FOLDER_ID,CREATED_BY,MODIFIED_BY,RIGHTS_ID) values ('3667379880071',88,0,1,to_timestamp('12-JAN-16 09.40.44.013000000 PM','DD-MON-RR HH.MI.SS.FF AM'),null,to_timestamp('12-JAN-16 09.40.44.013000000 PM','DD-MON-RR HH.MI.SS.FF AM'),'Test',null,null,null,'3667405909685');
Insert into ICC_FOLDER_AUD (ID,REV,REVTYPE,ACTIVE,CREATION_DATE,DESCRIPTION,MODIFICATION_DATE,NAME,PARENT_FOLDER_ID,CREATED_BY,MODIFIED_BY,RIGHTS_ID) values ('3667379880071',89,1,1,to_timestamp('12-JAN-16 09.40.44.013000000 PM','DD-MON-RR HH.MI.SS.FF AM'),null,to_timestamp('12-JAN-16 09.40.44.013000000 PM','DD-MON-RR HH.MI.SS.FF AM'),'Test',null,null,null,'3667405909685');
Insert into ICC_FOLDER_AUD (ID,REV,REVTYPE,ACTIVE,CREATION_DATE,DESCRIPTION,MODIFICATION_DATE,NAME,PARENT_FOLDER_ID,CREATED_BY,MODIFIED_BY,RIGHTS_ID) values ('3667379880071',90,1,1,to_timestamp('12-JAN-16 09.40.44.013000000 PM','DD-MON-RR HH.MI.SS.FF AM'),null,to_timestamp('12-JAN-16 09.40.44.013000000 PM','DD-MON-RR HH.MI.SS.FF AM'),'Test',null,null,null,'3667405909685');
Insert into ICC_FOLDER_AUD (ID,REV,REVTYPE,ACTIVE,CREATION_DATE,DESCRIPTION,MODIFICATION_DATE,NAME,PARENT_FOLDER_ID,CREATED_BY,MODIFIED_BY,RIGHTS_ID) values ('3667379880071',91,1,1,to_timestamp('12-JAN-16 09.40.44.013000000 PM','DD-MON-RR HH.MI.SS.FF AM'),null,to_timestamp('12-JAN-16 09.40.44.013000000 PM','DD-MON-RR HH.MI.SS.FF AM'),'Test',null,null,null,'3667405909685');
Insert into ICC_FOLDER_AUD (ID,REV,REVTYPE,ACTIVE,CREATION_DATE,DESCRIPTION,MODIFICATION_DATE,NAME,PARENT_FOLDER_ID,CREATED_BY,MODIFIED_BY,RIGHTS_ID) values ('3667379880071',92,1,1,to_timestamp('12-JAN-16 09.40.44.013000000 PM','DD-MON-RR HH.MI.SS.FF AM'),null,to_timestamp('12-JAN-16 09.40.44.013000000 PM','DD-MON-RR HH.MI.SS.FF AM'),'Test',null,null,null,'3667405909685');
Insert into ICC_FOLDER_AUD (ID,REV,REVTYPE,ACTIVE,CREATION_DATE,DESCRIPTION,MODIFICATION_DATE,NAME,PARENT_FOLDER_ID,CREATED_BY,MODIFIED_BY,RIGHTS_ID) values ('1274265211951711',204,0,1,to_timestamp('27-JAN-16 02.42.14.920000000 PM','DD-MON-RR HH.MI.SS.FF AM'),null,to_timestamp('27-JAN-16 02.42.14.920000000 PM','DD-MON-RR HH.MI.SS.FF AM'),'AKIN',null,null,null,'1274265219756685');
Insert into ICC_FOLDER_AUD (ID,REV,REVTYPE,ACTIVE,CREATION_DATE,DESCRIPTION,MODIFICATION_DATE,NAME,PARENT_FOLDER_ID,CREATED_BY,MODIFIED_BY,RIGHTS_ID) values ('492825362067808',124,0,1,to_timestamp('18-JAN-16 01.38.15.089000000 PM','DD-MON-RR HH.MI.SS.FF AM'),null,to_timestamp('18-JAN-16 01.38.15.089000000 PM','DD-MON-RR HH.MI.SS.FF AM'),'Folder1',null,null,null,'492825362195000');
Insert into ICC_FOLDER_AUD (ID,REV,REVTYPE,ACTIVE,CREATION_DATE,DESCRIPTION,MODIFICATION_DATE,NAME,PARENT_FOLDER_ID,CREATED_BY,MODIFIED_BY,RIGHTS_ID) values ('492825362067808',129,1,1,to_timestamp('18-JAN-16 01.38.15.089000000 PM','DD-MON-RR HH.MI.SS.FF AM'),null,to_timestamp('18-JAN-16 01.38.15.089000000 PM','DD-MON-RR HH.MI.SS.FF AM'),'Folder1',null,null,null,'492825362195000');
Insert into ICC_FOLDER_AUD (ID,REV,REVTYPE,ACTIVE,CREATION_DATE,DESCRIPTION,MODIFICATION_DATE,NAME,PARENT_FOLDER_ID,CREATED_BY,MODIFIED_BY,RIGHTS_ID) values ('3667379880071',134,1,1,to_timestamp('12-JAN-16 09.40.44.013000000 PM','DD-MON-RR HH.MI.SS.FF AM'),null,to_timestamp('12-JAN-16 09.40.44.013000000 PM','DD-MON-RR HH.MI.SS.FF AM'),'Test',null,null,null,'3667405909685');
Insert into ICC_FOLDER_AUD (ID,REV,REVTYPE,ACTIVE,CREATION_DATE,DESCRIPTION,MODIFICATION_DATE,NAME,PARENT_FOLDER_ID,CREATED_BY,MODIFIED_BY,RIGHTS_ID) values ('654641949563382',162,0,1,to_timestamp('20-JAN-16 10.35.11.682000000 AM','DD-MON-RR HH.MI.SS.FF AM'),null,to_timestamp('20-JAN-16 10.35.11.682000000 AM','DD-MON-RR HH.MI.SS.FF AM'),'Multi Key Test',null,null,null,'654641983962980');
Insert into ICC_FOLDER_AUD (ID,REV,REVTYPE,ACTIVE,CREATION_DATE,DESCRIPTION,MODIFICATION_DATE,NAME,PARENT_FOLDER_ID,CREATED_BY,MODIFIED_BY,RIGHTS_ID) values ('654641949563382',163,2,null,null,null,null,null,null,null,null,null);
Insert into ICC_FOLDER_AUD (ID,REV,REVTYPE,ACTIVE,CREATION_DATE,DESCRIPTION,MODIFICATION_DATE,NAME,PARENT_FOLDER_ID,CREATED_BY,MODIFIED_BY,RIGHTS_ID) values ('570031515245223',170,1,1,to_timestamp('19-JAN-16 11.05.01.251000000 AM','DD-MON-RR HH.MI.SS.FF AM'),null,to_timestamp('19-JAN-16 11.05.01.252000000 AM','DD-MON-RR HH.MI.SS.FF AM'),'Mustafa',null,null,null,'570031515304472');
Insert into ICC_FOLDER_AUD (ID,REV,REVTYPE,ACTIVE,CREATION_DATE,DESCRIPTION,MODIFICATION_DATE,NAME,PARENT_FOLDER_ID,CREATED_BY,MODIFIED_BY,RIGHTS_ID) values ('570031515245223',182,1,1,to_timestamp('19-JAN-16 11.05.01.251000000 AM','DD-MON-RR HH.MI.SS.FF AM'),null,to_timestamp('19-JAN-16 11.05.01.252000000 AM','DD-MON-RR HH.MI.SS.FF AM'),'Mustafa',null,null,null,'570031515304472');
Insert into ICC_FOLDER_AUD (ID,REV,REVTYPE,ACTIVE,CREATION_DATE,DESCRIPTION,MODIFICATION_DATE,NAME,PARENT_FOLDER_ID,CREATED_BY,MODIFIED_BY,RIGHTS_ID) values ('1274265211951711',205,1,1,to_timestamp('27-JAN-16 02.42.14.920000000 PM','DD-MON-RR HH.MI.SS.FF AM'),null,to_timestamp('27-JAN-16 02.42.14.920000000 PM','DD-MON-RR HH.MI.SS.FF AM'),'AKIN',null,null,null,'1274265219756685');
Insert into ICC_FOLDER_AUD (ID,REV,REVTYPE,ACTIVE,CREATION_DATE,DESCRIPTION,MODIFICATION_DATE,NAME,PARENT_FOLDER_ID,CREATED_BY,MODIFIED_BY,RIGHTS_ID) values ('1274265211951711',207,1,1,to_timestamp('27-JAN-16 02.42.14.920000000 PM','DD-MON-RR HH.MI.SS.FF AM'),null,to_timestamp('27-JAN-16 02.42.14.920000000 PM','DD-MON-RR HH.MI.SS.FF AM'),'AKIN',null,null,null,'1274265219756685');
REM INSERTING into ICC_JOB
SET DEFINE OFF;
Insert into ICC_JOB (ID,PRIORITY,ACTIVE,CREATION_DATE,DESCRIPTION,MODIFICATION_DATE,NAME,APPROVER_ID,FOLDER_ID,CREATED_BY,MODIFIED_BY,RIGHTS_ID,TEMPLATE_ID) values ('498472340152934','Normal',1,to_timestamp('18-JAN-16 03.12.22.081000000 PM','DD-MON-RR HH.MI.SS.FF AM'),'MustafaJob2',to_timestamp('18-JAN-16 03.12.22.082000000 PM','DD-MON-RR HH.MI.SS.FF AM'),'MustafaJob2','3665522859412','492825362067808',null,null,'498472340514927','3666715969282');
Insert into ICC_JOB (ID,PRIORITY,ACTIVE,CREATION_DATE,DESCRIPTION,MODIFICATION_DATE,NAME,APPROVER_ID,FOLDER_ID,CREATED_BY,MODIFIED_BY,RIGHTS_ID,TEMPLATE_ID) values ('566773761014480','Normal',1,to_timestamp('19-JAN-16 10.10.43.497000000 AM','DD-MON-RR HH.MI.SS.FF AM'),'MustafaJob',to_timestamp('26-JAN-16 02.17.08.487000000 PM','DD-MON-RR HH.MI.SS.FF AM'),'ReadSourceJob','3665522859412','570031515245223',null,null,'566773761286078','3666715969282');
Insert into ICC_JOB (ID,PRIORITY,ACTIVE,CREATION_DATE,DESCRIPTION,MODIFICATION_DATE,NAME,APPROVER_ID,FOLDER_ID,CREATED_BY,MODIFIED_BY,RIGHTS_ID,TEMPLATE_ID) values ('567654282094920','Normal',1,to_timestamp('19-JAN-16 10.25.24.019000000 AM','DD-MON-RR HH.MI.SS.FF AM'),'ReadTargetJob',to_timestamp('26-JAN-16 02.17.24.869000000 PM','DD-MON-RR HH.MI.SS.FF AM'),'ReadTargetJob','3665522859412','570031515245223',null,null,'567654282998203','3666715969282');
Insert into ICC_JOB (ID,PRIORITY,ACTIVE,CREATION_DATE,DESCRIPTION,MODIFICATION_DATE,NAME,APPROVER_ID,FOLDER_ID,CREATED_BY,MODIFIED_BY,RIGHTS_ID,TEMPLATE_ID) values ('567864388346849','Normal',1,to_timestamp('19-JAN-16 10.28.54.127000000 AM','DD-MON-RR HH.MI.SS.FF AM'),'WriteJob',to_timestamp('26-JAN-16 02.17.37.908000000 PM','DD-MON-RR HH.MI.SS.FF AM'),'WriteJob','3665522859412','570031515245223',null,null,'567864390649439','3667021362874');
Insert into ICC_JOB (ID,PRIORITY,ACTIVE,CREATION_DATE,DESCRIPTION,MODIFICATION_DATE,NAME,APPROVER_ID,FOLDER_ID,CREATED_BY,MODIFIED_BY,RIGHTS_ID,TEMPLATE_ID) values ('496917840404377','Normal',1,to_timestamp('18-JAN-16 02.46.27.583000000 PM','DD-MON-RR HH.MI.SS.FF AM'),'Test job 2 desc',to_timestamp('18-JAN-16 02.46.27.584000000 PM','DD-MON-RR HH.MI.SS.FF AM'),'BurhanTestJob2','3665522859412','492825362067808',null,null,'496917841241985','3666949628141');
Insert into ICC_JOB (ID,PRIORITY,ACTIVE,CREATION_DATE,DESCRIPTION,MODIFICATION_DATE,NAME,APPROVER_ID,FOLDER_ID,CREATED_BY,MODIFIED_BY,RIGHTS_ID,TEMPLATE_ID) values ('2004239196276238','Normal',1,to_timestamp('05-FEB-16 01.28.28.898000000 AM','DD-MON-RR HH.MI.SS.FF AM'),'xcvxc',to_timestamp('05-FEB-16 01.28.28.898000000 AM','DD-MON-RR HH.MI.SS.FF AM'),'xdv','3665522859412',null,null,null,'2004239196705478','3666715969282');
Insert into ICC_JOB (ID,PRIORITY,ACTIVE,CREATION_DATE,DESCRIPTION,MODIFICATION_DATE,NAME,APPROVER_ID,FOLDER_ID,CREATED_BY,MODIFIED_BY,RIGHTS_ID,TEMPLATE_ID) values ('496237668077457','Normal',1,to_timestamp('18-JAN-16 02.35.07.411000000 PM','DD-MON-RR HH.MI.SS.FF AM'),'Test job desc.',to_timestamp('18-JAN-16 02.35.07.441000000 PM','DD-MON-RR HH.MI.SS.FF AM'),'BurhanTestJob','3665522859412','492825362067808',null,null,'496237669812628','3666949628141');
Insert into ICC_JOB (ID,PRIORITY,ACTIVE,CREATION_DATE,DESCRIPTION,MODIFICATION_DATE,NAME,APPROVER_ID,FOLDER_ID,CREATED_BY,MODIFIED_BY,RIGHTS_ID,TEMPLATE_ID) values ('496526143859139','Normal',1,to_timestamp('18-JAN-16 04.12.15.956000000 PM','DD-MON-RR HH.MI.SS.FF AM'),'Test job desc.',to_timestamp('18-JAN-16 04.12.15.957000000 PM','DD-MON-RR HH.MI.SS.FF AM'),'AkinTestJob','3665522859412',null,null,null,'502066215817308','3666949628141');
Insert into ICC_JOB (ID,PRIORITY,ACTIVE,CREATION_DATE,DESCRIPTION,MODIFICATION_DATE,NAME,APPROVER_ID,FOLDER_ID,CREATED_BY,MODIFIED_BY,RIGHTS_ID,TEMPLATE_ID) values ('497303529502052','Normal',1,to_timestamp('18-JAN-16 02.52.53.270000000 PM','DD-MON-RR HH.MI.SS.FF AM'),'Test job3 desc',to_timestamp('18-JAN-16 02.52.53.271000000 PM','DD-MON-RR HH.MI.SS.FF AM'),'BurhanTestJob3','3665522859412','492825362067808',null,null,'497303529743262','3666949628141');
Insert into ICC_JOB (ID,PRIORITY,ACTIVE,CREATION_DATE,DESCRIPTION,MODIFICATION_DATE,NAME,APPROVER_ID,FOLDER_ID,CREATED_BY,MODIFIED_BY,RIGHTS_ID,TEMPLATE_ID) values ('498578187403761','Normal',1,to_timestamp('18-JAN-16 03.14.07.929000000 PM','DD-MON-RR HH.MI.SS.FF AM'),'MustafaJob3',to_timestamp('18-JAN-16 03.14.07.929000000 PM','DD-MON-RR HH.MI.SS.FF AM'),'MustafaJob3','3665522859412','492825362067808',null,null,'498578187668750','3666715969282');
Insert into ICC_JOB (ID,PRIORITY,ACTIVE,CREATION_DATE,DESCRIPTION,MODIFICATION_DATE,NAME,APPROVER_ID,FOLDER_ID,CREATED_BY,MODIFIED_BY,RIGHTS_ID,TEMPLATE_ID) values ('506996701572044','Normal',1,to_timestamp('18-JAN-16 05.34.26.442000000 PM','DD-MON-RR HH.MI.SS.FF AM'),'sql job created by burhan',to_timestamp('18-JAN-16 05.34.26.442000000 PM','DD-MON-RR HH.MI.SS.FF AM'),'SqlJob','3665522859412','492825362067808',null,null,'506996701786245','3666715969282');
Insert into ICC_JOB (ID,PRIORITY,ACTIVE,CREATION_DATE,DESCRIPTION,MODIFICATION_DATE,NAME,APPROVER_ID,FOLDER_ID,CREATED_BY,MODIFIED_BY,RIGHTS_ID,TEMPLATE_ID) values ('4369538710743545','Normal',1,to_timestamp('03-MAR-16 10.30.08.380000000 AM','DD-MON-RR HH.MI.SS.FF AM'),'nnn',to_timestamp('03-MAR-16 10.30.08.380000000 AM','DD-MON-RR HH.MI.SS.FF AM'),'vvv','3665522859412',null,null,null,'4369538711042049','3666715969282');
Insert into ICC_JOB (ID,PRIORITY,ACTIVE,CREATION_DATE,DESCRIPTION,MODIFICATION_DATE,NAME,APPROVER_ID,FOLDER_ID,CREATED_BY,MODIFIED_BY,RIGHTS_ID,TEMPLATE_ID) values ('3668123386172','Normal',1,to_timestamp('12-JAN-16 09.40.44.756000000 PM','DD-MON-RR HH.MI.SS.FF AM'),null,to_timestamp('12-JAN-16 09.40.44.756000000 PM','DD-MON-RR HH.MI.SS.FF AM'),'Load TEST1 Data',null,'3667379880071',null,null,'3668143064773','3666715969282');
Insert into ICC_JOB (ID,PRIORITY,ACTIVE,CREATION_DATE,DESCRIPTION,MODIFICATION_DATE,NAME,APPROVER_ID,FOLDER_ID,CREATED_BY,MODIFIED_BY,RIGHTS_ID,TEMPLATE_ID) values ('3668601689321','Normal',1,to_timestamp('12-JAN-16 09.40.45.234000000 PM','DD-MON-RR HH.MI.SS.FF AM'),null,to_timestamp('12-JAN-16 09.40.45.234000000 PM','DD-MON-RR HH.MI.SS.FF AM'),'Load TEST2 Data',null,'3667379880071',null,null,'3668603587765','3666715969282');
Insert into ICC_JOB (ID,PRIORITY,ACTIVE,CREATION_DATE,DESCRIPTION,MODIFICATION_DATE,NAME,APPROVER_ID,FOLDER_ID,CREATED_BY,MODIFIED_BY,RIGHTS_ID,TEMPLATE_ID) values ('3668835459593','Normal',1,to_timestamp('12-JAN-16 09.40.45.468000000 PM','DD-MON-RR HH.MI.SS.FF AM'),null,to_timestamp('12-JAN-16 09.40.45.468000000 PM','DD-MON-RR HH.MI.SS.FF AM'),'Compare TEST1 and TEST2',null,'3667379880071',null,null,'3668837513797','3666949628141');
Insert into ICC_JOB (ID,PRIORITY,ACTIVE,CREATION_DATE,DESCRIPTION,MODIFICATION_DATE,NAME,APPROVER_ID,FOLDER_ID,CREATED_BY,MODIFIED_BY,RIGHTS_ID,TEMPLATE_ID) values ('3669035609201','Normal',1,to_timestamp('12-JAN-16 09.40.45.668000000 PM','DD-MON-RR HH.MI.SS.FF AM'),null,to_timestamp('12-JAN-16 09.40.45.668000000 PM','DD-MON-RR HH.MI.SS.FF AM'),'Write Data',null,'3667379880071',null,null,'3669038193890','3667021362874');
Insert into ICC_JOB (ID,PRIORITY,ACTIVE,CREATION_DATE,DESCRIPTION,MODIFICATION_DATE,NAME,APPROVER_ID,FOLDER_ID,CREATED_BY,MODIFIED_BY,RIGHTS_ID,TEMPLATE_ID) values ('498435580873058','Normal',1,to_timestamp('18-JAN-16 03.11.45.323000000 PM','DD-MON-RR HH.MI.SS.FF AM'),'MustafaJob',to_timestamp('18-JAN-16 03.11.45.324000000 PM','DD-MON-RR HH.MI.SS.FF AM'),'MustafaJob','3665522859412','492825362067808',null,null,'498435581696726','3666715969282');
Insert into ICC_JOB (ID,PRIORITY,ACTIVE,CREATION_DATE,DESCRIPTION,MODIFICATION_DATE,NAME,APPROVER_ID,FOLDER_ID,CREATED_BY,MODIFIED_BY,RIGHTS_ID,TEMPLATE_ID) values ('498648434375338','Normal',1,to_timestamp('18-JAN-16 03.15.18.176000000 PM','DD-MON-RR HH.MI.SS.FF AM'),'Rootjob test desc 234567',to_timestamp('19-JAN-16 03.29.11.343000000 PM','DD-MON-RR HH.MI.SS.FF AM'),'BurhanRootJob','3665522859412',null,null,null,'498648434650392','3666949628141');
Insert into ICC_JOB (ID,PRIORITY,ACTIVE,CREATION_DATE,DESCRIPTION,MODIFICATION_DATE,NAME,APPROVER_ID,FOLDER_ID,CREATED_BY,MODIFIED_BY,RIGHTS_ID,TEMPLATE_ID) values ('504065240797092','Normal',1,to_timestamp('18-JAN-16 04.45.34.984000000 PM','DD-MON-RR HH.MI.SS.FF AM'),'dasd',to_timestamp('18-JAN-16 04.45.59.666000000 PM','DD-MON-RR HH.MI.SS.FF AM'),'as','3665522859412','3667379880071',null,null,'504065243149569','3666715969282');
Insert into ICC_JOB (ID,PRIORITY,ACTIVE,CREATION_DATE,DESCRIPTION,MODIFICATION_DATE,NAME,APPROVER_ID,FOLDER_ID,CREATED_BY,MODIFIED_BY,RIGHTS_ID,TEMPLATE_ID) values ('567759613741360','Normal',1,to_timestamp('19-JAN-16 10.27.09.350000000 AM','DD-MON-RR HH.MI.SS.FF AM'),'CompareOne2One',to_timestamp('21-JAN-16 10.09.56.994000000 AM','DD-MON-RR HH.MI.SS.FF AM'),'CompareOne2One','3665522859412','570031515245223',null,null,'567759613878038','3666949628141');
Insert into ICC_JOB (ID,PRIORITY,ACTIVE,CREATION_DATE,DESCRIPTION,MODIFICATION_DATE,NAME,APPROVER_ID,FOLDER_ID,CREATED_BY,MODIFIED_BY,RIGHTS_ID,TEMPLATE_ID) values ('1172560785517178','Normal',1,to_timestamp('26-JAN-16 10.27.10.500000000 AM','DD-MON-RR HH.MI.SS.FF AM'),'ClearMemory',to_timestamp('26-JAN-16 10.27.10.500000000 AM','DD-MON-RR HH.MI.SS.FF AM'),'ClearMemory','3665522859412','570031515245223',null,null,'1172560785887636','761232070575604');
REM INSERTING into ICC_JOB_AUD
SET DEFINE OFF;
Insert into ICC_JOB_AUD (ID,REV,REVTYPE,PRIORITY,ACTIVE,CREATION_DATE,DESCRIPTION,MODIFICATION_DATE,NAME,APPROVER_ID,FOLDER_ID,CREATED_BY,MODIFIED_BY,RIGHTS_ID,TEMPLATE_ID) values ('498472340152934',130,0,'Normal',1,to_timestamp('18-JAN-16 03.12.22.081000000 PM','DD-MON-RR HH.MI.SS.FF AM'),'MustafaJob2',to_timestamp('18-JAN-16 03.12.22.082000000 PM','DD-MON-RR HH.MI.SS.FF AM'),'MustafaJob2','3665522859412','492825362067808',null,null,'498472340514927','3666715969282');
Insert into ICC_JOB_AUD (ID,REV,REVTYPE,PRIORITY,ACTIVE,CREATION_DATE,DESCRIPTION,MODIFICATION_DATE,NAME,APPROVER_ID,FOLDER_ID,CREATED_BY,MODIFIED_BY,RIGHTS_ID,TEMPLATE_ID) values ('504065240797092',135,1,'Normal',1,to_timestamp('18-JAN-16 04.45.34.984000000 PM','DD-MON-RR HH.MI.SS.FF AM'),'dasd',to_timestamp('18-JAN-16 04.45.59.666000000 PM','DD-MON-RR HH.MI.SS.FF AM'),'as','3665522859412','3667379880071',null,null,'504065243149569','3666715969282');
Insert into ICC_JOB_AUD (ID,REV,REVTYPE,PRIORITY,ACTIVE,CREATION_DATE,DESCRIPTION,MODIFICATION_DATE,NAME,APPROVER_ID,FOLDER_ID,CREATED_BY,MODIFIED_BY,RIGHTS_ID,TEMPLATE_ID) values ('498648434375338',137,1,'Normal',1,to_timestamp('18-JAN-16 03.15.18.176000000 PM','DD-MON-RR HH.MI.SS.FF AM'),'Rootjob test desc 23',to_timestamp('18-JAN-16 05.07.53.365000000 PM','DD-MON-RR HH.MI.SS.FF AM'),'BurhanRootJob','3665522859412',null,null,null,'498648434650392','3666949628141');
Insert into ICC_JOB_AUD (ID,REV,REVTYPE,PRIORITY,ACTIVE,CREATION_DATE,DESCRIPTION,MODIFICATION_DATE,NAME,APPROVER_ID,FOLDER_ID,CREATED_BY,MODIFIED_BY,RIGHTS_ID,TEMPLATE_ID) values ('498648434375338',138,1,'Normal',1,to_timestamp('18-JAN-16 03.15.18.176000000 PM','DD-MON-RR HH.MI.SS.FF AM'),'Rootjob test desc 234',to_timestamp('18-JAN-16 05.08.30.103000000 PM','DD-MON-RR HH.MI.SS.FF AM'),'BurhanRootJob','3665522859412',null,null,null,'498648434650392','3666949628141');
Insert into ICC_JOB_AUD (ID,REV,REVTYPE,PRIORITY,ACTIVE,CREATION_DATE,DESCRIPTION,MODIFICATION_DATE,NAME,APPROVER_ID,FOLDER_ID,CREATED_BY,MODIFIED_BY,RIGHTS_ID,TEMPLATE_ID) values ('566773761014480',145,0,'Normal',1,to_timestamp('19-JAN-16 10.10.43.497000000 AM','DD-MON-RR HH.MI.SS.FF AM'),'MustafaJob',to_timestamp('19-JAN-16 10.10.43.498000000 AM','DD-MON-RR HH.MI.SS.FF AM'),'MustafaJob','3665522859412',null,null,null,'566773761286078','3666715969282');
Insert into ICC_JOB_AUD (ID,REV,REVTYPE,PRIORITY,ACTIVE,CREATION_DATE,DESCRIPTION,MODIFICATION_DATE,NAME,APPROVER_ID,FOLDER_ID,CREATED_BY,MODIFIED_BY,RIGHTS_ID,TEMPLATE_ID) values ('566773761014480',146,1,'Normal',1,to_timestamp('19-JAN-16 10.10.43.497000000 AM','DD-MON-RR HH.MI.SS.FF AM'),'MustafaJob',to_timestamp('19-JAN-16 10.11.43.791000000 AM','DD-MON-RR HH.MI.SS.FF AM'),'MustafaJob','3665522859412',null,null,null,'566773761286078','3666715969282');
Insert into ICC_JOB_AUD (ID,REV,REVTYPE,PRIORITY,ACTIVE,CREATION_DATE,DESCRIPTION,MODIFICATION_DATE,NAME,APPROVER_ID,FOLDER_ID,CREATED_BY,MODIFIED_BY,RIGHTS_ID,TEMPLATE_ID) values ('566773761014480',147,1,'Normal',1,to_timestamp('19-JAN-16 10.10.43.497000000 AM','DD-MON-RR HH.MI.SS.FF AM'),'MustafaJob',to_timestamp('19-JAN-16 10.13.29.640000000 AM','DD-MON-RR HH.MI.SS.FF AM'),'MustafaJob','3665522859412',null,null,null,'566773761286078','3666715969282');
Insert into ICC_JOB_AUD (ID,REV,REVTYPE,PRIORITY,ACTIVE,CREATION_DATE,DESCRIPTION,MODIFICATION_DATE,NAME,APPROVER_ID,FOLDER_ID,CREATED_BY,MODIFIED_BY,RIGHTS_ID,TEMPLATE_ID) values ('567654282094920',148,0,'Normal',1,to_timestamp('19-JAN-16 10.25.24.019000000 AM','DD-MON-RR HH.MI.SS.FF AM'),'ReadTargetJob',to_timestamp('19-JAN-16 10.25.24.020000000 AM','DD-MON-RR HH.MI.SS.FF AM'),'ReadTargetJob','3665522859412',null,null,null,'567654282998203','3666715969282');
Insert into ICC_JOB_AUD (ID,REV,REVTYPE,PRIORITY,ACTIVE,CREATION_DATE,DESCRIPTION,MODIFICATION_DATE,NAME,APPROVER_ID,FOLDER_ID,CREATED_BY,MODIFIED_BY,RIGHTS_ID,TEMPLATE_ID) values ('567864388346849',151,0,'Normal',1,to_timestamp('19-JAN-16 10.28.54.127000000 AM','DD-MON-RR HH.MI.SS.FF AM'),'WriteJob',to_timestamp('19-JAN-16 10.28.54.127000000 AM','DD-MON-RR HH.MI.SS.FF AM'),'WriteJob','3665522859412',null,null,null,'567864390649439','3667021362874');
Insert into ICC_JOB_AUD (ID,REV,REVTYPE,PRIORITY,ACTIVE,CREATION_DATE,DESCRIPTION,MODIFICATION_DATE,NAME,APPROVER_ID,FOLDER_ID,CREATED_BY,MODIFIED_BY,RIGHTS_ID,TEMPLATE_ID) values ('567864388346849',152,1,'Normal',1,to_timestamp('19-JAN-16 10.28.54.127000000 AM','DD-MON-RR HH.MI.SS.FF AM'),'WriteJob',to_timestamp('19-JAN-16 10.30.28.460000000 AM','DD-MON-RR HH.MI.SS.FF AM'),'WriteJob','3665522859412',null,null,null,'567864390649439','3667021362874');
Insert into ICC_JOB_AUD (ID,REV,REVTYPE,PRIORITY,ACTIVE,CREATION_DATE,DESCRIPTION,MODIFICATION_DATE,NAME,APPROVER_ID,FOLDER_ID,CREATED_BY,MODIFIED_BY,RIGHTS_ID,TEMPLATE_ID) values ('566773761014480',155,1,'Normal',1,to_timestamp('19-JAN-16 10.10.43.497000000 AM','DD-MON-RR HH.MI.SS.FF AM'),'MustafaJob',to_timestamp('19-JAN-16 11.08.09.799000000 AM','DD-MON-RR HH.MI.SS.FF AM'),'ReadSourceJob','3665522859412','570031515245223',null,null,'566773761286078','3666715969282');
Insert into ICC_JOB_AUD (ID,REV,REVTYPE,PRIORITY,ACTIVE,CREATION_DATE,DESCRIPTION,MODIFICATION_DATE,NAME,APPROVER_ID,FOLDER_ID,CREATED_BY,MODIFIED_BY,RIGHTS_ID,TEMPLATE_ID) values ('761331556653565',171,2,null,null,null,null,null,null,null,null,null,null,null,null);
Insert into ICC_JOB_AUD (ID,REV,REVTYPE,PRIORITY,ACTIVE,CREATION_DATE,DESCRIPTION,MODIFICATION_DATE,NAME,APPROVER_ID,FOLDER_ID,CREATED_BY,MODIFIED_BY,RIGHTS_ID,TEMPLATE_ID) values ('566773761014480',172,1,'Normal',1,to_timestamp('19-JAN-16 10.10.43.497000000 AM','DD-MON-RR HH.MI.SS.FF AM'),'MustafaJob',to_timestamp('22-JAN-16 11.10.53.132000000 AM','DD-MON-RR HH.MI.SS.FF AM'),'ReadSourceJob','3665522859412','570031515245223',null,null,'566773761286078','3666715969282');
Insert into ICC_JOB_AUD (ID,REV,REVTYPE,PRIORITY,ACTIVE,CREATION_DATE,DESCRIPTION,MODIFICATION_DATE,NAME,APPROVER_ID,FOLDER_ID,CREATED_BY,MODIFIED_BY,RIGHTS_ID,TEMPLATE_ID) values ('567654282094920',173,1,'Normal',1,to_timestamp('19-JAN-16 10.25.24.019000000 AM','DD-MON-RR HH.MI.SS.FF AM'),'ReadTargetJob',to_timestamp('22-JAN-16 11.11.20.404000000 AM','DD-MON-RR HH.MI.SS.FF AM'),'ReadTargetJob','3665522859412','570031515245223',null,null,'567654282998203','3666715969282');
Insert into ICC_JOB_AUD (ID,REV,REVTYPE,PRIORITY,ACTIVE,CREATION_DATE,DESCRIPTION,MODIFICATION_DATE,NAME,APPROVER_ID,FOLDER_ID,CREATED_BY,MODIFIED_BY,RIGHTS_ID,TEMPLATE_ID) values ('567864388346849',174,1,'Normal',1,to_timestamp('19-JAN-16 10.28.54.127000000 AM','DD-MON-RR HH.MI.SS.FF AM'),'WriteJob',to_timestamp('22-JAN-16 11.11.42.520000000 AM','DD-MON-RR HH.MI.SS.FF AM'),'WriteJob','3665522859412','570031515245223',null,null,'567864390649439','3667021362874');
Insert into ICC_JOB_AUD (ID,REV,REVTYPE,PRIORITY,ACTIVE,CREATION_DATE,DESCRIPTION,MODIFICATION_DATE,NAME,APPROVER_ID,FOLDER_ID,CREATED_BY,MODIFIED_BY,RIGHTS_ID,TEMPLATE_ID) values ('1274612853394295',209,0,'Normal',1,to_timestamp('27-JAN-16 02.48.02.561000000 PM','DD-MON-RR HH.MI.SS.FF AM'),null,to_timestamp('27-JAN-16 02.48.02.562000000 PM','DD-MON-RR HH.MI.SS.FF AM'),'AKN_Clear',null,'1274265211951711',null,null,'1274612853712215','761232070575604');
Insert into ICC_JOB_AUD (ID,REV,REVTYPE,PRIORITY,ACTIVE,CREATION_DATE,DESCRIPTION,MODIFICATION_DATE,NAME,APPROVER_ID,FOLDER_ID,CREATED_BY,MODIFIED_BY,RIGHTS_ID,TEMPLATE_ID) values ('1274612853394295',210,1,'Normal',1,to_timestamp('27-JAN-16 02.48.02.561000000 PM','DD-MON-RR HH.MI.SS.FF AM'),null,to_timestamp('27-JAN-16 03.20.22.332000000 PM','DD-MON-RR HH.MI.SS.FF AM'),'AKN_Clear',null,'1274265211951711',null,null,'1274612853712215','761232070575604');
Insert into ICC_JOB_AUD (ID,REV,REVTYPE,PRIORITY,ACTIVE,CREATION_DATE,DESCRIPTION,MODIFICATION_DATE,NAME,APPROVER_ID,FOLDER_ID,CREATED_BY,MODIFIED_BY,RIGHTS_ID,TEMPLATE_ID) values ('496917840404377',127,0,'Normal',1,to_timestamp('18-JAN-16 02.46.27.583000000 PM','DD-MON-RR HH.MI.SS.FF AM'),'Test job 2 desc',to_timestamp('18-JAN-16 02.46.27.584000000 PM','DD-MON-RR HH.MI.SS.FF AM'),'BurhanTestJob2','3665522859412','492825362067808',null,null,'496917841241985','3666949628141');
Insert into ICC_JOB_AUD (ID,REV,REVTYPE,PRIORITY,ACTIVE,CREATION_DATE,DESCRIPTION,MODIFICATION_DATE,NAME,APPROVER_ID,FOLDER_ID,CREATED_BY,MODIFIED_BY,RIGHTS_ID,TEMPLATE_ID) values ('567759613741360',156,1,'Normal',0,to_timestamp('19-JAN-16 10.27.09.350000000 AM','DD-MON-RR HH.MI.SS.FF AM'),'CompareOne2One',to_timestamp('19-JAN-16 11.42.58.322000000 AM','DD-MON-RR HH.MI.SS.FF AM'),'CompareOne2One','3665522859412','570031515245223',null,null,'567759613878038','3666949628141');
Insert into ICC_JOB_AUD (ID,REV,REVTYPE,PRIORITY,ACTIVE,CREATION_DATE,DESCRIPTION,MODIFICATION_DATE,NAME,APPROVER_ID,FOLDER_ID,CREATED_BY,MODIFIED_BY,RIGHTS_ID,TEMPLATE_ID) values ('567759613741360',160,1,'Normal',1,to_timestamp('19-JAN-16 10.27.09.350000000 AM','DD-MON-RR HH.MI.SS.FF AM'),'CompareOne2One',to_timestamp('19-JAN-16 01.13.17.723000000 PM','DD-MON-RR HH.MI.SS.FF AM'),'CompareOne2One','3665522859412','570031515245223',null,null,'567759613878038','3666949628141');
Insert into ICC_JOB_AUD (ID,REV,REVTYPE,PRIORITY,ACTIVE,CREATION_DATE,DESCRIPTION,MODIFICATION_DATE,NAME,APPROVER_ID,FOLDER_ID,CREATED_BY,MODIFIED_BY,RIGHTS_ID,TEMPLATE_ID) values ('498648434375338',161,1,'Normal',1,to_timestamp('18-JAN-16 03.15.18.176000000 PM','DD-MON-RR HH.MI.SS.FF AM'),'Rootjob test desc 234567',to_timestamp('19-JAN-16 03.29.11.343000000 PM','DD-MON-RR HH.MI.SS.FF AM'),'BurhanRootJob','3665522859412',null,null,null,'498648434650392','3666949628141');
Insert into ICC_JOB_AUD (ID,REV,REVTYPE,PRIORITY,ACTIVE,CREATION_DATE,DESCRIPTION,MODIFICATION_DATE,NAME,APPROVER_ID,FOLDER_ID,CREATED_BY,MODIFIED_BY,RIGHTS_ID,TEMPLATE_ID) values ('567759613741360',167,1,'Normal',1,to_timestamp('19-JAN-16 10.27.09.350000000 AM','DD-MON-RR HH.MI.SS.FF AM'),'CompareOne2One',to_timestamp('21-JAN-16 10.09.56.994000000 AM','DD-MON-RR HH.MI.SS.FF AM'),'CompareOne2One','3665522859412','570031515245223',null,null,'567759613878038','3666949628141');
Insert into ICC_JOB_AUD (ID,REV,REVTYPE,PRIORITY,ACTIVE,CREATION_DATE,DESCRIPTION,MODIFICATION_DATE,NAME,APPROVER_ID,FOLDER_ID,CREATED_BY,MODIFIED_BY,RIGHTS_ID,TEMPLATE_ID) values ('567864388346849',168,1,'Normal',1,to_timestamp('19-JAN-16 10.28.54.127000000 AM','DD-MON-RR HH.MI.SS.FF AM'),'WriteJob',to_timestamp('21-JAN-16 10.10.16.260000000 AM','DD-MON-RR HH.MI.SS.FF AM'),'WriteJob','3665522859412','570031515245223',null,null,'567864390649439','3667021362874');
Insert into ICC_JOB_AUD (ID,REV,REVTYPE,PRIORITY,ACTIVE,CREATION_DATE,DESCRIPTION,MODIFICATION_DATE,NAME,APPROVER_ID,FOLDER_ID,CREATED_BY,MODIFIED_BY,RIGHTS_ID,TEMPLATE_ID) values ('566773761014480',201,1,'Normal',1,to_timestamp('19-JAN-16 10.10.43.497000000 AM','DD-MON-RR HH.MI.SS.FF AM'),'MustafaJob',to_timestamp('26-JAN-16 02.17.08.487000000 PM','DD-MON-RR HH.MI.SS.FF AM'),'ReadSourceJob','3665522859412','570031515245223',null,null,'566773761286078','3666715969282');
Insert into ICC_JOB_AUD (ID,REV,REVTYPE,PRIORITY,ACTIVE,CREATION_DATE,DESCRIPTION,MODIFICATION_DATE,NAME,APPROVER_ID,FOLDER_ID,CREATED_BY,MODIFIED_BY,RIGHTS_ID,TEMPLATE_ID) values ('1274376633105630',206,0,'Normal',1,to_timestamp('27-JAN-16 02.44.06.342000000 PM','DD-MON-RR HH.MI.SS.FF AM'),null,to_timestamp('27-JAN-16 02.44.06.342000000 PM','DD-MON-RR HH.MI.SS.FF AM'),'AKN_ReadTarget',null,'1274265211951711',null,null,'1274376633438619','3666715969282');
Insert into ICC_JOB_AUD (ID,REV,REVTYPE,PRIORITY,ACTIVE,CREATION_DATE,DESCRIPTION,MODIFICATION_DATE,NAME,APPROVER_ID,FOLDER_ID,CREATED_BY,MODIFIED_BY,RIGHTS_ID,TEMPLATE_ID) values ('1274584496818317',208,0,'Normal',1,to_timestamp('27-JAN-16 02.47.34.210000000 PM','DD-MON-RR HH.MI.SS.FF AM'),null,to_timestamp('27-JAN-16 02.47.34.210000000 PM','DD-MON-RR HH.MI.SS.FF AM'),'AKN_WriteReport',null,'1274265211951711',null,null,'1274584501569631','3667021362874');
Insert into ICC_JOB_AUD (ID,REV,REVTYPE,PRIORITY,ACTIVE,CREATION_DATE,DESCRIPTION,MODIFICATION_DATE,NAME,APPROVER_ID,FOLDER_ID,CREATED_BY,MODIFIED_BY,RIGHTS_ID,TEMPLATE_ID) values ('2004239196276238',212,0,'Normal',1,to_timestamp('05-FEB-16 01.28.28.898000000 AM','DD-MON-RR HH.MI.SS.FF AM'),'xcvxc',to_timestamp('05-FEB-16 01.28.28.898000000 AM','DD-MON-RR HH.MI.SS.FF AM'),'xdv','3665522859412',null,null,null,'2004239196705478','3666715969282');
Insert into ICC_JOB_AUD (ID,REV,REVTYPE,PRIORITY,ACTIVE,CREATION_DATE,DESCRIPTION,MODIFICATION_DATE,NAME,APPROVER_ID,FOLDER_ID,CREATED_BY,MODIFIED_BY,RIGHTS_ID,TEMPLATE_ID) values ('4393505682071556',223,0,'Normal',1,to_timestamp('03-MAR-16 05.09.35.370000000 PM','DD-MON-RR HH.MI.SS.FF AM'),'XXX',to_timestamp('03-MAR-16 05.09.35.370000000 PM','DD-MON-RR HH.MI.SS.FF AM'),'DENEME1',null,'1274265211951711',null,null,'4393505688532716','3666715969282');
Insert into ICC_JOB_AUD (ID,REV,REVTYPE,PRIORITY,ACTIVE,CREATION_DATE,DESCRIPTION,MODIFICATION_DATE,NAME,APPROVER_ID,FOLDER_ID,CREATED_BY,MODIFIED_BY,RIGHTS_ID,TEMPLATE_ID) values ('496237668077457',125,0,'Normal',1,to_timestamp('18-JAN-16 02.35.07.411000000 PM','DD-MON-RR HH.MI.SS.FF AM'),'Test job desc.',to_timestamp('18-JAN-16 02.35.07.441000000 PM','DD-MON-RR HH.MI.SS.FF AM'),'BurhanTestJob','3665522859412','492825362067808',null,null,'496237669812628','3666949628141');
Insert into ICC_JOB_AUD (ID,REV,REVTYPE,PRIORITY,ACTIVE,CREATION_DATE,DESCRIPTION,MODIFICATION_DATE,NAME,APPROVER_ID,FOLDER_ID,CREATED_BY,MODIFIED_BY,RIGHTS_ID,TEMPLATE_ID) values ('496526143859139',126,0,'Normal',1,to_timestamp('18-JAN-16 02.39.55.886000000 PM','DD-MON-RR HH.MI.SS.FF AM'),'Test job desc.',to_timestamp('18-JAN-16 02.39.55.887000000 PM','DD-MON-RR HH.MI.SS.FF AM'),'AkinTestJob','3665522859412',null,null,null,'496526144954347','3666949628141');
Insert into ICC_JOB_AUD (ID,REV,REVTYPE,PRIORITY,ACTIVE,CREATION_DATE,DESCRIPTION,MODIFICATION_DATE,NAME,APPROVER_ID,FOLDER_ID,CREATED_BY,MODIFIED_BY,RIGHTS_ID,TEMPLATE_ID) values ('497303529502052',128,0,'Normal',1,to_timestamp('18-JAN-16 02.52.53.270000000 PM','DD-MON-RR HH.MI.SS.FF AM'),'Test job3 desc',to_timestamp('18-JAN-16 02.52.53.271000000 PM','DD-MON-RR HH.MI.SS.FF AM'),'BurhanTestJob3','3665522859412','492825362067808',null,null,'497303529743262','3666949628141');
Insert into ICC_JOB_AUD (ID,REV,REVTYPE,PRIORITY,ACTIVE,CREATION_DATE,DESCRIPTION,MODIFICATION_DATE,NAME,APPROVER_ID,FOLDER_ID,CREATED_BY,MODIFIED_BY,RIGHTS_ID,TEMPLATE_ID) values ('498578187403761',131,0,'Normal',1,to_timestamp('18-JAN-16 03.14.07.929000000 PM','DD-MON-RR HH.MI.SS.FF AM'),'MustafaJob3',to_timestamp('18-JAN-16 03.14.07.929000000 PM','DD-MON-RR HH.MI.SS.FF AM'),'MustafaJob3','3665522859412','492825362067808',null,null,'498578187668750','3666715969282');
Insert into ICC_JOB_AUD (ID,REV,REVTYPE,PRIORITY,ACTIVE,CREATION_DATE,DESCRIPTION,MODIFICATION_DATE,NAME,APPROVER_ID,FOLDER_ID,CREATED_BY,MODIFIED_BY,RIGHTS_ID,TEMPLATE_ID) values ('498648434375338',136,1,'Normal',1,to_timestamp('18-JAN-16 03.15.18.176000000 PM','DD-MON-RR HH.MI.SS.FF AM'),'Rootjob test desc 2',to_timestamp('18-JAN-16 05.07.08.201000000 PM','DD-MON-RR HH.MI.SS.FF AM'),'BurhanRootJob','3665522859412',null,null,null,'498648434650392','3666949628141');
Insert into ICC_JOB_AUD (ID,REV,REVTYPE,PRIORITY,ACTIVE,CREATION_DATE,DESCRIPTION,MODIFICATION_DATE,NAME,APPROVER_ID,FOLDER_ID,CREATED_BY,MODIFIED_BY,RIGHTS_ID,TEMPLATE_ID) values ('498648434375338',139,1,'Normal',1,to_timestamp('18-JAN-16 03.15.18.176000000 PM','DD-MON-RR HH.MI.SS.FF AM'),'Rootjob test desc 2345',to_timestamp('18-JAN-16 05.09.29.288000000 PM','DD-MON-RR HH.MI.SS.FF AM'),'BurhanRootJob','3665522859412',null,null,null,'498648434650392','3666949628141');
Insert into ICC_JOB_AUD (ID,REV,REVTYPE,PRIORITY,ACTIVE,CREATION_DATE,DESCRIPTION,MODIFICATION_DATE,NAME,APPROVER_ID,FOLDER_ID,CREATED_BY,MODIFIED_BY,RIGHTS_ID,TEMPLATE_ID) values ('498648434375338',140,1,'Normal',1,to_timestamp('18-JAN-16 03.15.18.176000000 PM','DD-MON-RR HH.MI.SS.FF AM'),'Rootjob test desc 23456',to_timestamp('18-JAN-16 05.10.22.821000000 PM','DD-MON-RR HH.MI.SS.FF AM'),'BurhanRootJob','3665522859412',null,null,null,'498648434650392','3666949628141');
Insert into ICC_JOB_AUD (ID,REV,REVTYPE,PRIORITY,ACTIVE,CREATION_DATE,DESCRIPTION,MODIFICATION_DATE,NAME,APPROVER_ID,FOLDER_ID,CREATED_BY,MODIFIED_BY,RIGHTS_ID,TEMPLATE_ID) values ('498648434375338',141,1,'Normal',1,to_timestamp('18-JAN-16 03.15.18.176000000 PM','DD-MON-RR HH.MI.SS.FF AM'),'Rootjob test desc 234567',to_timestamp('18-JAN-16 05.11.42.817000000 PM','DD-MON-RR HH.MI.SS.FF AM'),'BurhanRootJob','3665522859412',null,null,null,'498648434650392','3666949628141');
Insert into ICC_JOB_AUD (ID,REV,REVTYPE,PRIORITY,ACTIVE,CREATION_DATE,DESCRIPTION,MODIFICATION_DATE,NAME,APPROVER_ID,FOLDER_ID,CREATED_BY,MODIFIED_BY,RIGHTS_ID,TEMPLATE_ID) values ('498648434375338',142,1,'Normal',0,to_timestamp('18-JAN-16 03.15.18.176000000 PM','DD-MON-RR HH.MI.SS.FF AM'),'Rootjob test desc 234567',to_timestamp('18-JAN-16 05.11.52.263000000 PM','DD-MON-RR HH.MI.SS.FF AM'),'BurhanRootJob','3665522859412',null,null,null,'498648434650392','3666949628141');
Insert into ICC_JOB_AUD (ID,REV,REVTYPE,PRIORITY,ACTIVE,CREATION_DATE,DESCRIPTION,MODIFICATION_DATE,NAME,APPROVER_ID,FOLDER_ID,CREATED_BY,MODIFIED_BY,RIGHTS_ID,TEMPLATE_ID) values ('506996701572044',143,0,'Normal',1,to_timestamp('18-JAN-16 05.34.26.442000000 PM','DD-MON-RR HH.MI.SS.FF AM'),'sql job created by burhan',to_timestamp('18-JAN-16 05.34.26.442000000 PM','DD-MON-RR HH.MI.SS.FF AM'),'SqlJob','3665522859412','492825362067808',null,null,'506996701786245','3666715969282');
Insert into ICC_JOB_AUD (ID,REV,REVTYPE,PRIORITY,ACTIVE,CREATION_DATE,DESCRIPTION,MODIFICATION_DATE,NAME,APPROVER_ID,FOLDER_ID,CREATED_BY,MODIFIED_BY,RIGHTS_ID,TEMPLATE_ID) values ('498648434375338',144,1,'Normal',1,to_timestamp('18-JAN-16 03.15.18.176000000 PM','DD-MON-RR HH.MI.SS.FF AM'),'Rootjob test desc 234567',to_timestamp('18-JAN-16 05.56.06.262000000 PM','DD-MON-RR HH.MI.SS.FF AM'),'BurhanRootJob','3665522859412',null,null,null,'498648434650392','3666949628141');
Insert into ICC_JOB_AUD (ID,REV,REVTYPE,PRIORITY,ACTIVE,CREATION_DATE,DESCRIPTION,MODIFICATION_DATE,NAME,APPROVER_ID,FOLDER_ID,CREATED_BY,MODIFIED_BY,RIGHTS_ID,TEMPLATE_ID) values ('567864388346849',175,1,'Normal',1,to_timestamp('19-JAN-16 10.28.54.127000000 AM','DD-MON-RR HH.MI.SS.FF AM'),'WriteJob',to_timestamp('22-JAN-16 11.45.24.133000000 AM','DD-MON-RR HH.MI.SS.FF AM'),'WriteJob','3665522859412','570031515245223',null,null,'567864390649439','3667021362874');
Insert into ICC_JOB_AUD (ID,REV,REVTYPE,PRIORITY,ACTIVE,CREATION_DATE,DESCRIPTION,MODIFICATION_DATE,NAME,APPROVER_ID,FOLDER_ID,CREATED_BY,MODIFIED_BY,RIGHTS_ID,TEMPLATE_ID) values ('567864388346849',181,1,'Normal',1,to_timestamp('19-JAN-16 10.28.54.127000000 AM','DD-MON-RR HH.MI.SS.FF AM'),'WriteJob',to_timestamp('26-JAN-16 10.00.08.630000000 AM','DD-MON-RR HH.MI.SS.FF AM'),'WriteJob','3665522859412','570031515245223',null,null,'567864390649439','3667021362874');
Insert into ICC_JOB_AUD (ID,REV,REVTYPE,PRIORITY,ACTIVE,CREATION_DATE,DESCRIPTION,MODIFICATION_DATE,NAME,APPROVER_ID,FOLDER_ID,CREATED_BY,MODIFIED_BY,RIGHTS_ID,TEMPLATE_ID) values ('1274612853394295',211,1,'Normal',1,to_timestamp('27-JAN-16 02.48.02.561000000 PM','DD-MON-RR HH.MI.SS.FF AM'),null,to_timestamp('29-JAN-16 01.51.48.682000000 PM','DD-MON-RR HH.MI.SS.FF AM'),'AKN_Clear',null,'1274265211951711',null,null,'1274612853712215','761232070575604');
Insert into ICC_JOB_AUD (ID,REV,REVTYPE,PRIORITY,ACTIVE,CREATION_DATE,DESCRIPTION,MODIFICATION_DATE,NAME,APPROVER_ID,FOLDER_ID,CREATED_BY,MODIFIED_BY,RIGHTS_ID,TEMPLATE_ID) values ('4369538710743545',221,0,'Normal',1,to_timestamp('03-MAR-16 10.30.08.380000000 AM','DD-MON-RR HH.MI.SS.FF AM'),'nnn',to_timestamp('03-MAR-16 10.30.08.380000000 AM','DD-MON-RR HH.MI.SS.FF AM'),'vvv','3665522859412',null,null,null,'4369538711042049','3666715969282');
Insert into ICC_JOB_AUD (ID,REV,REVTYPE,PRIORITY,ACTIVE,CREATION_DATE,DESCRIPTION,MODIFICATION_DATE,NAME,APPROVER_ID,FOLDER_ID,CREATED_BY,MODIFIED_BY,RIGHTS_ID,TEMPLATE_ID) values ('1274376633105630',222,1,'Normal',1,to_timestamp('27-JAN-16 02.44.06.342000000 PM','DD-MON-RR HH.MI.SS.FF AM'),'XXX',to_timestamp('03-MAR-16 05.07.17.295000000 PM','DD-MON-RR HH.MI.SS.FF AM'),'AKN_ReadTarget',null,'1274265211951711',null,null,'1274376633438619','3666715969282');
Insert into ICC_JOB_AUD (ID,REV,REVTYPE,PRIORITY,ACTIVE,CREATION_DATE,DESCRIPTION,MODIFICATION_DATE,NAME,APPROVER_ID,FOLDER_ID,CREATED_BY,MODIFIED_BY,RIGHTS_ID,TEMPLATE_ID) values ('1274584496818317',308,2,null,null,null,null,null,null,null,null,null,null,null,null);
Insert into ICC_JOB_AUD (ID,REV,REVTYPE,PRIORITY,ACTIVE,CREATION_DATE,DESCRIPTION,MODIFICATION_DATE,NAME,APPROVER_ID,FOLDER_ID,CREATED_BY,MODIFIED_BY,RIGHTS_ID,TEMPLATE_ID) values ('4393505682071556',308,2,null,null,null,null,null,null,null,null,null,null,null,null);
Insert into ICC_JOB_AUD (ID,REV,REVTYPE,PRIORITY,ACTIVE,CREATION_DATE,DESCRIPTION,MODIFICATION_DATE,NAME,APPROVER_ID,FOLDER_ID,CREATED_BY,MODIFIED_BY,RIGHTS_ID,TEMPLATE_ID) values ('1274347630676321',308,2,null,null,null,null,null,null,null,null,null,null,null,null);
Insert into ICC_JOB_AUD (ID,REV,REVTYPE,PRIORITY,ACTIVE,CREATION_DATE,DESCRIPTION,MODIFICATION_DATE,NAME,APPROVER_ID,FOLDER_ID,CREATED_BY,MODIFIED_BY,RIGHTS_ID,TEMPLATE_ID) values ('1274376633105630',308,2,null,null,null,null,null,null,null,null,null,null,null,null);
Insert into ICC_JOB_AUD (ID,REV,REVTYPE,PRIORITY,ACTIVE,CREATION_DATE,DESCRIPTION,MODIFICATION_DATE,NAME,APPROVER_ID,FOLDER_ID,CREATED_BY,MODIFIED_BY,RIGHTS_ID,TEMPLATE_ID) values ('1274515116105177',308,2,null,null,null,null,null,null,null,null,null,null,null,null);
Insert into ICC_JOB_AUD (ID,REV,REVTYPE,PRIORITY,ACTIVE,CREATION_DATE,DESCRIPTION,MODIFICATION_DATE,NAME,APPROVER_ID,FOLDER_ID,CREATED_BY,MODIFIED_BY,RIGHTS_ID,TEMPLATE_ID) values ('1274612853394295',308,2,null,null,null,null,null,null,null,null,null,null,null,null);
Insert into ICC_JOB_AUD (ID,REV,REVTYPE,PRIORITY,ACTIVE,CREATION_DATE,DESCRIPTION,MODIFICATION_DATE,NAME,APPROVER_ID,FOLDER_ID,CREATED_BY,MODIFIED_BY,RIGHTS_ID,TEMPLATE_ID) values ('3668123386172',89,0,'Normal',1,to_timestamp('12-JAN-16 09.40.44.756000000 PM','DD-MON-RR HH.MI.SS.FF AM'),null,to_timestamp('12-JAN-16 09.40.44.756000000 PM','DD-MON-RR HH.MI.SS.FF AM'),'Load TEST1 Data',null,'3667379880071',null,null,'3668143064773','3666715969282');
Insert into ICC_JOB_AUD (ID,REV,REVTYPE,PRIORITY,ACTIVE,CREATION_DATE,DESCRIPTION,MODIFICATION_DATE,NAME,APPROVER_ID,FOLDER_ID,CREATED_BY,MODIFIED_BY,RIGHTS_ID,TEMPLATE_ID) values ('3668601689321',90,0,'Normal',1,to_timestamp('12-JAN-16 09.40.45.234000000 PM','DD-MON-RR HH.MI.SS.FF AM'),null,to_timestamp('12-JAN-16 09.40.45.234000000 PM','DD-MON-RR HH.MI.SS.FF AM'),'Load TEST2 Data',null,'3667379880071',null,null,'3668603587765','3666715969282');
Insert into ICC_JOB_AUD (ID,REV,REVTYPE,PRIORITY,ACTIVE,CREATION_DATE,DESCRIPTION,MODIFICATION_DATE,NAME,APPROVER_ID,FOLDER_ID,CREATED_BY,MODIFIED_BY,RIGHTS_ID,TEMPLATE_ID) values ('3668835459593',91,0,'Normal',1,to_timestamp('12-JAN-16 09.40.45.468000000 PM','DD-MON-RR HH.MI.SS.FF AM'),null,to_timestamp('12-JAN-16 09.40.45.468000000 PM','DD-MON-RR HH.MI.SS.FF AM'),'Compare TEST1 and TEST2',null,'3667379880071',null,null,'3668837513797','3666949628141');
Insert into ICC_JOB_AUD (ID,REV,REVTYPE,PRIORITY,ACTIVE,CREATION_DATE,DESCRIPTION,MODIFICATION_DATE,NAME,APPROVER_ID,FOLDER_ID,CREATED_BY,MODIFIED_BY,RIGHTS_ID,TEMPLATE_ID) values ('3669035609201',92,0,'Normal',1,to_timestamp('12-JAN-16 09.40.45.668000000 PM','DD-MON-RR HH.MI.SS.FF AM'),null,to_timestamp('12-JAN-16 09.40.45.668000000 PM','DD-MON-RR HH.MI.SS.FF AM'),'Write Data',null,'3667379880071',null,null,'3669038193890','3667021362874');
Insert into ICC_JOB_AUD (ID,REV,REVTYPE,PRIORITY,ACTIVE,CREATION_DATE,DESCRIPTION,MODIFICATION_DATE,NAME,APPROVER_ID,FOLDER_ID,CREATED_BY,MODIFIED_BY,RIGHTS_ID,TEMPLATE_ID) values ('566773761014480',164,1,'Normal',1,to_timestamp('19-JAN-16 10.10.43.497000000 AM','DD-MON-RR HH.MI.SS.FF AM'),'MustafaJob',to_timestamp('21-JAN-16 10.07.42.881000000 AM','DD-MON-RR HH.MI.SS.FF AM'),'ReadSourceJob','3665522859412','570031515245223',null,null,'566773761286078','3666715969282');
Insert into ICC_JOB_AUD (ID,REV,REVTYPE,PRIORITY,ACTIVE,CREATION_DATE,DESCRIPTION,MODIFICATION_DATE,NAME,APPROVER_ID,FOLDER_ID,CREATED_BY,MODIFIED_BY,RIGHTS_ID,TEMPLATE_ID) values ('567654282094920',165,1,'Normal',1,to_timestamp('19-JAN-16 10.25.24.019000000 AM','DD-MON-RR HH.MI.SS.FF AM'),'ReadTargetJob',to_timestamp('21-JAN-16 10.08.57.667000000 AM','DD-MON-RR HH.MI.SS.FF AM'),'ReadTargetJob','3665522859412','570031515245223',null,null,'567654282998203','3666715969282');
Insert into ICC_JOB_AUD (ID,REV,REVTYPE,PRIORITY,ACTIVE,CREATION_DATE,DESCRIPTION,MODIFICATION_DATE,NAME,APPROVER_ID,FOLDER_ID,CREATED_BY,MODIFIED_BY,RIGHTS_ID,TEMPLATE_ID) values ('567654282094920',166,1,'Normal',1,to_timestamp('19-JAN-16 10.25.24.019000000 AM','DD-MON-RR HH.MI.SS.FF AM'),'ReadTargetJob',to_timestamp('21-JAN-16 10.09.32.642000000 AM','DD-MON-RR HH.MI.SS.FF AM'),'ReadTargetJob','3665522859412','570031515245223',null,null,'567654282998203','3666715969282');
Insert into ICC_JOB_AUD (ID,REV,REVTYPE,PRIORITY,ACTIVE,CREATION_DATE,DESCRIPTION,MODIFICATION_DATE,NAME,APPROVER_ID,FOLDER_ID,CREATED_BY,MODIFIED_BY,RIGHTS_ID,TEMPLATE_ID) values ('567654282094920',202,1,'Normal',1,to_timestamp('19-JAN-16 10.25.24.019000000 AM','DD-MON-RR HH.MI.SS.FF AM'),'ReadTargetJob',to_timestamp('26-JAN-16 02.17.24.869000000 PM','DD-MON-RR HH.MI.SS.FF AM'),'ReadTargetJob','3665522859412','570031515245223',null,null,'567654282998203','3666715969282');
Insert into ICC_JOB_AUD (ID,REV,REVTYPE,PRIORITY,ACTIVE,CREATION_DATE,DESCRIPTION,MODIFICATION_DATE,NAME,APPROVER_ID,FOLDER_ID,CREATED_BY,MODIFIED_BY,RIGHTS_ID,TEMPLATE_ID) values ('567864388346849',203,1,'Normal',1,to_timestamp('19-JAN-16 10.28.54.127000000 AM','DD-MON-RR HH.MI.SS.FF AM'),'WriteJob',to_timestamp('26-JAN-16 02.17.37.908000000 PM','DD-MON-RR HH.MI.SS.FF AM'),'WriteJob','3665522859412','570031515245223',null,null,'567864390649439','3667021362874');
Insert into ICC_JOB_AUD (ID,REV,REVTYPE,PRIORITY,ACTIVE,CREATION_DATE,DESCRIPTION,MODIFICATION_DATE,NAME,APPROVER_ID,FOLDER_ID,CREATED_BY,MODIFIED_BY,RIGHTS_ID,TEMPLATE_ID) values ('498435580873058',129,0,'Normal',1,to_timestamp('18-JAN-16 03.11.45.323000000 PM','DD-MON-RR HH.MI.SS.FF AM'),'MustafaJob',to_timestamp('18-JAN-16 03.11.45.324000000 PM','DD-MON-RR HH.MI.SS.FF AM'),'MustafaJob','3665522859412','492825362067808',null,null,'498435581696726','3666715969282');
Insert into ICC_JOB_AUD (ID,REV,REVTYPE,PRIORITY,ACTIVE,CREATION_DATE,DESCRIPTION,MODIFICATION_DATE,NAME,APPROVER_ID,FOLDER_ID,CREATED_BY,MODIFIED_BY,RIGHTS_ID,TEMPLATE_ID) values ('498648434375338',132,0,'Normal',1,to_timestamp('18-JAN-16 03.15.18.176000000 PM','DD-MON-RR HH.MI.SS.FF AM'),'Rootjob test desc',to_timestamp('18-JAN-16 03.15.18.176000000 PM','DD-MON-RR HH.MI.SS.FF AM'),'BurhanRootJob','3665522859412',null,null,null,'498648434650392','3666949628141');
Insert into ICC_JOB_AUD (ID,REV,REVTYPE,PRIORITY,ACTIVE,CREATION_DATE,DESCRIPTION,MODIFICATION_DATE,NAME,APPROVER_ID,FOLDER_ID,CREATED_BY,MODIFIED_BY,RIGHTS_ID,TEMPLATE_ID) values ('496526143859139',133,1,'Normal',1,to_timestamp('18-JAN-16 04.12.15.956000000 PM','DD-MON-RR HH.MI.SS.FF AM'),'Test job desc.',to_timestamp('18-JAN-16 04.12.15.957000000 PM','DD-MON-RR HH.MI.SS.FF AM'),'AkinTestJob','3665522859412',null,null,null,'502066215817308','3666949628141');
Insert into ICC_JOB_AUD (ID,REV,REVTYPE,PRIORITY,ACTIVE,CREATION_DATE,DESCRIPTION,MODIFICATION_DATE,NAME,APPROVER_ID,FOLDER_ID,CREATED_BY,MODIFIED_BY,RIGHTS_ID,TEMPLATE_ID) values ('504065240797092',134,0,'Normal',1,to_timestamp('18-JAN-16 04.45.34.984000000 PM','DD-MON-RR HH.MI.SS.FF AM'),'dasd',to_timestamp('18-JAN-16 04.45.34.984000000 PM','DD-MON-RR HH.MI.SS.FF AM'),'as','3665522859412','3667379880071',null,null,'504065243149569','3666949628141');
Insert into ICC_JOB_AUD (ID,REV,REVTYPE,PRIORITY,ACTIVE,CREATION_DATE,DESCRIPTION,MODIFICATION_DATE,NAME,APPROVER_ID,FOLDER_ID,CREATED_BY,MODIFIED_BY,RIGHTS_ID,TEMPLATE_ID) values ('567654282094920',149,1,'Normal',1,to_timestamp('19-JAN-16 10.25.24.019000000 AM','DD-MON-RR HH.MI.SS.FF AM'),'ReadTargetJob',to_timestamp('19-JAN-16 10.25.51.444000000 AM','DD-MON-RR HH.MI.SS.FF AM'),'ReadTargetJob','3665522859412',null,null,null,'567654282998203','3666715969282');
Insert into ICC_JOB_AUD (ID,REV,REVTYPE,PRIORITY,ACTIVE,CREATION_DATE,DESCRIPTION,MODIFICATION_DATE,NAME,APPROVER_ID,FOLDER_ID,CREATED_BY,MODIFIED_BY,RIGHTS_ID,TEMPLATE_ID) values ('567759613741360',150,0,'Normal',1,to_timestamp('19-JAN-16 10.27.09.350000000 AM','DD-MON-RR HH.MI.SS.FF AM'),'CompareOne2One',to_timestamp('19-JAN-16 10.27.09.350000000 AM','DD-MON-RR HH.MI.SS.FF AM'),'CompareOne2One','3665522859412',null,null,null,'567759613878038','3666949628141');
Insert into ICC_JOB_AUD (ID,REV,REVTYPE,PRIORITY,ACTIVE,CREATION_DATE,DESCRIPTION,MODIFICATION_DATE,NAME,APPROVER_ID,FOLDER_ID,CREATED_BY,MODIFIED_BY,RIGHTS_ID,TEMPLATE_ID) values ('566773761014480',154,1,'Normal',1,to_timestamp('19-JAN-16 10.10.43.497000000 AM','DD-MON-RR HH.MI.SS.FF AM'),'MustafaJob',to_timestamp('19-JAN-16 11.07.42.882000000 AM','DD-MON-RR HH.MI.SS.FF AM'),'ReadTargetJob','3665522859412','570031515245223',null,null,'566773761286078','3666715969282');
Insert into ICC_JOB_AUD (ID,REV,REVTYPE,PRIORITY,ACTIVE,CREATION_DATE,DESCRIPTION,MODIFICATION_DATE,NAME,APPROVER_ID,FOLDER_ID,CREATED_BY,MODIFIED_BY,RIGHTS_ID,TEMPLATE_ID) values ('566773761014480',157,1,'Normal',1,to_timestamp('19-JAN-16 10.10.43.497000000 AM','DD-MON-RR HH.MI.SS.FF AM'),'MustafaJob',to_timestamp('19-JAN-16 11.56.02.908000000 AM','DD-MON-RR HH.MI.SS.FF AM'),'ReadSourceJob','3665522859412','570031515245223',null,null,'566773761286078','3666715969282');
Insert into ICC_JOB_AUD (ID,REV,REVTYPE,PRIORITY,ACTIVE,CREATION_DATE,DESCRIPTION,MODIFICATION_DATE,NAME,APPROVER_ID,FOLDER_ID,CREATED_BY,MODIFIED_BY,RIGHTS_ID,TEMPLATE_ID) values ('761331556653565',170,0,'Normal',1,to_timestamp('21-JAN-16 04.13.21.283000000 PM','DD-MON-RR HH.MI.SS.FF AM'),'Clear cache data of source and target.',to_timestamp('21-JAN-16 04.13.21.284000000 PM','DD-MON-RR HH.MI.SS.FF AM'),'ClearReadJob',null,'570031515245223',null,null,'761331557188627','761232070575604');
Insert into ICC_JOB_AUD (ID,REV,REVTYPE,PRIORITY,ACTIVE,CREATION_DATE,DESCRIPTION,MODIFICATION_DATE,NAME,APPROVER_ID,FOLDER_ID,CREATED_BY,MODIFIED_BY,RIGHTS_ID,TEMPLATE_ID) values ('1172560785517178',182,0,'Normal',1,to_timestamp('26-JAN-16 10.27.10.500000000 AM','DD-MON-RR HH.MI.SS.FF AM'),'ClearMemory',to_timestamp('26-JAN-16 10.27.10.500000000 AM','DD-MON-RR HH.MI.SS.FF AM'),'ClearMemory','3665522859412','570031515245223',null,null,'1172560785887636','761232070575604');
Insert into ICC_JOB_AUD (ID,REV,REVTYPE,PRIORITY,ACTIVE,CREATION_DATE,DESCRIPTION,MODIFICATION_DATE,NAME,APPROVER_ID,FOLDER_ID,CREATED_BY,MODIFIED_BY,RIGHTS_ID,TEMPLATE_ID) values ('1274347630676321',205,0,'Normal',1,to_timestamp('27-JAN-16 02.43.37.339000000 PM','DD-MON-RR HH.MI.SS.FF AM'),null,to_timestamp('27-JAN-16 02.43.37.339000000 PM','DD-MON-RR HH.MI.SS.FF AM'),'AKN_ReadSource',null,'1274265211951711',null,null,'1274347630932943','3666715969282');
Insert into ICC_JOB_AUD (ID,REV,REVTYPE,PRIORITY,ACTIVE,CREATION_DATE,DESCRIPTION,MODIFICATION_DATE,NAME,APPROVER_ID,FOLDER_ID,CREATED_BY,MODIFIED_BY,RIGHTS_ID,TEMPLATE_ID) values ('1274515116105177',207,0,'Normal',1,to_timestamp('27-JAN-16 02.46.24.825000000 PM','DD-MON-RR HH.MI.SS.FF AM'),null,to_timestamp('27-JAN-16 02.46.24.825000000 PM','DD-MON-RR HH.MI.SS.FF AM'),'AKN_One2One',null,'1274265211951711',null,null,'1274515116365172','3666949628141');
REM INSERTING into ICC_PARAMETER_GLOBAL
SET DEFINE OFF;
Insert into ICC_PARAMETER_GLOBAL (ID,ACTIVE,CREATION_DATE,DESCRIPTION,MODIFICATION_DATE,NAME,VALUE,CREATED_BY,MODIFIED_BY) values ('576495617246231',1,to_timestamp('19-JAN-16 12.52.45.352000000 PM','DD-MON-RR HH.MI.SS.FF AM'),null,to_timestamp('19-JAN-16 12.52.45.352000000 PM','DD-MON-RR HH.MI.SS.FF AM'),'2016 Ramazan Bayram?','05.07.2016',null,null);
Insert into ICC_PARAMETER_GLOBAL (ID,ACTIVE,CREATION_DATE,DESCRIPTION,MODIFICATION_DATE,NAME,VALUE,CREATED_BY,MODIFIED_BY) values ('576546487504294',1,to_timestamp('19-JAN-16 12.53.36.208000000 PM','DD-MON-RR HH.MI.SS.FF AM'),null,to_timestamp('19-JAN-16 12.53.36.224000000 PM','DD-MON-RR HH.MI.SS.FF AM'),'SQL C�mleci?i','SYSDATE-1',null,null);
REM INSERTING into ICC_PARAMETER_GLOBAL_AUD
SET DEFINE OFF;
Insert into ICC_PARAMETER_GLOBAL_AUD (ID,REV,REVTYPE,ACTIVE,CREATION_DATE,DESCRIPTION,MODIFICATION_DATE,NAME,VALUE,CREATED_BY,MODIFIED_BY) values ('576495617246231',158,0,1,to_timestamp('19-JAN-16 12.52.45.352000000 PM','DD-MON-RR HH.MI.SS.FF AM'),null,to_timestamp('19-JAN-16 12.52.45.352000000 PM','DD-MON-RR HH.MI.SS.FF AM'),'2016 Ramazan Bayram?','05.07.2016',null,null);
Insert into ICC_PARAMETER_GLOBAL_AUD (ID,REV,REVTYPE,ACTIVE,CREATION_DATE,DESCRIPTION,MODIFICATION_DATE,NAME,VALUE,CREATED_BY,MODIFIED_BY) values ('576546487504294',159,0,1,to_timestamp('19-JAN-16 12.53.36.208000000 PM','DD-MON-RR HH.MI.SS.FF AM'),null,to_timestamp('19-JAN-16 12.53.36.224000000 PM','DD-MON-RR HH.MI.SS.FF AM'),'SQL C�mleci?i','SYSDATE-1',null,null);
REM INSERTING into ICC_PARAMETER_LOCAL
SET DEFINE OFF;
Insert into ICC_PARAMETER_LOCAL (ID,ACTIVE,CREATION_DATE,DESCRIPTION,MODIFICATION_DATE,NAME,VALUE,FOLDER_ID,CREATED_BY,MODIFIED_BY,RIGHTS_ID) values ('5166313785100537',1,to_timestamp('12-MAR-16 03.49.43.459000000 PM','DD-MON-RR HH.MI.SS.FF AM'),'by burhan',to_timestamp('12-MAR-16 03.49.43.459000000 PM','DD-MON-RR HH.MI.SS.FF AM'),'TEST LOCAL PARAMETER','Burhan',null,'3665522859412','3665522859412','5166313785062927');
Insert into ICC_PARAMETER_LOCAL (ID,ACTIVE,CREATION_DATE,DESCRIPTION,MODIFICATION_DATE,NAME,VALUE,FOLDER_ID,CREATED_BY,MODIFIED_BY,RIGHTS_ID) values ('5166371877062674',1,to_timestamp('12-MAR-16 03.50.41.550000000 PM','DD-MON-RR HH.MI.SS.FF AM'),'created by burhan',to_timestamp('12-MAR-16 03.50.41.550000000 PM','DD-MON-RR HH.MI.SS.FF AM'),'Local test parameter in test folder','burhan','3667379880071','3665522859412','3665522859412','5166371877035874');
Insert into ICC_PARAMETER_LOCAL (ID,ACTIVE,CREATION_DATE,DESCRIPTION,MODIFICATION_DATE,NAME,VALUE,FOLDER_ID,CREATED_BY,MODIFIED_BY,RIGHTS_ID) values ('5166653563093234',1,to_timestamp('12-MAR-16 03.55.23.236000000 PM','DD-MON-RR HH.MI.SS.FF AM'),null,to_timestamp('12-MAR-16 03.55.23.236000000 PM','DD-MON-RR HH.MI.SS.FF AM'),'test burhan','byas','3667379880071','3665522859412','3665522859412','5166653563071232');
Insert into ICC_PARAMETER_LOCAL (ID,ACTIVE,CREATION_DATE,DESCRIPTION,MODIFICATION_DATE,NAME,VALUE,FOLDER_ID,CREATED_BY,MODIFIED_BY,RIGHTS_ID) values ('5166694170342280',1,to_timestamp('12-MAR-16 03.56.03.844000000 PM','DD-MON-RR HH.MI.SS.FF AM'),'asdasd',to_timestamp('12-MAR-16 03.56.03.844000000 PM','DD-MON-RR HH.MI.SS.FF AM'),'last shot','shoty','3667379880071','3665522859412','3665522859412','5166694170317184');
Insert into ICC_PARAMETER_LOCAL (ID,ACTIVE,CREATION_DATE,DESCRIPTION,MODIFICATION_DATE,NAME,VALUE,FOLDER_ID,CREATED_BY,MODIFIED_BY,RIGHTS_ID) values ('5166727423545818',1,to_timestamp('12-MAR-16 03.56.37.097000000 PM','DD-MON-RR HH.MI.SS.FF AM'),null,to_timestamp('12-MAR-16 03.56.37.097000000 PM','DD-MON-RR HH.MI.SS.FF AM'),'wiggle wiggle','snoop','3667379880071','3665522859412','3665522859412','5166727423505536');
Insert into ICC_PARAMETER_LOCAL (ID,ACTIVE,CREATION_DATE,DESCRIPTION,MODIFICATION_DATE,NAME,VALUE,FOLDER_ID,CREATED_BY,MODIFIED_BY,RIGHTS_ID) values ('5174639035268800',1,to_timestamp('12-MAR-16 06.08.28.708000000 PM','DD-MON-RR HH.MI.SS.FF AM'),'fdgfdsgfdsgfd',to_timestamp('12-MAR-16 06.08.50.905000000 PM','DD-MON-RR HH.MI.SS.FF AM'),'parameter 1 2','hakan','5174619660425646','3665522859412','3665522859412','5174639035240897');
Insert into ICC_PARAMETER_LOCAL (ID,ACTIVE,CREATION_DATE,DESCRIPTION,MODIFICATION_DATE,NAME,VALUE,FOLDER_ID,CREATED_BY,MODIFIED_BY,RIGHTS_ID) values ('5323802882791548',1,to_timestamp('14-MAR-16 11.34.32.547000000 AM','DD-MON-RR HH.MI.SS.FF AM'),'deneme parametre 1 xxxxxxxxxxxxxxxxxxxxxxxxxxxxxxxxxxxxxxxxxxxxxxxxxxxxxxxxxxxxxxxxxxxxxxxxxxxxxxxxxxxxxxxxxxxxxxxxxxxxxxxxxxxxxxxxxxxxxxxxxxxxxxxxxxxxxxxxxxxxxxxxxxxxxxxxxxxxxxxxxxxxxxxxxxxxxxxxxxxxxxxxxxxxxxxxxxxxxxxxxxxxxxxxxxxxxxx',to_timestamp('14-MAR-16 03.42.45.372000000 PM','DD-MON-RR HH.MI.SS.FF AM'),'PARAMETRE12',null,null,'3665522859412','3665522859412','5323802882768975');
REM INSERTING into ICC_PARAMETER_LOCAL_AUD
SET DEFINE OFF;
Insert into ICC_PARAMETER_LOCAL_AUD (ID,REV,REVTYPE,ACTIVE,CREATION_DATE,DESCRIPTION,MODIFICATION_DATE,NAME,VALUE,FOLDER_ID,CREATED_BY,MODIFIED_BY,RIGHTS_ID) values ('5166313785100537',244,0,1,to_timestamp('12-MAR-16 03.49.43.459000000 PM','DD-MON-RR HH.MI.SS.FF AM'),'by burhan',to_timestamp('12-MAR-16 03.49.43.459000000 PM','DD-MON-RR HH.MI.SS.FF AM'),'TEST LOCAL PARAMETER','Burhan',null,'3665522859412','3665522859412','5166313785062927');
Insert into ICC_PARAMETER_LOCAL_AUD (ID,REV,REVTYPE,ACTIVE,CREATION_DATE,DESCRIPTION,MODIFICATION_DATE,NAME,VALUE,FOLDER_ID,CREATED_BY,MODIFIED_BY,RIGHTS_ID) values ('5166371877062674',245,0,1,to_timestamp('12-MAR-16 03.50.41.550000000 PM','DD-MON-RR HH.MI.SS.FF AM'),'created by burhan',to_timestamp('12-MAR-16 03.50.41.550000000 PM','DD-MON-RR HH.MI.SS.FF AM'),'Local test parameter in test folder','burhan','3667379880071','3665522859412','3665522859412','5166371877035874');
Insert into ICC_PARAMETER_LOCAL_AUD (ID,REV,REVTYPE,ACTIVE,CREATION_DATE,DESCRIPTION,MODIFICATION_DATE,NAME,VALUE,FOLDER_ID,CREATED_BY,MODIFIED_BY,RIGHTS_ID) values ('5166653563093234',246,0,1,to_timestamp('12-MAR-16 03.55.23.236000000 PM','DD-MON-RR HH.MI.SS.FF AM'),null,to_timestamp('12-MAR-16 03.55.23.236000000 PM','DD-MON-RR HH.MI.SS.FF AM'),'test burhan','byas','3667379880071','3665522859412','3665522859412','5166653563071232');
Insert into ICC_PARAMETER_LOCAL_AUD (ID,REV,REVTYPE,ACTIVE,CREATION_DATE,DESCRIPTION,MODIFICATION_DATE,NAME,VALUE,FOLDER_ID,CREATED_BY,MODIFIED_BY,RIGHTS_ID) values ('5166694170342280',247,0,1,to_timestamp('12-MAR-16 03.56.03.844000000 PM','DD-MON-RR HH.MI.SS.FF AM'),'asdasd',to_timestamp('12-MAR-16 03.56.03.844000000 PM','DD-MON-RR HH.MI.SS.FF AM'),'last shot','shoty','3667379880071','3665522859412','3665522859412','5166694170317184');
Insert into ICC_PARAMETER_LOCAL_AUD (ID,REV,REVTYPE,ACTIVE,CREATION_DATE,DESCRIPTION,MODIFICATION_DATE,NAME,VALUE,FOLDER_ID,CREATED_BY,MODIFIED_BY,RIGHTS_ID) values ('5166727423545818',248,0,1,to_timestamp('12-MAR-16 03.56.37.097000000 PM','DD-MON-RR HH.MI.SS.FF AM'),null,to_timestamp('12-MAR-16 03.56.37.097000000 PM','DD-MON-RR HH.MI.SS.FF AM'),'wiggle wiggle','snoop','3667379880071','3665522859412','3665522859412','5166727423505536');
Insert into ICC_PARAMETER_LOCAL_AUD (ID,REV,REVTYPE,ACTIVE,CREATION_DATE,DESCRIPTION,MODIFICATION_DATE,NAME,VALUE,FOLDER_ID,CREATED_BY,MODIFIED_BY,RIGHTS_ID) values ('5174639035268800',263,0,1,to_timestamp('12-MAR-16 06.08.28.708000000 PM','DD-MON-RR HH.MI.SS.FF AM'),'fdgfdsgfdsgfd',to_timestamp('12-MAR-16 06.08.28.708000000 PM','DD-MON-RR HH.MI.SS.FF AM'),'parameter 1','hakan','5174619660425646','3665522859412','3665522859412','5174639035240897');
Insert into ICC_PARAMETER_LOCAL_AUD (ID,REV,REVTYPE,ACTIVE,CREATION_DATE,DESCRIPTION,MODIFICATION_DATE,NAME,VALUE,FOLDER_ID,CREATED_BY,MODIFIED_BY,RIGHTS_ID) values ('5174639035268800',264,1,1,to_timestamp('12-MAR-16 06.08.28.708000000 PM','DD-MON-RR HH.MI.SS.FF AM'),'fdgfdsgfdsgfd',to_timestamp('12-MAR-16 06.08.50.905000000 PM','DD-MON-RR HH.MI.SS.FF AM'),'parameter 1 2','hakan','5174619660425646','3665522859412','3665522859412','5174639035240897');
Insert into ICC_PARAMETER_LOCAL_AUD (ID,REV,REVTYPE,ACTIVE,CREATION_DATE,DESCRIPTION,MODIFICATION_DATE,NAME,VALUE,FOLDER_ID,CREATED_BY,MODIFIED_BY,RIGHTS_ID) values ('5323802882791548',287,0,1,to_timestamp('14-MAR-16 11.34.32.547000000 AM','DD-MON-RR HH.MI.SS.FF AM'),'deneme parametre 1',to_timestamp('14-MAR-16 11.34.32.547000000 AM','DD-MON-RR HH.MI.SS.FF AM'),'PARAMETRE1',null,null,'3665522859412','3665522859412','5323802882768975');
Insert into ICC_PARAMETER_LOCAL_AUD (ID,REV,REVTYPE,ACTIVE,CREATION_DATE,DESCRIPTION,MODIFICATION_DATE,NAME,VALUE,FOLDER_ID,CREATED_BY,MODIFIED_BY,RIGHTS_ID) values ('5323990214090556',288,0,1,to_timestamp('14-MAR-16 11.37.39.887000000 AM','DD-MON-RR HH.MI.SS.FF AM'),null,to_timestamp('14-MAR-16 11.37.39.887000000 AM','DD-MON-RR HH.MI.SS.FF AM'),'parametre2',null,'5322984514833837','3665522859412','3665522859412','5323990214061238');
Insert into ICC_PARAMETER_LOCAL_AUD (ID,REV,REVTYPE,ACTIVE,CREATION_DATE,DESCRIPTION,MODIFICATION_DATE,NAME,VALUE,FOLDER_ID,CREATED_BY,MODIFIED_BY,RIGHTS_ID) values ('5323990214090556',289,1,0,to_timestamp('14-MAR-16 11.37.39.887000000 AM','DD-MON-RR HH.MI.SS.FF AM'),null,to_timestamp('14-MAR-16 11.38.06.158000000 AM','DD-MON-RR HH.MI.SS.FF AM'),'parametre2',null,'5322984514833837','3665522859412','3665522859412','5323990214061238');
Insert into ICC_PARAMETER_LOCAL_AUD (ID,REV,REVTYPE,ACTIVE,CREATION_DATE,DESCRIPTION,MODIFICATION_DATE,NAME,VALUE,FOLDER_ID,CREATED_BY,MODIFIED_BY,RIGHTS_ID) values ('5323990214090556',290,1,1,to_timestamp('14-MAR-16 11.37.39.887000000 AM','DD-MON-RR HH.MI.SS.FF AM'),'deneme2',to_timestamp('14-MAR-16 11.38.48.231000000 AM','DD-MON-RR HH.MI.SS.FF AM'),'parametre2','exp2','5322984514833837','3665522859412','3665522859412','5323990214061238');
Insert into ICC_PARAMETER_LOCAL_AUD (ID,REV,REVTYPE,ACTIVE,CREATION_DATE,DESCRIPTION,MODIFICATION_DATE,NAME,VALUE,FOLDER_ID,CREATED_BY,MODIFIED_BY,RIGHTS_ID) values ('5323990214090556',291,2,null,null,null,null,null,null,null,null,null,null);
Insert into ICC_PARAMETER_LOCAL_AUD (ID,REV,REVTYPE,ACTIVE,CREATION_DATE,DESCRIPTION,MODIFICATION_DATE,NAME,VALUE,FOLDER_ID,CREATED_BY,MODIFIED_BY,RIGHTS_ID) values ('5324459312900912',294,0,1,to_timestamp('14-MAR-16 11.45.28.980000000 AM','DD-MON-RR HH.MI.SS.FF AM'),'deneme',to_timestamp('14-MAR-16 11.45.28.980000000 AM','DD-MON-RR HH.MI.SS.FF AM'),'parametre01','deneme','5324335990106755','3665522859412','3665522859412','5324459312879559');
Insert into ICC_PARAMETER_LOCAL_AUD (ID,REV,REVTYPE,ACTIVE,CREATION_DATE,DESCRIPTION,MODIFICATION_DATE,NAME,VALUE,FOLDER_ID,CREATED_BY,MODIFIED_BY,RIGHTS_ID) values ('5324459312900912',295,2,null,null,null,null,null,null,null,null,null,null);
Insert into ICC_PARAMETER_LOCAL_AUD (ID,REV,REVTYPE,ACTIVE,CREATION_DATE,DESCRIPTION,MODIFICATION_DATE,NAME,VALUE,FOLDER_ID,CREATED_BY,MODIFIED_BY,RIGHTS_ID) values ('5323802882791548',296,1,1,to_timestamp('14-MAR-16 11.34.32.547000000 AM','DD-MON-RR HH.MI.SS.FF AM'),'deneme parametre 1',to_timestamp('14-MAR-16 12.00.19.071000000 PM','DD-MON-RR HH.MI.SS.FF AM'),'PARAMETRE12',null,null,'3665522859412','3665522859412','5323802882768975');
Insert into ICC_PARAMETER_LOCAL_AUD (ID,REV,REVTYPE,ACTIVE,CREATION_DATE,DESCRIPTION,MODIFICATION_DATE,NAME,VALUE,FOLDER_ID,CREATED_BY,MODIFIED_BY,RIGHTS_ID) values ('5323802882791548',307,1,1,to_timestamp('14-MAR-16 11.34.32.547000000 AM','DD-MON-RR HH.MI.SS.FF AM'),'deneme parametre 1 xxxxxxxxxxxxxxxxxxxxxxxxxxxxxxxxxxxxxxxxxxxxxxxxxxxxxxxxxxxxxxxxxxxxxxxxxxxxxxxxxxxxxxxxxxxxxxxxxxxxxxxxxxxxxxxxxxxxxxxxxxxxxxxxxxxxxxxxxxxxxxxxxxxxxxxxxxxxxxxxxxxxxxxxxxxxxxxxxxxxxxxxxxxxxxxxxxxxxxxxxxxxxxxxxxxxxxx',to_timestamp('14-MAR-16 03.42.45.372000000 PM','DD-MON-RR HH.MI.SS.FF AM'),'PARAMETRE12',null,null,'3665522859412','3665522859412','5323802882768975');
REM INSERTING into ICC_RIGHTS
SET DEFINE OFF;
Insert into ICC_RIGHTS (ID,OWNER_ID) values ('498472340514927','3665522859412');
Insert into ICC_RIGHTS (ID,OWNER_ID) values ('566773761286078','3665522859412');
Insert into ICC_RIGHTS (ID,OWNER_ID) values ('567654282998203','3665522859412');
Insert into ICC_RIGHTS (ID,OWNER_ID) values ('567864390649439','3665522859412');
Insert into ICC_RIGHTS (ID,OWNER_ID) values ('6025943686519490','3665522859412');
Insert into ICC_RIGHTS (ID,OWNER_ID) values ('496917841241985','3665522859412');
Insert into ICC_RIGHTS (ID,OWNER_ID) values ('570031515304472','3665522859412');
Insert into ICC_RIGHTS (ID,OWNER_ID) values ('2004239196705478','3665522859412');
Insert into ICC_RIGHTS (ID,OWNER_ID) values ('5166313785062927','3665522859412');
Insert into ICC_RIGHTS (ID,OWNER_ID) values ('5166371877035874','3665522859412');
Insert into ICC_RIGHTS (ID,OWNER_ID) values ('5166653563071232','3665522859412');
Insert into ICC_RIGHTS (ID,OWNER_ID) values ('5166694170317184','3665522859412');
Insert into ICC_RIGHTS (ID,OWNER_ID) values ('5166727423505536','3665522859412');
Insert into ICC_RIGHTS (ID,OWNER_ID) values ('5167118273780507','3665522859412');
Insert into ICC_RIGHTS (ID,OWNER_ID) values ('5167145692889250','3665522859412');
Insert into ICC_RIGHTS (ID,OWNER_ID) values ('5167224072647523','3665522859412');
Insert into ICC_RIGHTS (ID,OWNER_ID) values ('5167439300078936','3665522859412');
Insert into ICC_RIGHTS (ID,OWNER_ID) values ('5173252750944917','3665522859412');
Insert into ICC_RIGHTS (ID,OWNER_ID) values ('5174619660403639','3665522859412');
Insert into ICC_RIGHTS (ID,OWNER_ID) values ('5174639035240897','3665522859412');
Insert into ICC_RIGHTS (ID,OWNER_ID) values ('496237669812628','3665522859412');
Insert into ICC_RIGHTS (ID,OWNER_ID) values ('496526144954347','3665522859412');
Insert into ICC_RIGHTS (ID,OWNER_ID) values ('497303529743262','3665522859412');
Insert into ICC_RIGHTS (ID,OWNER_ID) values ('498578187668750','3665522859412');
Insert into ICC_RIGHTS (ID,OWNER_ID) values ('506996701786245','3665522859412');
Insert into ICC_RIGHTS (ID,OWNER_ID) values ('4369538711042049','3665522859412');
Insert into ICC_RIGHTS (ID,OWNER_ID) values ('5322984514811342','3665522859412');
Insert into ICC_RIGHTS (ID,OWNER_ID) values ('5323711569711354','3665522859412');
Insert into ICC_RIGHTS (ID,OWNER_ID) values ('5323802882768975','3665522859412');
Insert into ICC_RIGHTS (ID,OWNER_ID) values ('5604893412198451','3665522859412');
Insert into ICC_RIGHTS (ID,OWNER_ID) values ('5324335990086395','3665522859412');
Insert into ICC_RIGHTS (ID,OWNER_ID) values ('3667405909685','3665522859412');
Insert into ICC_RIGHTS (ID,OWNER_ID) values ('3668143064773','3665522859412');
Insert into ICC_RIGHTS (ID,OWNER_ID) values ('3668603587765','3665522859412');
Insert into ICC_RIGHTS (ID,OWNER_ID) values ('3668837513797','3665522859412');
Insert into ICC_RIGHTS (ID,OWNER_ID) values ('3669038193890','3665522859412');
Insert into ICC_RIGHTS (ID,OWNER_ID) values ('1274265219756685','3665522859412');
Insert into ICC_RIGHTS (ID,OWNER_ID) values ('492825362195000','3665522859412');
Insert into ICC_RIGHTS (ID,OWNER_ID) values ('498435581696726','3665522859412');
Insert into ICC_RIGHTS (ID,OWNER_ID) values ('498648434650392','3665522859412');
Insert into ICC_RIGHTS (ID,OWNER_ID) values ('502066215817308','3665522859412');
Insert into ICC_RIGHTS (ID,OWNER_ID) values ('504065243149569','3665522859412');
Insert into ICC_RIGHTS (ID,OWNER_ID) values ('567759613878038','3665522859412');
Insert into ICC_RIGHTS (ID,OWNER_ID) values ('1172560785887636','3665522859412');
REM INSERTING into ICC_RIGHTS_AUD
SET DEFINE OFF;
Insert into ICC_RIGHTS_AUD (ID,REV,REVTYPE,OWNER_ID) values ('498472340514927',130,0,'3665522859412');
Insert into ICC_RIGHTS_AUD (ID,REV,REVTYPE,OWNER_ID) values ('566773761286078',145,0,'3665522859412');
Insert into ICC_RIGHTS_AUD (ID,REV,REVTYPE,OWNER_ID) values ('567654282998203',148,0,'3665522859412');
Insert into ICC_RIGHTS_AUD (ID,REV,REVTYPE,OWNER_ID) values ('567864390649439',151,0,'3665522859412');
Insert into ICC_RIGHTS_AUD (ID,REV,REVTYPE,OWNER_ID) values ('761331557188627',171,2,null);
Insert into ICC_RIGHTS_AUD (ID,REV,REVTYPE,OWNER_ID) values ('1274612853712215',209,0,'3665522859412');
Insert into ICC_RIGHTS_AUD (ID,REV,REVTYPE,OWNER_ID) values ('6025943686519490',321,0,'3665522859412');
Insert into ICC_RIGHTS_AUD (ID,REV,REVTYPE,OWNER_ID) values ('496917841241985',127,0,'3665522859412');
Insert into ICC_RIGHTS_AUD (ID,REV,REVTYPE,OWNER_ID) values ('570031515304472',153,0,'3665522859412');
Insert into ICC_RIGHTS_AUD (ID,REV,REVTYPE,OWNER_ID) values ('1274376633438619',206,0,'3665522859412');
Insert into ICC_RIGHTS_AUD (ID,REV,REVTYPE,OWNER_ID) values ('1274584501569631',208,0,'3665522859412');
Insert into ICC_RIGHTS_AUD (ID,REV,REVTYPE,OWNER_ID) values ('2004239196705478',212,0,'3665522859412');
Insert into ICC_RIGHTS_AUD (ID,REV,REVTYPE,OWNER_ID) values ('4393505688532716',223,0,'3665522859412');
Insert into ICC_RIGHTS_AUD (ID,REV,REVTYPE,OWNER_ID) values ('5166313785062927',244,0,'3665522859412');
Insert into ICC_RIGHTS_AUD (ID,REV,REVTYPE,OWNER_ID) values ('5166371877035874',245,0,'3665522859412');
Insert into ICC_RIGHTS_AUD (ID,REV,REVTYPE,OWNER_ID) values ('5166653563071232',246,0,'3665522859412');
Insert into ICC_RIGHTS_AUD (ID,REV,REVTYPE,OWNER_ID) values ('5166694170317184',247,0,'3665522859412');
Insert into ICC_RIGHTS_AUD (ID,REV,REVTYPE,OWNER_ID) values ('5166727423505536',248,0,'3665522859412');
Insert into ICC_RIGHTS_AUD (ID,REV,REVTYPE,OWNER_ID) values ('5167118273780507',249,0,'3665522859412');
Insert into ICC_RIGHTS_AUD (ID,REV,REVTYPE,OWNER_ID) values ('5167145692889250',250,0,'3665522859412');
Insert into ICC_RIGHTS_AUD (ID,REV,REVTYPE,OWNER_ID) values ('5167224072647523',251,0,'3665522859412');
Insert into ICC_RIGHTS_AUD (ID,REV,REVTYPE,OWNER_ID) values ('5167439300078936',252,0,'3665522859412');
Insert into ICC_RIGHTS_AUD (ID,REV,REVTYPE,OWNER_ID) values ('5173252750944917',260,0,'3665522859412');
Insert into ICC_RIGHTS_AUD (ID,REV,REVTYPE,OWNER_ID) values ('5174619660403639',262,0,'3665522859412');
Insert into ICC_RIGHTS_AUD (ID,REV,REVTYPE,OWNER_ID) values ('5174639035240897',263,0,'3665522859412');
Insert into ICC_RIGHTS_AUD (ID,REV,REVTYPE,OWNER_ID) values ('5320672553303196',281,0,'3665522859412');
Insert into ICC_RIGHTS_AUD (ID,REV,REVTYPE,OWNER_ID) values ('5321212604734632',282,0,'3665522859412');
Insert into ICC_RIGHTS_AUD (ID,REV,REVTYPE,OWNER_ID) values ('496237669812628',125,0,'3665522859412');
Insert into ICC_RIGHTS_AUD (ID,REV,REVTYPE,OWNER_ID) values ('496526144954347',126,0,'3665522859412');
Insert into ICC_RIGHTS_AUD (ID,REV,REVTYPE,OWNER_ID) values ('497303529743262',128,0,'3665522859412');
Insert into ICC_RIGHTS_AUD (ID,REV,REVTYPE,OWNER_ID) values ('498578187668750',131,0,'3665522859412');
Insert into ICC_RIGHTS_AUD (ID,REV,REVTYPE,OWNER_ID) values ('506996701786245',143,0,'3665522859412');
Insert into ICC_RIGHTS_AUD (ID,REV,REVTYPE,OWNER_ID) values ('4369538711042049',221,0,'3665522859412');
Insert into ICC_RIGHTS_AUD (ID,REV,REVTYPE,OWNER_ID) values ('5322984514811342',284,0,'3665522859412');
Insert into ICC_RIGHTS_AUD (ID,REV,REVTYPE,OWNER_ID) values ('5323711569711354',286,0,'3665522859412');
Insert into ICC_RIGHTS_AUD (ID,REV,REVTYPE,OWNER_ID) values ('5323802882768975',287,0,'3665522859412');
Insert into ICC_RIGHTS_AUD (ID,REV,REVTYPE,OWNER_ID) values ('5323990214061238',288,0,'3665522859412');
Insert into ICC_RIGHTS_AUD (ID,REV,REVTYPE,OWNER_ID) values ('5323990214061238',291,2,null);
Insert into ICC_RIGHTS_AUD (ID,REV,REVTYPE,OWNER_ID) values ('5324335990086395',293,0,'3665522859412');
Insert into ICC_RIGHTS_AUD (ID,REV,REVTYPE,OWNER_ID) values ('5324459312879559',294,0,'3665522859412');
Insert into ICC_RIGHTS_AUD (ID,REV,REVTYPE,OWNER_ID) values ('5324459312879559',295,2,null);
Insert into ICC_RIGHTS_AUD (ID,REV,REVTYPE,OWNER_ID) values ('5320672553303196',308,2,null);
Insert into ICC_RIGHTS_AUD (ID,REV,REVTYPE,OWNER_ID) values ('5321212604734632',308,2,null);
Insert into ICC_RIGHTS_AUD (ID,REV,REVTYPE,OWNER_ID) values ('1274584501569631',308,2,null);
Insert into ICC_RIGHTS_AUD (ID,REV,REVTYPE,OWNER_ID) values ('4393505688532716',308,2,null);
Insert into ICC_RIGHTS_AUD (ID,REV,REVTYPE,OWNER_ID) values ('1274347630932943',308,2,null);
Insert into ICC_RIGHTS_AUD (ID,REV,REVTYPE,OWNER_ID) values ('1274376633438619',308,2,null);
Insert into ICC_RIGHTS_AUD (ID,REV,REVTYPE,OWNER_ID) values ('1274515116365172',308,2,null);
Insert into ICC_RIGHTS_AUD (ID,REV,REVTYPE,OWNER_ID) values ('1274612853712215',308,2,null);
Insert into ICC_RIGHTS_AUD (ID,REV,REVTYPE,OWNER_ID) values ('5604893412198451',319,0,'3665522859412');
Insert into ICC_RIGHTS_AUD (ID,REV,REVTYPE,OWNER_ID) values ('3667405909685',88,0,'3665522859412');
Insert into ICC_RIGHTS_AUD (ID,REV,REVTYPE,OWNER_ID) values ('3668143064773',89,0,'3665522859412');
Insert into ICC_RIGHTS_AUD (ID,REV,REVTYPE,OWNER_ID) values ('3668603587765',90,0,'3665522859412');
Insert into ICC_RIGHTS_AUD (ID,REV,REVTYPE,OWNER_ID) values ('3668837513797',91,0,'3665522859412');
Insert into ICC_RIGHTS_AUD (ID,REV,REVTYPE,OWNER_ID) values ('3669038193890',92,0,'3665522859412');
Insert into ICC_RIGHTS_AUD (ID,REV,REVTYPE,OWNER_ID) values ('1274265219756685',204,0,'3665522859412');
Insert into ICC_RIGHTS_AUD (ID,REV,REVTYPE,OWNER_ID) values ('492825362195000',124,0,'3665522859412');
Insert into ICC_RIGHTS_AUD (ID,REV,REVTYPE,OWNER_ID) values ('498435581696726',129,0,'3665522859412');
Insert into ICC_RIGHTS_AUD (ID,REV,REVTYPE,OWNER_ID) values ('498648434650392',132,0,'3665522859412');
Insert into ICC_RIGHTS_AUD (ID,REV,REVTYPE,OWNER_ID) values ('502066215817308',133,0,'3665522859412');
Insert into ICC_RIGHTS_AUD (ID,REV,REVTYPE,OWNER_ID) values ('504065243149569',134,0,'3665522859412');
Insert into ICC_RIGHTS_AUD (ID,REV,REVTYPE,OWNER_ID) values ('567759613878038',150,0,'3665522859412');
Insert into ICC_RIGHTS_AUD (ID,REV,REVTYPE,OWNER_ID) values ('654641983962980',162,0,'3665522859412');
Insert into ICC_RIGHTS_AUD (ID,REV,REVTYPE,OWNER_ID) values ('654641983962980',163,2,null);
Insert into ICC_RIGHTS_AUD (ID,REV,REVTYPE,OWNER_ID) values ('761331557188627',170,0,'3665522859412');
Insert into ICC_RIGHTS_AUD (ID,REV,REVTYPE,OWNER_ID) values ('1172560785887636',182,0,'3665522859412');
Insert into ICC_RIGHTS_AUD (ID,REV,REVTYPE,OWNER_ID) values ('1274347630932943',205,0,'3665522859412');
Insert into ICC_RIGHTS_AUD (ID,REV,REVTYPE,OWNER_ID) values ('1274515116365172',207,0,'3665522859412');
REM INSERTING into ICC_RIGHTS_ROLE
SET DEFINE OFF;
REM INSERTING into ICC_RIGHTS_ROLE_AUD
SET DEFINE OFF;
REM INSERTING into ICC_RIGHTS_USER
SET DEFINE OFF;
REM INSERTING into ICC_RIGHTS_USER_AUD
SET DEFINE OFF;
REM INSERTING into ICC_ROLE
SET DEFINE OFF;
Insert into ICC_ROLE (ID,ACTIVE,CREATION_DATE,DESCRIPTION,MODIFICATION_DATE,NAME,CREATED_BY,MODIFIED_BY) values ('5322484287560034',1,to_timestamp('14-MAR-16 11.12.33.954000000 AM','DD-MON-RR HH.MI.SS.FF AM'),'Some Description',to_timestamp('14-MAR-16 04.04.54.867000000 PM','DD-MON-RR HH.MI.SS.FF AM'),'Some Role','3665522859412','3665522859412');
Insert into ICC_ROLE (ID,ACTIVE,CREATION_DATE,DESCRIPTION,MODIFICATION_DATE,NAME,CREATED_BY,MODIFIED_BY) values ('5333170540543255',1,to_timestamp('14-MAR-16 02.10.40.213000000 PM','DD-MON-RR HH.MI.SS.FF AM'),null,to_timestamp('14-MAR-16 02.10.40.213000000 PM','DD-MON-RR HH.MI.SS.FF AM'),'DENEMERL1','3665522859412','3665522859412');
Insert into ICC_ROLE (ID,ACTIVE,CREATION_DATE,DESCRIPTION,MODIFICATION_DATE,NAME,CREATED_BY,MODIFIED_BY) values ('5333475338184348',0,to_timestamp('14-MAR-16 02.15.45.010000000 PM','DD-MON-RR HH.MI.SS.FF AM'),'XXXXXXX',to_timestamp('14-MAR-16 02.18.19.407000000 PM','DD-MON-RR HH.MI.SS.FF AM'),'DENEMERL2','3665522859412','3665522859412');
Insert into ICC_ROLE (ID,ACTIVE,CREATION_DATE,DESCRIPTION,MODIFICATION_DATE,NAME,CREATED_BY,MODIFIED_BY) values ('5171041887518961',1,to_timestamp('12-MAR-16 05.08.31.561000000 PM','DD-MON-RR HH.MI.SS.FF AM'),'created by burhan',to_timestamp('12-MAR-16 05.42.46.194000000 PM','DD-MON-RR HH.MI.SS.FF AM'),'TEST ROLE','3665522859412','3665522859412');
Insert into ICC_ROLE (ID,ACTIVE,CREATION_DATE,DESCRIPTION,MODIFICATION_DATE,NAME,CREATED_BY,MODIFIED_BY) values ('5323529158441534',1,to_timestamp('14-MAR-16 11.29.58.828000000 AM','DD-MON-RR HH.MI.SS.FF AM'),'kjlkjljlkjlkjlkjl',to_timestamp('14-MAR-16 04.06.00.458000000 PM','DD-MON-RR HH.MI.SS.FF AM'),'Testttt','3665522859412','3665522859412');
Insert into ICC_ROLE (ID,ACTIVE,CREATION_DATE,DESCRIPTION,MODIFICATION_DATE,NAME,CREATED_BY,MODIFIED_BY) values ('247470023989850',1,to_timestamp('15-JAN-16 05.24.06.645000000 PM','DD-MON-RR HH.MI.SS.FF AM'),null,to_timestamp('15-JAN-16 05.24.06.645000000 PM','DD-MON-RR HH.MI.SS.FF AM'),'Administrators',null,null);
REM INSERTING into ICC_ROLEUSER
SET DEFINE OFF;
Insert into ICC_ROLEUSER (ROLE_ID,USER_ID) values ('247470023989850','3665522859412');
Insert into ICC_ROLEUSER (ROLE_ID,USER_ID) values ('5171041887518961','3665522859412');
Insert into ICC_ROLEUSER (ROLE_ID,USER_ID) values ('5333170540543255','3665522859412');
Insert into ICC_ROLEUSER (ROLE_ID,USER_ID) values ('5333170540543255','5164351046962275');
Insert into ICC_ROLEUSER (ROLE_ID,USER_ID) values ('5333170540543255','5331958403856365');
REM INSERTING into ICC_ROLEUSER_AUD
SET DEFINE OFF;
Insert into ICC_ROLEUSER_AUD (REV,ROLE_ID,USER_ID,REVTYPE) values (258,'5171041887518961','5164351046962275',0);
Insert into ICC_ROLEUSER_AUD (REV,ROLE_ID,USER_ID,REVTYPE) values (259,'5171041887518961','3665522859412',0);
Insert into ICC_ROLEUSER_AUD (REV,ROLE_ID,USER_ID,REVTYPE) values (259,'5171041887518961','5164351046962275',2);
Insert into ICC_ROLEUSER_AUD (REV,ROLE_ID,USER_ID,REVTYPE) values (303,'5333170540543255','3665522859412',0);
Insert into ICC_ROLEUSER_AUD (REV,ROLE_ID,USER_ID,REVTYPE) values (303,'5333170540543255','5164351046962275',0);
Insert into ICC_ROLEUSER_AUD (REV,ROLE_ID,USER_ID,REVTYPE) values (303,'5333170540543255','5331958403856365',0);
Insert into ICC_ROLEUSER_AUD (REV,ROLE_ID,USER_ID,REVTYPE) values (304,'5333475338184348','5331958403856365',0);
Insert into ICC_ROLEUSER_AUD (REV,ROLE_ID,USER_ID,REVTYPE) values (304,'5333475338184348','5331154609355776',0);
Insert into ICC_ROLEUSER_AUD (REV,ROLE_ID,USER_ID,REVTYPE) values (304,'5333475338184348','5164351046962275',0);
Insert into ICC_ROLEUSER_AUD (REV,ROLE_ID,USER_ID,REVTYPE) values (305,'5333475338184348','5332089603296484',0);
Insert into ICC_ROLEUSER_AUD (REV,ROLE_ID,USER_ID,REVTYPE) values (305,'5333475338184348','5164351046962275',2);
Insert into ICC_ROLEUSER_AUD (REV,ROLE_ID,USER_ID,REVTYPE) values (306,'5333475338184348','5331154609355776',2);
Insert into ICC_ROLEUSER_AUD (REV,ROLE_ID,USER_ID,REVTYPE) values (306,'5333475338184348','5331958403856365',2);
Insert into ICC_ROLEUSER_AUD (REV,ROLE_ID,USER_ID,REVTYPE) values (306,'5333475338184348','5332089603296484',2);
Insert into ICC_ROLEUSER_AUD (REV,ROLE_ID,USER_ID,REVTYPE) values (285,'5323529158441534','3665522859412',0);
Insert into ICC_ROLEUSER_AUD (REV,ROLE_ID,USER_ID,REVTYPE) values (285,'5323529158441534','5164351046962275',0);
Insert into ICC_ROLEUSER_AUD (REV,ROLE_ID,USER_ID,REVTYPE) values (311,'5323529158441534','3665522859412',2);
Insert into ICC_ROLEUSER_AUD (REV,ROLE_ID,USER_ID,REVTYPE) values (311,'5323529158441534','5164351046962275',2);
Insert into ICC_ROLEUSER_AUD (REV,ROLE_ID,USER_ID,REVTYPE) values (123,'247470023989850','3665522859412',0);
REM INSERTING into ICC_ROLE_AUD
SET DEFINE OFF;
Insert into ICC_ROLE_AUD (ID,REV,REVTYPE,ACTIVE,CREATION_DATE,DESCRIPTION,MODIFICATION_DATE,NAME,CREATED_BY,MODIFIED_BY) values ('5171041887518961',258,1,1,to_timestamp('12-MAR-16 05.08.31.561000000 PM','DD-MON-RR HH.MI.SS.FF AM'),'created by burhan',to_timestamp('12-MAR-16 05.26.46.672000000 PM','DD-MON-RR HH.MI.SS.FF AM'),'TEST ROLE','3665522859412','3665522859412');
Insert into ICC_ROLE_AUD (ID,REV,REVTYPE,ACTIVE,CREATION_DATE,DESCRIPTION,MODIFICATION_DATE,NAME,CREATED_BY,MODIFIED_BY) values ('5171041887518961',259,1,1,to_timestamp('12-MAR-16 05.08.31.561000000 PM','DD-MON-RR HH.MI.SS.FF AM'),'created by burhan',to_timestamp('12-MAR-16 05.42.46.194000000 PM','DD-MON-RR HH.MI.SS.FF AM'),'TEST ROLE','3665522859412','3665522859412');
Insert into ICC_ROLE_AUD (ID,REV,REVTYPE,ACTIVE,CREATION_DATE,DESCRIPTION,MODIFICATION_DATE,NAME,CREATED_BY,MODIFIED_BY) values ('5322484287560034',283,0,1,to_timestamp('14-MAR-16 11.12.33.954000000 AM','DD-MON-RR HH.MI.SS.FF AM'),'Some Description',to_timestamp('14-MAR-16 11.12.33.954000000 AM','DD-MON-RR HH.MI.SS.FF AM'),'Some Role','3665522859412','3665522859412');
Insert into ICC_ROLE_AUD (ID,REV,REVTYPE,ACTIVE,CREATION_DATE,DESCRIPTION,MODIFICATION_DATE,NAME,CREATED_BY,MODIFIED_BY) values ('5333170540543255',303,0,1,to_timestamp('14-MAR-16 02.10.40.213000000 PM','DD-MON-RR HH.MI.SS.FF AM'),null,to_timestamp('14-MAR-16 02.10.40.213000000 PM','DD-MON-RR HH.MI.SS.FF AM'),'DENEMERL1','3665522859412','3665522859412');
Insert into ICC_ROLE_AUD (ID,REV,REVTYPE,ACTIVE,CREATION_DATE,DESCRIPTION,MODIFICATION_DATE,NAME,CREATED_BY,MODIFIED_BY) values ('5333475338184348',304,0,1,to_timestamp('14-MAR-16 02.15.45.010000000 PM','DD-MON-RR HH.MI.SS.FF AM'),'XXXXXXX',to_timestamp('14-MAR-16 02.15.45.010000000 PM','DD-MON-RR HH.MI.SS.FF AM'),'DENEMERL2','3665522859412','3665522859412');
Insert into ICC_ROLE_AUD (ID,REV,REVTYPE,ACTIVE,CREATION_DATE,DESCRIPTION,MODIFICATION_DATE,NAME,CREATED_BY,MODIFIED_BY) values ('5333475338184348',305,1,1,to_timestamp('14-MAR-16 02.15.45.010000000 PM','DD-MON-RR HH.MI.SS.FF AM'),'XXXXXXX',to_timestamp('14-MAR-16 02.18.06.532000000 PM','DD-MON-RR HH.MI.SS.FF AM'),'DENEMERL2','3665522859412','3665522859412');
Insert into ICC_ROLE_AUD (ID,REV,REVTYPE,ACTIVE,CREATION_DATE,DESCRIPTION,MODIFICATION_DATE,NAME,CREATED_BY,MODIFIED_BY) values ('5333475338184348',306,1,0,to_timestamp('14-MAR-16 02.15.45.010000000 PM','DD-MON-RR HH.MI.SS.FF AM'),'XXXXXXX',to_timestamp('14-MAR-16 02.18.19.407000000 PM','DD-MON-RR HH.MI.SS.FF AM'),'DENEMERL2','3665522859412','3665522859412');
Insert into ICC_ROLE_AUD (ID,REV,REVTYPE,ACTIVE,CREATION_DATE,DESCRIPTION,MODIFICATION_DATE,NAME,CREATED_BY,MODIFIED_BY) values ('5171041887518961',257,0,1,to_timestamp('12-MAR-16 05.08.31.561000000 PM','DD-MON-RR HH.MI.SS.FF AM'),'created by burhan',to_timestamp('12-MAR-16 05.08.31.561000000 PM','DD-MON-RR HH.MI.SS.FF AM'),'TEST ROLE','3665522859412','3665522859412');
Insert into ICC_ROLE_AUD (ID,REV,REVTYPE,ACTIVE,CREATION_DATE,DESCRIPTION,MODIFICATION_DATE,NAME,CREATED_BY,MODIFIED_BY) values ('5323529158441534',285,0,1,to_timestamp('14-MAR-16 11.29.58.828000000 AM','DD-MON-RR HH.MI.SS.FF AM'),null,to_timestamp('14-MAR-16 11.29.58.828000000 AM','DD-MON-RR HH.MI.SS.FF AM'),'Testttt','3665522859412','3665522859412');
Insert into ICC_ROLE_AUD (ID,REV,REVTYPE,ACTIVE,CREATION_DATE,DESCRIPTION,MODIFICATION_DATE,NAME,CREATED_BY,MODIFIED_BY) values ('5322484287560034',309,1,0,to_timestamp('14-MAR-16 11.12.33.954000000 AM','DD-MON-RR HH.MI.SS.FF AM'),'Some Description',to_timestamp('14-MAR-16 04.04.42.878000000 PM','DD-MON-RR HH.MI.SS.FF AM'),'Some Role','3665522859412','3665522859412');
Insert into ICC_ROLE_AUD (ID,REV,REVTYPE,ACTIVE,CREATION_DATE,DESCRIPTION,MODIFICATION_DATE,NAME,CREATED_BY,MODIFIED_BY) values ('5322484287560034',310,1,1,to_timestamp('14-MAR-16 11.12.33.954000000 AM','DD-MON-RR HH.MI.SS.FF AM'),'Some Description',to_timestamp('14-MAR-16 04.04.54.867000000 PM','DD-MON-RR HH.MI.SS.FF AM'),'Some Role','3665522859412','3665522859412');
Insert into ICC_ROLE_AUD (ID,REV,REVTYPE,ACTIVE,CREATION_DATE,DESCRIPTION,MODIFICATION_DATE,NAME,CREATED_BY,MODIFIED_BY) values ('5323529158441534',311,1,1,to_timestamp('14-MAR-16 11.29.58.828000000 AM','DD-MON-RR HH.MI.SS.FF AM'),'kjlkjljlkjlkjlkjl',to_timestamp('14-MAR-16 04.06.00.458000000 PM','DD-MON-RR HH.MI.SS.FF AM'),'Testttt','3665522859412','3665522859412');
Insert into ICC_ROLE_AUD (ID,REV,REVTYPE,ACTIVE,CREATION_DATE,DESCRIPTION,MODIFICATION_DATE,NAME,CREATED_BY,MODIFIED_BY) values ('245836989760964',121,0,1,to_timestamp('15-JAN-16 04.56.53.611000000 PM','DD-MON-RR HH.MI.SS.FF AM'),null,to_timestamp('15-JAN-16 04.56.53.611000000 PM','DD-MON-RR HH.MI.SS.FF AM'),'Administrators',null,null);
Insert into ICC_ROLE_AUD (ID,REV,REVTYPE,ACTIVE,CREATION_DATE,DESCRIPTION,MODIFICATION_DATE,NAME,CREATED_BY,MODIFIED_BY) values ('245836989760964',122,2,null,null,null,null,null,null,null);
Insert into ICC_ROLE_AUD (ID,REV,REVTYPE,ACTIVE,CREATION_DATE,DESCRIPTION,MODIFICATION_DATE,NAME,CREATED_BY,MODIFIED_BY) values ('247470023989850',123,0,1,to_timestamp('15-JAN-16 05.24.06.645000000 PM','DD-MON-RR HH.MI.SS.FF AM'),null,to_timestamp('15-JAN-16 05.24.06.645000000 PM','DD-MON-RR HH.MI.SS.FF AM'),'Administrators',null,null);
REM INSERTING into ICC_RULE
SET DEFINE OFF;
REM INSERTING into ICC_RULE_AUD
SET DEFINE OFF;
REM INSERTING into ICC_TEMPLATE
SET DEFINE OFF;
Insert into ICC_TEMPLATE (ID,ACTIVE,DESCRIPTION,HAS_DATASET,NAME) values ('3666715969282',1,'Read data from a data source (connection).',1,'ReadData');
Insert into ICC_TEMPLATE (ID,ACTIVE,DESCRIPTION,HAS_DATASET,NAME) values ('3666949628141',1,'Compares two data sets for equality row-by-row.',1,'OneToOne');
Insert into ICC_TEMPLATE (ID,ACTIVE,DESCRIPTION,HAS_DATASET,NAME) values ('3667021362874',1,'Saves data to a data source (connection).',0,'WriteData');
Insert into ICC_TEMPLATE (ID,ACTIVE,DESCRIPTION,HAS_DATASET,NAME) values ('761232070575604',1,'Clears datasets with the given names.',0,'ClearData');
REM INSERTING into ICC_TEMPLATE_AUD
SET DEFINE OFF;
Insert into ICC_TEMPLATE_AUD (ID,REV,REVTYPE,ACTIVE,DESCRIPTION,HAS_DATASET,NAME) values ('3666715969282',130,1,1,'Read data from a data source (connection).',1,'ReadData');
Insert into ICC_TEMPLATE_AUD (ID,REV,REVTYPE,ACTIVE,DESCRIPTION,HAS_DATASET,NAME) values ('3666715969282',135,1,1,'Read data from a data source (connection).',1,'ReadData');
Insert into ICC_TEMPLATE_AUD (ID,REV,REVTYPE,ACTIVE,DESCRIPTION,HAS_DATASET,NAME) values ('3666949628141',135,1,1,'Compares two data sets for equality row-by-row.',1,'OneToOne');
Insert into ICC_TEMPLATE_AUD (ID,REV,REVTYPE,ACTIVE,DESCRIPTION,HAS_DATASET,NAME) values ('3666715969282',145,1,1,'Read data from a data source (connection).',1,'ReadData');
Insert into ICC_TEMPLATE_AUD (ID,REV,REVTYPE,ACTIVE,DESCRIPTION,HAS_DATASET,NAME) values ('3666715969282',148,1,1,'Read data from a data source (connection).',1,'ReadData');
Insert into ICC_TEMPLATE_AUD (ID,REV,REVTYPE,ACTIVE,DESCRIPTION,HAS_DATASET,NAME) values ('3667021362874',151,1,1,'Saves data to a data source (connection).',0,'WriteData');
Insert into ICC_TEMPLATE_AUD (ID,REV,REVTYPE,ACTIVE,DESCRIPTION,HAS_DATASET,NAME) values ('761232070575604',171,1,1,'Clears datasets with the given names.',0,'ClearData');
Insert into ICC_TEMPLATE_AUD (ID,REV,REVTYPE,ACTIVE,DESCRIPTION,HAS_DATASET,NAME) values ('761232070575604',209,1,1,'Clears datasets with the given names.',0,'ClearData');
Insert into ICC_TEMPLATE_AUD (ID,REV,REVTYPE,ACTIVE,DESCRIPTION,HAS_DATASET,NAME) values ('3666949628141',127,1,1,'Compares two data sets for equality row-by-row.',1,'OneToOne');
Insert into ICC_TEMPLATE_AUD (ID,REV,REVTYPE,ACTIVE,DESCRIPTION,HAS_DATASET,NAME) values ('3666715969282',206,1,1,'Read data from a data source (connection).',1,'ReadData');
Insert into ICC_TEMPLATE_AUD (ID,REV,REVTYPE,ACTIVE,DESCRIPTION,HAS_DATASET,NAME) values ('3667021362874',208,1,1,'Saves data to a data source (connection).',0,'WriteData');
Insert into ICC_TEMPLATE_AUD (ID,REV,REVTYPE,ACTIVE,DESCRIPTION,HAS_DATASET,NAME) values ('3666715969282',212,1,1,'Read data from a data source (connection).',1,'ReadData');
Insert into ICC_TEMPLATE_AUD (ID,REV,REVTYPE,ACTIVE,DESCRIPTION,HAS_DATASET,NAME) values ('3666715969282',223,1,1,'Read data from a data source (connection).',1,'ReadData');
Insert into ICC_TEMPLATE_AUD (ID,REV,REVTYPE,ACTIVE,DESCRIPTION,HAS_DATASET,NAME) values ('3666949628141',125,1,1,'Compares two data sets for equality row-by-row.',1,'OneToOne');
Insert into ICC_TEMPLATE_AUD (ID,REV,REVTYPE,ACTIVE,DESCRIPTION,HAS_DATASET,NAME) values ('3666949628141',126,1,1,'Compares two data sets for equality row-by-row.',1,'OneToOne');
Insert into ICC_TEMPLATE_AUD (ID,REV,REVTYPE,ACTIVE,DESCRIPTION,HAS_DATASET,NAME) values ('3666949628141',128,1,1,'Compares two data sets for equality row-by-row.',1,'OneToOne');
Insert into ICC_TEMPLATE_AUD (ID,REV,REVTYPE,ACTIVE,DESCRIPTION,HAS_DATASET,NAME) values ('3666715969282',131,1,1,'Read data from a data source (connection).',1,'ReadData');
Insert into ICC_TEMPLATE_AUD (ID,REV,REVTYPE,ACTIVE,DESCRIPTION,HAS_DATASET,NAME) values ('3666715969282',143,1,1,'Read data from a data source (connection).',1,'ReadData');
Insert into ICC_TEMPLATE_AUD (ID,REV,REVTYPE,ACTIVE,DESCRIPTION,HAS_DATASET,NAME) values ('3666715969282',221,1,1,'Read data from a data source (connection).',1,'ReadData');
Insert into ICC_TEMPLATE_AUD (ID,REV,REVTYPE,ACTIVE,DESCRIPTION,HAS_DATASET,NAME) values ('3667021362874',308,1,1,'Saves data to a data source (connection).',0,'WriteData');
Insert into ICC_TEMPLATE_AUD (ID,REV,REVTYPE,ACTIVE,DESCRIPTION,HAS_DATASET,NAME) values ('3666715969282',308,1,1,'Read data from a data source (connection).',1,'ReadData');
Insert into ICC_TEMPLATE_AUD (ID,REV,REVTYPE,ACTIVE,DESCRIPTION,HAS_DATASET,NAME) values ('3666949628141',308,1,1,'Compares two data sets for equality row-by-row.',1,'OneToOne');
Insert into ICC_TEMPLATE_AUD (ID,REV,REVTYPE,ACTIVE,DESCRIPTION,HAS_DATASET,NAME) values ('761232070575604',308,1,1,'Clears datasets with the given names.',0,'ClearData');
Insert into ICC_TEMPLATE_AUD (ID,REV,REVTYPE,ACTIVE,DESCRIPTION,HAS_DATASET,NAME) values ('3666715969282',85,0,1,'Read data from a data source (connection).',1,'ReadData');
Insert into ICC_TEMPLATE_AUD (ID,REV,REVTYPE,ACTIVE,DESCRIPTION,HAS_DATASET,NAME) values ('3666949628141',86,0,1,'Compares two data sets for equality row-by-row.',1,'OneToOne');
Insert into ICC_TEMPLATE_AUD (ID,REV,REVTYPE,ACTIVE,DESCRIPTION,HAS_DATASET,NAME) values ('3667021362874',87,0,1,'Saves data to a data source (connection).',0,'WriteData');
Insert into ICC_TEMPLATE_AUD (ID,REV,REVTYPE,ACTIVE,DESCRIPTION,HAS_DATASET,NAME) values ('3666715969282',89,1,1,'Read data from a data source (connection).',1,'ReadData');
Insert into ICC_TEMPLATE_AUD (ID,REV,REVTYPE,ACTIVE,DESCRIPTION,HAS_DATASET,NAME) values ('3666715969282',90,1,1,'Read data from a data source (connection).',1,'ReadData');
Insert into ICC_TEMPLATE_AUD (ID,REV,REVTYPE,ACTIVE,DESCRIPTION,HAS_DATASET,NAME) values ('3666949628141',91,1,1,'Compares two data sets for equality row-by-row.',1,'OneToOne');
Insert into ICC_TEMPLATE_AUD (ID,REV,REVTYPE,ACTIVE,DESCRIPTION,HAS_DATASET,NAME) values ('3667021362874',92,1,1,'Saves data to a data source (connection).',0,'WriteData');
Insert into ICC_TEMPLATE_AUD (ID,REV,REVTYPE,ACTIVE,DESCRIPTION,HAS_DATASET,NAME) values ('761232070575604',169,0,1,'Clears datasets with the given names.',0,'ClearData');
Insert into ICC_TEMPLATE_AUD (ID,REV,REVTYPE,ACTIVE,DESCRIPTION,HAS_DATASET,NAME) values ('3666715969282',129,1,1,'Read data from a data source (connection).',1,'ReadData');
Insert into ICC_TEMPLATE_AUD (ID,REV,REVTYPE,ACTIVE,DESCRIPTION,HAS_DATASET,NAME) values ('3666949628141',132,1,1,'Compares two data sets for equality row-by-row.',1,'OneToOne');
Insert into ICC_TEMPLATE_AUD (ID,REV,REVTYPE,ACTIVE,DESCRIPTION,HAS_DATASET,NAME) values ('3666949628141',134,1,1,'Compares two data sets for equality row-by-row.',1,'OneToOne');
Insert into ICC_TEMPLATE_AUD (ID,REV,REVTYPE,ACTIVE,DESCRIPTION,HAS_DATASET,NAME) values ('3666949628141',150,1,1,'Compares two data sets for equality row-by-row.',1,'OneToOne');
Insert into ICC_TEMPLATE_AUD (ID,REV,REVTYPE,ACTIVE,DESCRIPTION,HAS_DATASET,NAME) values ('761232070575604',170,1,1,'Clears datasets with the given names.',0,'ClearData');
Insert into ICC_TEMPLATE_AUD (ID,REV,REVTYPE,ACTIVE,DESCRIPTION,HAS_DATASET,NAME) values ('761232070575604',182,1,1,'Clears datasets with the given names.',0,'ClearData');
Insert into ICC_TEMPLATE_AUD (ID,REV,REVTYPE,ACTIVE,DESCRIPTION,HAS_DATASET,NAME) values ('3666715969282',205,1,1,'Read data from a data source (connection).',1,'ReadData');
Insert into ICC_TEMPLATE_AUD (ID,REV,REVTYPE,ACTIVE,DESCRIPTION,HAS_DATASET,NAME) values ('3666949628141',207,1,1,'Compares two data sets for equality row-by-row.',1,'OneToOne');
REM INSERTING into ICC_USER
SET DEFINE OFF;
Insert into ICC_USER (ID,EMAIL,FIRST_NAME,LAST_NAME,LOGIN_TYPE,PASSWORD,ACTIVE,CREATION_DATE,DESCRIPTION,MODIFICATION_DATE,NAME,USER_TYPE,CREATED_BY,MODIFIED_BY) values ('5402931814030494',null,null,null,'Default','VSQK+7/v/n2SVb4kTNwEfg==',1,to_timestamp('15-MAR-16 09.33.21.483000000 AM','DD-MON-RR HH.MI.SS.FF AM'),null,to_timestamp('15-MAR-16 09.33.21.483000000 AM','DD-MON-RR HH.MI.SS.FF AM'),'jjjjj','Admin','3665522859412','3665522859412');
Insert into ICC_USER (ID,EMAIL,FIRST_NAME,LAST_NAME,LOGIN_TYPE,PASSWORD,ACTIVE,CREATION_DATE,DESCRIPTION,MODIFICATION_DATE,NAME,USER_TYPE,CREATED_BY,MODIFIED_BY) values ('5402987327368486',null,'ooooo',null,'Default','yPl4PmsXEZRB0Fpza62JEQ==',1,to_timestamp('15-MAR-16 09.34.16.988000000 AM','DD-MON-RR HH.MI.SS.FF AM'),null,to_timestamp('15-MAR-16 09.34.24.492000000 AM','DD-MON-RR HH.MI.SS.FF AM'),'oooo','Operator','3665522859412','3665522859412');
Insert into ICC_USER (ID,EMAIL,FIRST_NAME,LAST_NAME,LOGIN_TYPE,PASSWORD,ACTIVE,CREATION_DATE,DESCRIPTION,MODIFICATION_DATE,NAME,USER_TYPE,CREATED_BY,MODIFIED_BY) values ('5164351046962275','burhan@inploid.com','Burhan','Cetinkaya2','LDAP','yyVKQPXz77R4imDJB3YfRg==',1,to_timestamp('12-MAR-16 03.17.00.710000000 PM','DD-MON-RR HH.MI.SS.FF AM'),null,to_timestamp('12-MAR-16 04.51.34.385000000 PM','DD-MON-RR HH.MI.SS.FF AM'),'burhan','Admin','3665522859412','3665522859412');
Insert into ICC_USER (ID,EMAIL,FIRST_NAME,LAST_NAME,LOGIN_TYPE,PASSWORD,ACTIVE,CREATION_DATE,DESCRIPTION,MODIFICATION_DATE,NAME,USER_TYPE,CREATED_BY,MODIFIED_BY) values ('5331154609355776','xxxxxx','fst1','lst1','Default','YE7AXJSw8xMsM1DHKTtPCg==',1,to_timestamp('14-MAR-16 01.37.04.282000000 PM','DD-MON-RR HH.MI.SS.FF AM'),null,to_timestamp('14-MAR-16 01.38.00.670000000 PM','DD-MON-RR HH.MI.SS.FF AM'),'username1','Admin','3665522859412','3665522859412');
Insert into ICC_USER (ID,EMAIL,FIRST_NAME,LAST_NAME,LOGIN_TYPE,PASSWORD,ACTIVE,CREATION_DATE,DESCRIPTION,MODIFICATION_DATE,NAME,USER_TYPE,CREATED_BY,MODIFIED_BY) values ('5331958403856365',null,'xx','xxxx','Default','uhn/0ER3FzekLUPwMD7vmw==',1,to_timestamp('14-MAR-16 01.50.28.076000000 PM','DD-MON-RR HH.MI.SS.FF AM'),null,to_timestamp('14-MAR-16 01.50.43.071000000 PM','DD-MON-RR HH.MI.SS.FF AM'),'xxx','Operator','3665522859412','3665522859412');
Insert into ICC_USER (ID,EMAIL,FIRST_NAME,LAST_NAME,LOGIN_TYPE,PASSWORD,ACTIVE,CREATION_DATE,DESCRIPTION,MODIFICATION_DATE,NAME,USER_TYPE,CREATED_BY,MODIFIED_BY) values ('5332089603296484',null,null,null,'LDAP','9Tvh3eDpnRZS/Hrm4LVSSA==',1,to_timestamp('14-MAR-16 01.52.39.276000000 PM','DD-MON-RR HH.MI.SS.FF AM'),null,to_timestamp('15-MAR-16 09.33.30.812000000 AM','DD-MON-RR HH.MI.SS.FF AM'),'jhhh','Operator','3665522859412','3665522859412');
Insert into ICC_USER (ID,EMAIL,FIRST_NAME,LAST_NAME,LOGIN_TYPE,PASSWORD,ACTIVE,CREATION_DATE,DESCRIPTION,MODIFICATION_DATE,NAME,USER_TYPE,CREATED_BY,MODIFIED_BY) values ('3665522859412','admin@intellica.net','admin','admin','Default','5kVTCiXRHXyyLVE/riWTlg==',1,to_timestamp('12-JAN-16 09.40.42.155000000 PM','DD-MON-RR HH.MI.SS.FF AM'),null,to_timestamp('14-MAR-16 04.41.38.343000000 PM','DD-MON-RR HH.MI.SS.FF AM'),'admin','Admin',null,'3665522859412');
REM INSERTING into ICC_USER_AUD
SET DEFINE OFF;
Insert into ICC_USER_AUD (ID,REV,REVTYPE,EMAIL,FIRST_NAME,LAST_NAME,LOGIN_TYPE,PASSWORD,ACTIVE,CREATION_DATE,DESCRIPTION,MODIFICATION_DATE,NAME,USER_TYPE,CREATED_BY,MODIFIED_BY) values ('5402931814030494',315,0,null,null,null,'Default','VSQK+7/v/n2SVb4kTNwEfg==',1,to_timestamp('15-MAR-16 09.33.21.483000000 AM','DD-MON-RR HH.MI.SS.FF AM'),null,to_timestamp('15-MAR-16 09.33.21.483000000 AM','DD-MON-RR HH.MI.SS.FF AM'),'jjjjj','Admin','3665522859412','3665522859412');
Insert into ICC_USER_AUD (ID,REV,REVTYPE,EMAIL,FIRST_NAME,LAST_NAME,LOGIN_TYPE,PASSWORD,ACTIVE,CREATION_DATE,DESCRIPTION,MODIFICATION_DATE,NAME,USER_TYPE,CREATED_BY,MODIFIED_BY) values ('5332089603296484',316,1,null,null,null,'LDAP','9Tvh3eDpnRZS/Hrm4LVSSA==',1,to_timestamp('14-MAR-16 01.52.39.276000000 PM','DD-MON-RR HH.MI.SS.FF AM'),null,to_timestamp('15-MAR-16 09.33.30.812000000 AM','DD-MON-RR HH.MI.SS.FF AM'),'jhhh','Operator','3665522859412','3665522859412');
Insert into ICC_USER_AUD (ID,REV,REVTYPE,EMAIL,FIRST_NAME,LAST_NAME,LOGIN_TYPE,PASSWORD,ACTIVE,CREATION_DATE,DESCRIPTION,MODIFICATION_DATE,NAME,USER_TYPE,CREATED_BY,MODIFIED_BY) values ('5402987327368486',317,0,null,'ooooo',null,'Default','yPl4PmsXEZRB0Fpza62JEQ==',1,to_timestamp('15-MAR-16 09.34.16.988000000 AM','DD-MON-RR HH.MI.SS.FF AM'),null,to_timestamp('15-MAR-16 09.34.16.988000000 AM','DD-MON-RR HH.MI.SS.FF AM'),'oooo','Admin','3665522859412','3665522859412');
Insert into ICC_USER_AUD (ID,REV,REVTYPE,EMAIL,FIRST_NAME,LAST_NAME,LOGIN_TYPE,PASSWORD,ACTIVE,CREATION_DATE,DESCRIPTION,MODIFICATION_DATE,NAME,USER_TYPE,CREATED_BY,MODIFIED_BY) values ('5402987327368486',318,1,null,'ooooo',null,'Default','yPl4PmsXEZRB0Fpza62JEQ==',1,to_timestamp('15-MAR-16 09.34.16.988000000 AM','DD-MON-RR HH.MI.SS.FF AM'),null,to_timestamp('15-MAR-16 09.34.24.492000000 AM','DD-MON-RR HH.MI.SS.FF AM'),'oooo','Operator','3665522859412','3665522859412');
Insert into ICC_USER_AUD (ID,REV,REVTYPE,EMAIL,FIRST_NAME,LAST_NAME,LOGIN_TYPE,PASSWORD,ACTIVE,CREATION_DATE,DESCRIPTION,MODIFICATION_DATE,NAME,USER_TYPE,CREATED_BY,MODIFIED_BY) values ('5164351046962275',241,0,'burhan@inploid.com','Burhan','Cetinkaya','Default','yyVKQPXz77R4imDJB3YfRg==',1,to_timestamp('12-MAR-16 03.17.00.710000000 PM','DD-MON-RR HH.MI.SS.FF AM'),null,to_timestamp('12-MAR-16 03.17.00.710000000 PM','DD-MON-RR HH.MI.SS.FF AM'),'burhan','Admin','3665522859412','3665522859412');
Insert into ICC_USER_AUD (ID,REV,REVTYPE,EMAIL,FIRST_NAME,LAST_NAME,LOGIN_TYPE,PASSWORD,ACTIVE,CREATION_DATE,DESCRIPTION,MODIFICATION_DATE,NAME,USER_TYPE,CREATED_BY,MODIFIED_BY) values ('5164351046962275',258,1,'burhan@inploid.com','Burhan','Cetinkaya2','LDAP','yyVKQPXz77R4imDJB3YfRg==',1,to_timestamp('12-MAR-16 03.17.00.710000000 PM','DD-MON-RR HH.MI.SS.FF AM'),null,to_timestamp('12-MAR-16 04.51.34.385000000 PM','DD-MON-RR HH.MI.SS.FF AM'),'burhan','Admin','3665522859412','3665522859412');
Insert into ICC_USER_AUD (ID,REV,REVTYPE,EMAIL,FIRST_NAME,LAST_NAME,LOGIN_TYPE,PASSWORD,ACTIVE,CREATION_DATE,DESCRIPTION,MODIFICATION_DATE,NAME,USER_TYPE,CREATED_BY,MODIFIED_BY) values ('3665522859412',259,1,'admin@intellica.net','admin','admin','Default','5kVTCiXRHXyyLVE/riWTlg==',1,to_timestamp('12-JAN-16 09.40.42.155000000 PM','DD-MON-RR HH.MI.SS.FF AM'),null,to_timestamp('12-JAN-16 09.40.42.155000000 PM','DD-MON-RR HH.MI.SS.FF AM'),'admin','Admin',null,null);
Insert into ICC_USER_AUD (ID,REV,REVTYPE,EMAIL,FIRST_NAME,LAST_NAME,LOGIN_TYPE,PASSWORD,ACTIVE,CREATION_DATE,DESCRIPTION,MODIFICATION_DATE,NAME,USER_TYPE,CREATED_BY,MODIFIED_BY) values ('5164351046962275',259,1,'burhan@inploid.com','Burhan','Cetinkaya2','LDAP','yyVKQPXz77R4imDJB3YfRg==',1,to_timestamp('12-MAR-16 03.17.00.710000000 PM','DD-MON-RR HH.MI.SS.FF AM'),null,to_timestamp('12-MAR-16 04.51.34.385000000 PM','DD-MON-RR HH.MI.SS.FF AM'),'burhan','Admin','3665522859412','3665522859412');
Insert into ICC_USER_AUD (ID,REV,REVTYPE,EMAIL,FIRST_NAME,LAST_NAME,LOGIN_TYPE,PASSWORD,ACTIVE,CREATION_DATE,DESCRIPTION,MODIFICATION_DATE,NAME,USER_TYPE,CREATED_BY,MODIFIED_BY) values ('3665522859412',303,1,'admin@intellica.net','admin','admin','Default','5kVTCiXRHXyyLVE/riWTlg==',1,to_timestamp('12-JAN-16 09.40.42.155000000 PM','DD-MON-RR HH.MI.SS.FF AM'),null,to_timestamp('12-JAN-16 09.40.42.155000000 PM','DD-MON-RR HH.MI.SS.FF AM'),'admin','Admin',null,null);
Insert into ICC_USER_AUD (ID,REV,REVTYPE,EMAIL,FIRST_NAME,LAST_NAME,LOGIN_TYPE,PASSWORD,ACTIVE,CREATION_DATE,DESCRIPTION,MODIFICATION_DATE,NAME,USER_TYPE,CREATED_BY,MODIFIED_BY) values ('5164351046962275',303,1,'burhan@inploid.com','Burhan','Cetinkaya2','LDAP','yyVKQPXz77R4imDJB3YfRg==',1,to_timestamp('12-MAR-16 03.17.00.710000000 PM','DD-MON-RR HH.MI.SS.FF AM'),null,to_timestamp('12-MAR-16 04.51.34.385000000 PM','DD-MON-RR HH.MI.SS.FF AM'),'burhan','Admin','3665522859412','3665522859412');
Insert into ICC_USER_AUD (ID,REV,REVTYPE,EMAIL,FIRST_NAME,LAST_NAME,LOGIN_TYPE,PASSWORD,ACTIVE,CREATION_DATE,DESCRIPTION,MODIFICATION_DATE,NAME,USER_TYPE,CREATED_BY,MODIFIED_BY) values ('5331958403856365',303,1,null,'xx','xxxx','Default','uhn/0ER3FzekLUPwMD7vmw==',1,to_timestamp('14-MAR-16 01.50.28.076000000 PM','DD-MON-RR HH.MI.SS.FF AM'),null,to_timestamp('14-MAR-16 01.50.43.071000000 PM','DD-MON-RR HH.MI.SS.FF AM'),'xxx','Operator','3665522859412','3665522859412');
Insert into ICC_USER_AUD (ID,REV,REVTYPE,EMAIL,FIRST_NAME,LAST_NAME,LOGIN_TYPE,PASSWORD,ACTIVE,CREATION_DATE,DESCRIPTION,MODIFICATION_DATE,NAME,USER_TYPE,CREATED_BY,MODIFIED_BY) values ('5331958403856365',304,1,null,'xx','xxxx','Default','uhn/0ER3FzekLUPwMD7vmw==',1,to_timestamp('14-MAR-16 01.50.28.076000000 PM','DD-MON-RR HH.MI.SS.FF AM'),null,to_timestamp('14-MAR-16 01.50.43.071000000 PM','DD-MON-RR HH.MI.SS.FF AM'),'xxx','Operator','3665522859412','3665522859412');
Insert into ICC_USER_AUD (ID,REV,REVTYPE,EMAIL,FIRST_NAME,LAST_NAME,LOGIN_TYPE,PASSWORD,ACTIVE,CREATION_DATE,DESCRIPTION,MODIFICATION_DATE,NAME,USER_TYPE,CREATED_BY,MODIFIED_BY) values ('5331154609355776',304,1,'xxxxxx','fst1','lst1','Default','YE7AXJSw8xMsM1DHKTtPCg==',1,to_timestamp('14-MAR-16 01.37.04.282000000 PM','DD-MON-RR HH.MI.SS.FF AM'),null,to_timestamp('14-MAR-16 01.38.00.670000000 PM','DD-MON-RR HH.MI.SS.FF AM'),'username1','Admin','3665522859412','3665522859412');
Insert into ICC_USER_AUD (ID,REV,REVTYPE,EMAIL,FIRST_NAME,LAST_NAME,LOGIN_TYPE,PASSWORD,ACTIVE,CREATION_DATE,DESCRIPTION,MODIFICATION_DATE,NAME,USER_TYPE,CREATED_BY,MODIFIED_BY) values ('5164351046962275',304,1,'burhan@inploid.com','Burhan','Cetinkaya2','LDAP','yyVKQPXz77R4imDJB3YfRg==',1,to_timestamp('12-MAR-16 03.17.00.710000000 PM','DD-MON-RR HH.MI.SS.FF AM'),null,to_timestamp('12-MAR-16 04.51.34.385000000 PM','DD-MON-RR HH.MI.SS.FF AM'),'burhan','Admin','3665522859412','3665522859412');
Insert into ICC_USER_AUD (ID,REV,REVTYPE,EMAIL,FIRST_NAME,LAST_NAME,LOGIN_TYPE,PASSWORD,ACTIVE,CREATION_DATE,DESCRIPTION,MODIFICATION_DATE,NAME,USER_TYPE,CREATED_BY,MODIFIED_BY) values ('5332089603296484',305,1,null,null,null,'Default','9Tvh3eDpnRZS/Hrm4LVSSA==',1,to_timestamp('14-MAR-16 01.52.39.276000000 PM','DD-MON-RR HH.MI.SS.FF AM'),null,to_timestamp('14-MAR-16 01.52.39.276000000 PM','DD-MON-RR HH.MI.SS.FF AM'),'jhhh','Admin','3665522859412','3665522859412');
Insert into ICC_USER_AUD (ID,REV,REVTYPE,EMAIL,FIRST_NAME,LAST_NAME,LOGIN_TYPE,PASSWORD,ACTIVE,CREATION_DATE,DESCRIPTION,MODIFICATION_DATE,NAME,USER_TYPE,CREATED_BY,MODIFIED_BY) values ('5164351046962275',305,1,'burhan@inploid.com','Burhan','Cetinkaya2','LDAP','yyVKQPXz77R4imDJB3YfRg==',1,to_timestamp('12-MAR-16 03.17.00.710000000 PM','DD-MON-RR HH.MI.SS.FF AM'),null,to_timestamp('12-MAR-16 04.51.34.385000000 PM','DD-MON-RR HH.MI.SS.FF AM'),'burhan','Admin','3665522859412','3665522859412');
Insert into ICC_USER_AUD (ID,REV,REVTYPE,EMAIL,FIRST_NAME,LAST_NAME,LOGIN_TYPE,PASSWORD,ACTIVE,CREATION_DATE,DESCRIPTION,MODIFICATION_DATE,NAME,USER_TYPE,CREATED_BY,MODIFIED_BY) values ('5331154609355776',306,1,'xxxxxx','fst1','lst1','Default','YE7AXJSw8xMsM1DHKTtPCg==',1,to_timestamp('14-MAR-16 01.37.04.282000000 PM','DD-MON-RR HH.MI.SS.FF AM'),null,to_timestamp('14-MAR-16 01.38.00.670000000 PM','DD-MON-RR HH.MI.SS.FF AM'),'username1','Admin','3665522859412','3665522859412');
Insert into ICC_USER_AUD (ID,REV,REVTYPE,EMAIL,FIRST_NAME,LAST_NAME,LOGIN_TYPE,PASSWORD,ACTIVE,CREATION_DATE,DESCRIPTION,MODIFICATION_DATE,NAME,USER_TYPE,CREATED_BY,MODIFIED_BY) values ('5331958403856365',306,1,null,'xx','xxxx','Default','uhn/0ER3FzekLUPwMD7vmw==',1,to_timestamp('14-MAR-16 01.50.28.076000000 PM','DD-MON-RR HH.MI.SS.FF AM'),null,to_timestamp('14-MAR-16 01.50.43.071000000 PM','DD-MON-RR HH.MI.SS.FF AM'),'xxx','Operator','3665522859412','3665522859412');
Insert into ICC_USER_AUD (ID,REV,REVTYPE,EMAIL,FIRST_NAME,LAST_NAME,LOGIN_TYPE,PASSWORD,ACTIVE,CREATION_DATE,DESCRIPTION,MODIFICATION_DATE,NAME,USER_TYPE,CREATED_BY,MODIFIED_BY) values ('5332089603296484',306,1,null,null,null,'Default','9Tvh3eDpnRZS/Hrm4LVSSA==',1,to_timestamp('14-MAR-16 01.52.39.276000000 PM','DD-MON-RR HH.MI.SS.FF AM'),null,to_timestamp('14-MAR-16 01.52.39.276000000 PM','DD-MON-RR HH.MI.SS.FF AM'),'jhhh','Admin','3665522859412','3665522859412');
Insert into ICC_USER_AUD (ID,REV,REVTYPE,EMAIL,FIRST_NAME,LAST_NAME,LOGIN_TYPE,PASSWORD,ACTIVE,CREATION_DATE,DESCRIPTION,MODIFICATION_DATE,NAME,USER_TYPE,CREATED_BY,MODIFIED_BY) values ('5164351046962275',255,1,'burhan@inploid.com','Burhan','Cetinkaya','LDAP','yyVKQPXz77R4imDJB3YfRg==',1,to_timestamp('12-MAR-16 03.17.00.710000000 PM','DD-MON-RR HH.MI.SS.FF AM'),null,to_timestamp('12-MAR-16 04.51.27.013000000 PM','DD-MON-RR HH.MI.SS.FF AM'),'burhan','Admin','3665522859412','3665522859412');
Insert into ICC_USER_AUD (ID,REV,REVTYPE,EMAIL,FIRST_NAME,LAST_NAME,LOGIN_TYPE,PASSWORD,ACTIVE,CREATION_DATE,DESCRIPTION,MODIFICATION_DATE,NAME,USER_TYPE,CREATED_BY,MODIFIED_BY) values ('5164351046962275',256,1,'burhan@inploid.com','Burhan','Cetinkaya2','LDAP','yyVKQPXz77R4imDJB3YfRg==',1,to_timestamp('12-MAR-16 03.17.00.710000000 PM','DD-MON-RR HH.MI.SS.FF AM'),null,to_timestamp('12-MAR-16 04.51.34.385000000 PM','DD-MON-RR HH.MI.SS.FF AM'),'burhan','Admin','3665522859412','3665522859412');
Insert into ICC_USER_AUD (ID,REV,REVTYPE,EMAIL,FIRST_NAME,LAST_NAME,LOGIN_TYPE,PASSWORD,ACTIVE,CREATION_DATE,DESCRIPTION,MODIFICATION_DATE,NAME,USER_TYPE,CREATED_BY,MODIFIED_BY) values ('3665522859412',285,1,'admin@intellica.net','admin','admin','Default','5kVTCiXRHXyyLVE/riWTlg==',1,to_timestamp('12-JAN-16 09.40.42.155000000 PM','DD-MON-RR HH.MI.SS.FF AM'),null,to_timestamp('12-JAN-16 09.40.42.155000000 PM','DD-MON-RR HH.MI.SS.FF AM'),'admin','Admin',null,null);
Insert into ICC_USER_AUD (ID,REV,REVTYPE,EMAIL,FIRST_NAME,LAST_NAME,LOGIN_TYPE,PASSWORD,ACTIVE,CREATION_DATE,DESCRIPTION,MODIFICATION_DATE,NAME,USER_TYPE,CREATED_BY,MODIFIED_BY) values ('5164351046962275',285,1,'burhan@inploid.com','Burhan','Cetinkaya2','LDAP','yyVKQPXz77R4imDJB3YfRg==',1,to_timestamp('12-MAR-16 03.17.00.710000000 PM','DD-MON-RR HH.MI.SS.FF AM'),null,to_timestamp('12-MAR-16 04.51.34.385000000 PM','DD-MON-RR HH.MI.SS.FF AM'),'burhan','Admin','3665522859412','3665522859412');
Insert into ICC_USER_AUD (ID,REV,REVTYPE,EMAIL,FIRST_NAME,LAST_NAME,LOGIN_TYPE,PASSWORD,ACTIVE,CREATION_DATE,DESCRIPTION,MODIFICATION_DATE,NAME,USER_TYPE,CREATED_BY,MODIFIED_BY) values ('5331154609355776',297,0,null,null,null,'Default','YE7AXJSw8xMsM1DHKTtPCg==',1,to_timestamp('14-MAR-16 01.37.04.282000000 PM','DD-MON-RR HH.MI.SS.FF AM'),null,to_timestamp('14-MAR-16 01.37.04.282000000 PM','DD-MON-RR HH.MI.SS.FF AM'),'username1','Admin','3665522859412','3665522859412');
Insert into ICC_USER_AUD (ID,REV,REVTYPE,EMAIL,FIRST_NAME,LAST_NAME,LOGIN_TYPE,PASSWORD,ACTIVE,CREATION_DATE,DESCRIPTION,MODIFICATION_DATE,NAME,USER_TYPE,CREATED_BY,MODIFIED_BY) values ('5331154609355776',298,1,'xxxxxx','fst1','lst1','LDAP','YE7AXJSw8xMsM1DHKTtPCg==',1,to_timestamp('14-MAR-16 01.37.04.282000000 PM','DD-MON-RR HH.MI.SS.FF AM'),null,to_timestamp('14-MAR-16 01.37.51.377000000 PM','DD-MON-RR HH.MI.SS.FF AM'),'username1','Admin','3665522859412','3665522859412');
Insert into ICC_USER_AUD (ID,REV,REVTYPE,EMAIL,FIRST_NAME,LAST_NAME,LOGIN_TYPE,PASSWORD,ACTIVE,CREATION_DATE,DESCRIPTION,MODIFICATION_DATE,NAME,USER_TYPE,CREATED_BY,MODIFIED_BY) values ('5331154609355776',299,1,'xxxxxx','fst1','lst1','Default','YE7AXJSw8xMsM1DHKTtPCg==',1,to_timestamp('14-MAR-16 01.37.04.282000000 PM','DD-MON-RR HH.MI.SS.FF AM'),null,to_timestamp('14-MAR-16 01.38.00.670000000 PM','DD-MON-RR HH.MI.SS.FF AM'),'username1','Admin','3665522859412','3665522859412');
Insert into ICC_USER_AUD (ID,REV,REVTYPE,EMAIL,FIRST_NAME,LAST_NAME,LOGIN_TYPE,PASSWORD,ACTIVE,CREATION_DATE,DESCRIPTION,MODIFICATION_DATE,NAME,USER_TYPE,CREATED_BY,MODIFIED_BY) values ('5331958403856365',300,0,null,'xx','xxxx','Default','uhn/0ER3FzekLUPwMD7vmw==',1,to_timestamp('14-MAR-16 01.50.28.076000000 PM','DD-MON-RR HH.MI.SS.FF AM'),null,to_timestamp('14-MAR-16 01.50.28.076000000 PM','DD-MON-RR HH.MI.SS.FF AM'),'xxx','Admin','3665522859412','3665522859412');
Insert into ICC_USER_AUD (ID,REV,REVTYPE,EMAIL,FIRST_NAME,LAST_NAME,LOGIN_TYPE,PASSWORD,ACTIVE,CREATION_DATE,DESCRIPTION,MODIFICATION_DATE,NAME,USER_TYPE,CREATED_BY,MODIFIED_BY) values ('5331958403856365',301,1,null,'xx','xxxx','Default','uhn/0ER3FzekLUPwMD7vmw==',1,to_timestamp('14-MAR-16 01.50.28.076000000 PM','DD-MON-RR HH.MI.SS.FF AM'),null,to_timestamp('14-MAR-16 01.50.43.071000000 PM','DD-MON-RR HH.MI.SS.FF AM'),'xxx','Operator','3665522859412','3665522859412');
Insert into ICC_USER_AUD (ID,REV,REVTYPE,EMAIL,FIRST_NAME,LAST_NAME,LOGIN_TYPE,PASSWORD,ACTIVE,CREATION_DATE,DESCRIPTION,MODIFICATION_DATE,NAME,USER_TYPE,CREATED_BY,MODIFIED_BY) values ('5332089603296484',302,0,null,null,null,'Default','9Tvh3eDpnRZS/Hrm4LVSSA==',1,to_timestamp('14-MAR-16 01.52.39.276000000 PM','DD-MON-RR HH.MI.SS.FF AM'),null,to_timestamp('14-MAR-16 01.52.39.276000000 PM','DD-MON-RR HH.MI.SS.FF AM'),'jhhh','Admin','3665522859412','3665522859412');
Insert into ICC_USER_AUD (ID,REV,REVTYPE,EMAIL,FIRST_NAME,LAST_NAME,LOGIN_TYPE,PASSWORD,ACTIVE,CREATION_DATE,DESCRIPTION,MODIFICATION_DATE,NAME,USER_TYPE,CREATED_BY,MODIFIED_BY) values ('3665522859412',311,1,'admin@intellica.net','admin','admin','Default','5kVTCiXRHXyyLVE/riWTlg==',1,to_timestamp('12-JAN-16 09.40.42.155000000 PM','DD-MON-RR HH.MI.SS.FF AM'),null,to_timestamp('12-JAN-16 09.40.42.155000000 PM','DD-MON-RR HH.MI.SS.FF AM'),'admin','Admin',null,null);
Insert into ICC_USER_AUD (ID,REV,REVTYPE,EMAIL,FIRST_NAME,LAST_NAME,LOGIN_TYPE,PASSWORD,ACTIVE,CREATION_DATE,DESCRIPTION,MODIFICATION_DATE,NAME,USER_TYPE,CREATED_BY,MODIFIED_BY) values ('5164351046962275',311,1,'burhan@inploid.com','Burhan','Cetinkaya2','LDAP','yyVKQPXz77R4imDJB3YfRg==',1,to_timestamp('12-MAR-16 03.17.00.710000000 PM','DD-MON-RR HH.MI.SS.FF AM'),null,to_timestamp('12-MAR-16 04.51.34.385000000 PM','DD-MON-RR HH.MI.SS.FF AM'),'burhan','Admin','3665522859412','3665522859412');
Insert into ICC_USER_AUD (ID,REV,REVTYPE,EMAIL,FIRST_NAME,LAST_NAME,LOGIN_TYPE,PASSWORD,ACTIVE,CREATION_DATE,DESCRIPTION,MODIFICATION_DATE,NAME,USER_TYPE,CREATED_BY,MODIFIED_BY) values ('5332089603296484',312,1,null,null,null,'LDAP','9Tvh3eDpnRZS/Hrm4LVSSA==',1,to_timestamp('14-MAR-16 01.52.39.276000000 PM','DD-MON-RR HH.MI.SS.FF AM'),null,to_timestamp('14-MAR-16 04.23.42.181000000 PM','DD-MON-RR HH.MI.SS.FF AM'),'jhhh','Admin','3665522859412','3665522859412');
Insert into ICC_USER_AUD (ID,REV,REVTYPE,EMAIL,FIRST_NAME,LAST_NAME,LOGIN_TYPE,PASSWORD,ACTIVE,CREATION_DATE,DESCRIPTION,MODIFICATION_DATE,NAME,USER_TYPE,CREATED_BY,MODIFIED_BY) values ('3665522859412',313,1,'admin@intellica.net','admin','admin','Default','5kVTCiXRHXyyLVE/riWTlg==',0,to_timestamp('12-JAN-16 09.40.42.155000000 PM','DD-MON-RR HH.MI.SS.FF AM'),null,to_timestamp('14-MAR-16 04.41.25.489000000 PM','DD-MON-RR HH.MI.SS.FF AM'),'admin','Admin',null,'3665522859412');
Insert into ICC_USER_AUD (ID,REV,REVTYPE,EMAIL,FIRST_NAME,LAST_NAME,LOGIN_TYPE,PASSWORD,ACTIVE,CREATION_DATE,DESCRIPTION,MODIFICATION_DATE,NAME,USER_TYPE,CREATED_BY,MODIFIED_BY) values ('3665522859412',314,1,'admin@intellica.net','admin','admin','Default','5kVTCiXRHXyyLVE/riWTlg==',1,to_timestamp('12-JAN-16 09.40.42.155000000 PM','DD-MON-RR HH.MI.SS.FF AM'),null,to_timestamp('14-MAR-16 04.41.38.343000000 PM','DD-MON-RR HH.MI.SS.FF AM'),'admin','Admin',null,'3665522859412');
Insert into ICC_USER_AUD (ID,REV,REVTYPE,EMAIL,FIRST_NAME,LAST_NAME,LOGIN_TYPE,PASSWORD,ACTIVE,CREATION_DATE,DESCRIPTION,MODIFICATION_DATE,NAME,USER_TYPE,CREATED_BY,MODIFIED_BY) values ('3665522859412',81,0,'admin@intellica.net','admin','admin','Default','admin',1,to_timestamp('12-JAN-16 09.40.42.155000000 PM','DD-MON-RR HH.MI.SS.FF AM'),null,to_timestamp('12-JAN-16 09.40.42.155000000 PM','DD-MON-RR HH.MI.SS.FF AM'),'admin','Admin',null,null);
Insert into ICC_USER_AUD (ID,REV,REVTYPE,EMAIL,FIRST_NAME,LAST_NAME,LOGIN_TYPE,PASSWORD,ACTIVE,CREATION_DATE,DESCRIPTION,MODIFICATION_DATE,NAME,USER_TYPE,CREATED_BY,MODIFIED_BY) values ('3665522859412',123,1,'admin@intellica.net','admin','admin','Default','admin',1,to_timestamp('12-JAN-16 09.40.42.155000000 PM','DD-MON-RR HH.MI.SS.FF AM'),null,to_timestamp('12-JAN-16 09.40.42.155000000 PM','DD-MON-RR HH.MI.SS.FF AM'),'admin','Admin',null,null);
REM INSERTING into ICC_VARIABLE
SET DEFINE OFF;
Insert into ICC_VARIABLE (ID,VALUE,DEFINITION_ID,JOB_ID) values ('498472340428555','select * from dual','3666778708108','498472340152934');
Insert into ICC_VARIABLE (ID,VALUE,DEFINITION_ID,JOB_ID) values ('498472340288342','236125381981239','3666778295317','498472340152934');
Insert into ICC_VARIABLE (ID,VALUE,DEFINITION_ID,JOB_ID) values ('498472340467517','DUMMY','3666775159915','498472340152934');
Insert into ICC_VARIABLE (ID,VALUE,DEFINITION_ID,JOB_ID) values ('504089925113877','236125381981239','3666778295317','504065240797092');
Insert into ICC_VARIABLE (ID,VALUE,DEFINITION_ID,JOB_ID) values ('504089925266157','ID','3666775159915','504065240797092');
Insert into ICC_VARIABLE (ID,VALUE,DEFINITION_ID,JOB_ID) values ('504089925220870','Select * from Source_Table','3666778708108','504065240797092');
Insert into ICC_VARIABLE (ID,VALUE,DEFINITION_ID,JOB_ID) values ('496917841120602','true','3666958512692','496917840404377');
Insert into ICC_VARIABLE (ID,VALUE,DEFINITION_ID,JOB_ID) values ('496917841167632','[DS] BurhanTestJob','3666959039353','496917840404377');
Insert into ICC_VARIABLE (ID,VALUE,DEFINITION_ID,JOB_ID) values ('496917841033606','[DS] AkinTestJob','3666954433543','496917840404377');
Insert into ICC_VARIABLE (ID,VALUE,DEFINITION_ID,JOB_ID) values ('739527272972281','[DS] ReadSourceJob','3666954433543','567759613741360');
Insert into ICC_VARIABLE (ID,VALUE,DEFINITION_ID,JOB_ID) values ('739527273030875','false','3666958512692','567759613741360');
Insert into ICC_VARIABLE (ID,VALUE,DEFINITION_ID,JOB_ID) values ('1186358772769954','ID,NAME','3666775159915','566773761014480');
Insert into ICC_VARIABLE (ID,VALUE,DEFINITION_ID,JOB_ID) values ('1186358772702537','select * from source_table2','3666778708108','566773761014480');
Insert into ICC_VARIABLE (ID,VALUE,DEFINITION_ID,JOB_ID) values ('1186358772600015','236125381981239','3666778295317','566773761014480');
Insert into ICC_VARIABLE (ID,VALUE,DEFINITION_ID,JOB_ID) values ('585881621020495','false','3666958512692','498648434375338');
Insert into ICC_VARIABLE (ID,VALUE,DEFINITION_ID,JOB_ID) values ('585881621035571','[DS] MustafaJob2','3666959039353','498648434375338');
Insert into ICC_VARIABLE (ID,VALUE,DEFINITION_ID,JOB_ID) values ('585881620990727','[DS] BurhanTestJob2','3666954433543','498648434375338');
Insert into ICC_VARIABLE (ID,VALUE,DEFINITION_ID,JOB_ID) values ('739527273069379','[DS] ReadTargetJob','3666959039353','567759613741360');
Insert into ICC_VARIABLE (ID,VALUE,DEFINITION_ID,JOB_ID) values ('2004239196578338','Select * from SOURCE_TABLE','3666778708108','2004239196276238');
Insert into ICC_VARIABLE (ID,VALUE,DEFINITION_ID,JOB_ID) values ('2004239196466581','236125381981239','3666778295317','2004239196276238');
Insert into ICC_VARIABLE (ID,VALUE,DEFINITION_ID,JOB_ID) values ('2004239196629488','ID','3666775159915','2004239196276238');
Insert into ICC_VARIABLE (ID,VALUE,DEFINITION_ID,JOB_ID) values ('496237669199624','[DS] Load TEST1 Data','3666959039353','496237668077457');
Insert into ICC_VARIABLE (ID,VALUE,DEFINITION_ID,JOB_ID) values ('496237668756665','[DS] Load TEST1 Data','3666954433543','496237668077457');
Insert into ICC_VARIABLE (ID,VALUE,DEFINITION_ID,JOB_ID) values ('496237669120582','false','3666958512692','496237668077457');
Insert into ICC_VARIABLE (ID,VALUE,DEFINITION_ID,JOB_ID) values ('496526144118860','[DS] Load TEST1 Data','3666954433543','496526143859139');
Insert into ICC_VARIABLE (ID,VALUE,DEFINITION_ID,JOB_ID) values ('496526144055267','true','3666958512692','496526143859139');
Insert into ICC_VARIABLE (ID,VALUE,DEFINITION_ID,JOB_ID) values ('496526143977798','[DS] Load TEST1 Data','3666959039353','496526143859139');
Insert into ICC_VARIABLE (ID,VALUE,DEFINITION_ID,JOB_ID) values ('497303529694229','[DS] BurhanTestJob2','3666959039353','497303529502052');
Insert into ICC_VARIABLE (ID,VALUE,DEFINITION_ID,JOB_ID) values ('497303529606026','[DS] BurhanTestJob2','3666954433543','497303529502052');
Insert into ICC_VARIABLE (ID,VALUE,DEFINITION_ID,JOB_ID) values ('497303529655942','true','3666958512692','497303529502052');
Insert into ICC_VARIABLE (ID,VALUE,DEFINITION_ID,JOB_ID) values ('498578187577682','select * from dual','3666778708108','498578187403761');
Insert into ICC_VARIABLE (ID,VALUE,DEFINITION_ID,JOB_ID) values ('498578187526996','236125381981239','3666778295317','498578187403761');
Insert into ICC_VARIABLE (ID,VALUE,DEFINITION_ID,JOB_ID) values ('498578187611977',null,'3666775159915','498578187403761');
Insert into ICC_VARIABLE (ID,VALUE,DEFINITION_ID,JOB_ID) values ('506996701638649','236125381981239','3666778295317','506996701572044');
Insert into ICC_VARIABLE (ID,VALUE,DEFINITION_ID,JOB_ID) values ('506996701727528','Select * from Source_Table','3666778708108','506996701572044');
Insert into ICC_VARIABLE (ID,VALUE,DEFINITION_ID,JOB_ID) values ('4369538710865494','236125381981239','3666778295317','4369538710743545');
Insert into ICC_VARIABLE (ID,VALUE,DEFINITION_ID,JOB_ID) values ('506996701755131','ID,NAME','3666775159915','506996701572044');
Insert into ICC_VARIABLE (ID,VALUE,DEFINITION_ID,JOB_ID) values ('4369538710950568','SELECT ID,NAME,SURNAME FROM EMPLOYEE WHERE SURNAME = ''@@SNAME@@''','3666778708108','4369538710743545');
Insert into ICC_VARIABLE (ID,VALUE,DEFINITION_ID,JOB_ID) values ('4369538710994107',null,'3666775159915','4369538710743545');
Insert into ICC_VARIABLE (ID,VALUE,DEFINITION_ID,JOB_ID) values ('3668168808605','SELECT * FROM SOURCE_TABLE2','3666778708108','3668123386172');
Insert into ICC_VARIABLE (ID,VALUE,DEFINITION_ID,JOB_ID) values ('3668188146506','ID','3666775159915','3668123386172');
Insert into ICC_VARIABLE (ID,VALUE,DEFINITION_ID,JOB_ID) values ('3668198005596','236125381981239','3666778295317','3668123386172');
Insert into ICC_VARIABLE (ID,VALUE,DEFINITION_ID,JOB_ID) values ('3668611730382','ID','3666775159915','3668601689321');
Insert into ICC_VARIABLE (ID,VALUE,DEFINITION_ID,JOB_ID) values ('3668613772715','236125381981239','3666778295317','3668601689321');
Insert into ICC_VARIABLE (ID,VALUE,DEFINITION_ID,JOB_ID) values ('3668616196378','SELECT * FROM TARGET_TABLE2','3666778708108','3668601689321');
Insert into ICC_VARIABLE (ID,VALUE,DEFINITION_ID,JOB_ID) values ('3668847014435','false','3666958512692','3668835459593');
Insert into ICC_VARIABLE (ID,VALUE,DEFINITION_ID,JOB_ID) values ('3668849572132','[DS] Load TEST2 Data','3666959039353','3668835459593');
Insert into ICC_VARIABLE (ID,VALUE,DEFINITION_ID,JOB_ID) values ('3668851643161','[DS] Load TEST1 Data','3666954433543','3668835459593');
Insert into ICC_VARIABLE (ID,VALUE,DEFINITION_ID,JOB_ID) values ('3669079103817','236125381981239','3667026459115','3669035609201');
Insert into ICC_VARIABLE (ID,VALUE,DEFINITION_ID,JOB_ID) values ('3669080892421','true','3667027005810','3669035609201');
Insert into ICC_VARIABLE (ID,VALUE,DEFINITION_ID,JOB_ID) values ('3669084194110','[DS] Compare TEST1 and TEST2','3667027297965','3669035609201');
Insert into ICC_VARIABLE (ID,VALUE,DEFINITION_ID,JOB_ID) values ('3669085837806','REPORT','3667027887685','3669035609201');
Insert into ICC_VARIABLE (ID,VALUE,DEFINITION_ID,JOB_ID) values ('1186375155164448','236125381981239','3666778295317','567654282094920');
Insert into ICC_VARIABLE (ID,VALUE,DEFINITION_ID,JOB_ID) values ('1186375155220435','select * from target_table2','3666778708108','567654282094920');
Insert into ICC_VARIABLE (ID,VALUE,DEFINITION_ID,JOB_ID) values ('1186375155258768','ID,NAME','3666775159915','567654282094920');
Insert into ICC_VARIABLE (ID,VALUE,DEFINITION_ID,JOB_ID) values ('1186388193818208','236125381981239','3667026459115','567864388346849');
Insert into ICC_VARIABLE (ID,VALUE,DEFINITION_ID,JOB_ID) values ('1186388193896722','true','3667027005810','567864388346849');
Insert into ICC_VARIABLE (ID,VALUE,DEFINITION_ID,JOB_ID) values ('1186388193625070','REPORT_7','3667027887685','567864388346849');
Insert into ICC_VARIABLE (ID,VALUE,DEFINITION_ID,JOB_ID) values ('1186388193727079','[DS] CompareOne2One','3667027297965','567864388346849');
Insert into ICC_VARIABLE (ID,VALUE,DEFINITION_ID,JOB_ID) values ('498435581650132',null,'3666775159915','498435580873058');
Insert into ICC_VARIABLE (ID,VALUE,DEFINITION_ID,JOB_ID) values ('498435581540417','236125381981239','3666778295317','498435580873058');
Insert into ICC_VARIABLE (ID,VALUE,DEFINITION_ID,JOB_ID) values ('498435581609472','select * from dual','3666778708108','498435580873058');
Insert into ICC_VARIABLE (ID,VALUE,DEFINITION_ID,JOB_ID) values ('1172560785836780',null,'761232071628949','1172560785517178');
Insert into ICC_VARIABLE (ID,VALUE,DEFINITION_ID,JOB_ID) values ('1172560785788214',null,'761232070695179','1172560785517178');
Insert into ICC_VARIABLE (ID,VALUE,DEFINITION_ID,JOB_ID) values ('1172560785708738','[DS] ReadTargetJob','761232071613575','1172560785517178');
Insert into ICC_VARIABLE (ID,VALUE,DEFINITION_ID,JOB_ID) values ('1172560785633275','[DS] ReadSourceJob','761232070668988','1172560785517178');
Insert into ICC_VARIABLE (ID,VALUE,DEFINITION_ID,JOB_ID) values ('1172560785749751','[DS] CompareOne2One','761232070685325','1172560785517178');
REM INSERTING into ICC_VARIABLEDEF
SET DEFINE OFF;
Insert into ICC_VARIABLEDEF (ID,DEFAULT_VALUE,POSITION,ACTIVE,CREATION_DATE,DESCRIPTION,MODIFICATION_DATE,NAME,REQUIRED,TYPE,CREATED_BY,MODIFIED_BY,TEMPLATE_ID) values ('3666775159915',null,3,1,to_timestamp('12-JAN-16 09.40.43.248000000 PM','DD-MON-RR HH.MI.SS.FF AM'),null,to_timestamp('12-JAN-16 09.40.43.248000000 PM','DD-MON-RR HH.MI.SS.FF AM'),'Keys',0,'List',null,null,'3666715969282');
Insert into ICC_VARIABLEDEF (ID,DEFAULT_VALUE,POSITION,ACTIVE,CREATION_DATE,DESCRIPTION,MODIFICATION_DATE,NAME,REQUIRED,TYPE,CREATED_BY,MODIFIED_BY,TEMPLATE_ID) values ('3666778295317',null,1,1,to_timestamp('12-JAN-16 09.40.43.248000000 PM','DD-MON-RR HH.MI.SS.FF AM'),null,to_timestamp('12-JAN-16 09.40.43.248000000 PM','DD-MON-RR HH.MI.SS.FF AM'),'Connection',0,'Connection',null,null,'3666715969282');
Insert into ICC_VARIABLEDEF (ID,DEFAULT_VALUE,POSITION,ACTIVE,CREATION_DATE,DESCRIPTION,MODIFICATION_DATE,NAME,REQUIRED,TYPE,CREATED_BY,MODIFIED_BY,TEMPLATE_ID) values ('3666778708108',null,2,1,to_timestamp('12-JAN-16 09.40.43.247000000 PM','DD-MON-RR HH.MI.SS.FF AM'),null,to_timestamp('12-JAN-16 09.40.43.247000000 PM','DD-MON-RR HH.MI.SS.FF AM'),'Query',0,'SQL',null,null,'3666715969282');
Insert into ICC_VARIABLEDEF (ID,DEFAULT_VALUE,POSITION,ACTIVE,CREATION_DATE,DESCRIPTION,MODIFICATION_DATE,NAME,REQUIRED,TYPE,CREATED_BY,MODIFIED_BY,TEMPLATE_ID) values ('3666954433543',null,1,1,to_timestamp('12-JAN-16 09.40.43.572000000 PM','DD-MON-RR HH.MI.SS.FF AM'),null,to_timestamp('12-JAN-16 09.40.43.572000000 PM','DD-MON-RR HH.MI.SS.FF AM'),'First DataSet',0,'Dataset',null,null,'3666949628141');
Insert into ICC_VARIABLEDEF (ID,DEFAULT_VALUE,POSITION,ACTIVE,CREATION_DATE,DESCRIPTION,MODIFICATION_DATE,NAME,REQUIRED,TYPE,CREATED_BY,MODIFIED_BY,TEMPLATE_ID) values ('3666958512692',null,2,1,to_timestamp('12-JAN-16 09.40.43.572000000 PM','DD-MON-RR HH.MI.SS.FF AM'),null,to_timestamp('12-JAN-16 09.40.43.572000000 PM','DD-MON-RR HH.MI.SS.FF AM'),'Report Identical',0,'Boolean',null,null,'3666949628141');
Insert into ICC_VARIABLEDEF (ID,DEFAULT_VALUE,POSITION,ACTIVE,CREATION_DATE,DESCRIPTION,MODIFICATION_DATE,NAME,REQUIRED,TYPE,CREATED_BY,MODIFIED_BY,TEMPLATE_ID) values ('3666959039353',null,3,1,to_timestamp('12-JAN-16 09.40.43.572000000 PM','DD-MON-RR HH.MI.SS.FF AM'),null,to_timestamp('12-JAN-16 09.40.43.572000000 PM','DD-MON-RR HH.MI.SS.FF AM'),'Second DataSet',0,'Dataset',null,null,'3666949628141');
Insert into ICC_VARIABLEDEF (ID,DEFAULT_VALUE,POSITION,ACTIVE,CREATION_DATE,DESCRIPTION,MODIFICATION_DATE,NAME,REQUIRED,TYPE,CREATED_BY,MODIFIED_BY,TEMPLATE_ID) values ('3667026459115',null,3,1,to_timestamp('12-JAN-16 09.40.43.633000000 PM','DD-MON-RR HH.MI.SS.FF AM'),null,to_timestamp('12-JAN-16 09.40.43.633000000 PM','DD-MON-RR HH.MI.SS.FF AM'),'Connection',0,'Connection',null,null,'3667021362874');
Insert into ICC_VARIABLEDEF (ID,DEFAULT_VALUE,POSITION,ACTIVE,CREATION_DATE,DESCRIPTION,MODIFICATION_DATE,NAME,REQUIRED,TYPE,CREATED_BY,MODIFIED_BY,TEMPLATE_ID) values ('3667027005810',null,4,1,to_timestamp('12-JAN-16 09.40.43.633000000 PM','DD-MON-RR HH.MI.SS.FF AM'),null,to_timestamp('12-JAN-16 09.40.43.633000000 PM','DD-MON-RR HH.MI.SS.FF AM'),'Drop Before Create',0,'Boolean',null,null,'3667021362874');
Insert into ICC_VARIABLEDEF (ID,DEFAULT_VALUE,POSITION,ACTIVE,CREATION_DATE,DESCRIPTION,MODIFICATION_DATE,NAME,REQUIRED,TYPE,CREATED_BY,MODIFIED_BY,TEMPLATE_ID) values ('3667027297965',null,2,1,to_timestamp('12-JAN-16 09.40.43.633000000 PM','DD-MON-RR HH.MI.SS.FF AM'),null,to_timestamp('12-JAN-16 09.40.43.633000000 PM','DD-MON-RR HH.MI.SS.FF AM'),'Dataset',0,'Dataset',null,null,'3667021362874');
Insert into ICC_VARIABLEDEF (ID,DEFAULT_VALUE,POSITION,ACTIVE,CREATION_DATE,DESCRIPTION,MODIFICATION_DATE,NAME,REQUIRED,TYPE,CREATED_BY,MODIFIED_BY,TEMPLATE_ID) values ('3667027887685',null,1,1,to_timestamp('12-JAN-16 09.40.43.633000000 PM','DD-MON-RR HH.MI.SS.FF AM'),null,to_timestamp('12-JAN-16 09.40.43.633000000 PM','DD-MON-RR HH.MI.SS.FF AM'),'Table',0,'Standard',null,null,'3667021362874');
Insert into ICC_VARIABLEDEF (ID,DEFAULT_VALUE,POSITION,ACTIVE,CREATION_DATE,DESCRIPTION,MODIFICATION_DATE,NAME,REQUIRED,TYPE,CREATED_BY,MODIFIED_BY,TEMPLATE_ID) values ('761232070668988',null,1,1,to_timestamp('21-JAN-16 04.11.43.397000000 PM','DD-MON-RR HH.MI.SS.FF AM'),null,to_timestamp('21-JAN-16 04.11.43.397000000 PM','DD-MON-RR HH.MI.SS.FF AM'),'First DataSet',0,'Dataset',null,null,'761232070575604');
Insert into ICC_VARIABLEDEF (ID,DEFAULT_VALUE,POSITION,ACTIVE,CREATION_DATE,DESCRIPTION,MODIFICATION_DATE,NAME,REQUIRED,TYPE,CREATED_BY,MODIFIED_BY,TEMPLATE_ID) values ('761232070685325',null,3,1,to_timestamp('21-JAN-16 04.11.43.397000000 PM','DD-MON-RR HH.MI.SS.FF AM'),null,to_timestamp('21-JAN-16 04.11.43.397000000 PM','DD-MON-RR HH.MI.SS.FF AM'),'Third DataSet',0,'Dataset',null,null,'761232070575604');
Insert into ICC_VARIABLEDEF (ID,DEFAULT_VALUE,POSITION,ACTIVE,CREATION_DATE,DESCRIPTION,MODIFICATION_DATE,NAME,REQUIRED,TYPE,CREATED_BY,MODIFIED_BY,TEMPLATE_ID) values ('761232070695179',null,4,1,to_timestamp('21-JAN-16 04.11.43.397000000 PM','DD-MON-RR HH.MI.SS.FF AM'),null,to_timestamp('21-JAN-16 04.11.43.397000000 PM','DD-MON-RR HH.MI.SS.FF AM'),'Fourth DataSet',0,'Dataset',null,null,'761232070575604');
Insert into ICC_VARIABLEDEF (ID,DEFAULT_VALUE,POSITION,ACTIVE,CREATION_DATE,DESCRIPTION,MODIFICATION_DATE,NAME,REQUIRED,TYPE,CREATED_BY,MODIFIED_BY,TEMPLATE_ID) values ('761232071613575',null,2,1,to_timestamp('21-JAN-16 04.11.43.397000000 PM','DD-MON-RR HH.MI.SS.FF AM'),null,to_timestamp('21-JAN-16 04.11.43.397000000 PM','DD-MON-RR HH.MI.SS.FF AM'),'Second DataSet',0,'Dataset',null,null,'761232070575604');
Insert into ICC_VARIABLEDEF (ID,DEFAULT_VALUE,POSITION,ACTIVE,CREATION_DATE,DESCRIPTION,MODIFICATION_DATE,NAME,REQUIRED,TYPE,CREATED_BY,MODIFIED_BY,TEMPLATE_ID) values ('761232071628949',null,5,1,to_timestamp('21-JAN-16 04.11.43.397000000 PM','DD-MON-RR HH.MI.SS.FF AM'),null,to_timestamp('21-JAN-16 04.11.43.397000000 PM','DD-MON-RR HH.MI.SS.FF AM'),'Fifth DataSet',0,'Dataset',null,null,'761232070575604');
REM INSERTING into ICC_VARIABLEDEF_AUD
SET DEFINE OFF;
Insert into ICC_VARIABLEDEF_AUD (ID,REV,REVTYPE,DEFAULT_VALUE,POSITION,ACTIVE,CREATION_DATE,DESCRIPTION,MODIFICATION_DATE,NAME,REQUIRED,TYPE,CREATED_BY,MODIFIED_BY,TEMPLATE_ID) values ('3666778708108',130,1,null,2,1,to_timestamp('12-JAN-16 09.40.43.247000000 PM','DD-MON-RR HH.MI.SS.FF AM'),null,to_timestamp('12-JAN-16 09.40.43.247000000 PM','DD-MON-RR HH.MI.SS.FF AM'),'Query',0,'SQL',null,null,'3666715969282');
Insert into ICC_VARIABLEDEF_AUD (ID,REV,REVTYPE,DEFAULT_VALUE,POSITION,ACTIVE,CREATION_DATE,DESCRIPTION,MODIFICATION_DATE,NAME,REQUIRED,TYPE,CREATED_BY,MODIFIED_BY,TEMPLATE_ID) values ('3666778295317',130,1,null,1,1,to_timestamp('12-JAN-16 09.40.43.248000000 PM','DD-MON-RR HH.MI.SS.FF AM'),null,to_timestamp('12-JAN-16 09.40.43.248000000 PM','DD-MON-RR HH.MI.SS.FF AM'),'Connection',0,'Connection',null,null,'3666715969282');
Insert into ICC_VARIABLEDEF_AUD (ID,REV,REVTYPE,DEFAULT_VALUE,POSITION,ACTIVE,CREATION_DATE,DESCRIPTION,MODIFICATION_DATE,NAME,REQUIRED,TYPE,CREATED_BY,MODIFIED_BY,TEMPLATE_ID) values ('3666775159915',130,1,null,3,1,to_timestamp('12-JAN-16 09.40.43.248000000 PM','DD-MON-RR HH.MI.SS.FF AM'),null,to_timestamp('12-JAN-16 09.40.43.248000000 PM','DD-MON-RR HH.MI.SS.FF AM'),'Keys',0,'List',null,null,'3666715969282');
Insert into ICC_VARIABLEDEF_AUD (ID,REV,REVTYPE,DEFAULT_VALUE,POSITION,ACTIVE,CREATION_DATE,DESCRIPTION,MODIFICATION_DATE,NAME,REQUIRED,TYPE,CREATED_BY,MODIFIED_BY,TEMPLATE_ID) values ('3666778295317',135,1,null,1,1,to_timestamp('12-JAN-16 09.40.43.248000000 PM','DD-MON-RR HH.MI.SS.FF AM'),null,to_timestamp('12-JAN-16 09.40.43.248000000 PM','DD-MON-RR HH.MI.SS.FF AM'),'Connection',0,'Connection',null,null,'3666715969282');
Insert into ICC_VARIABLEDEF_AUD (ID,REV,REVTYPE,DEFAULT_VALUE,POSITION,ACTIVE,CREATION_DATE,DESCRIPTION,MODIFICATION_DATE,NAME,REQUIRED,TYPE,CREATED_BY,MODIFIED_BY,TEMPLATE_ID) values ('3666775159915',135,1,null,3,1,to_timestamp('12-JAN-16 09.40.43.248000000 PM','DD-MON-RR HH.MI.SS.FF AM'),null,to_timestamp('12-JAN-16 09.40.43.248000000 PM','DD-MON-RR HH.MI.SS.FF AM'),'Keys',0,'List',null,null,'3666715969282');
Insert into ICC_VARIABLEDEF_AUD (ID,REV,REVTYPE,DEFAULT_VALUE,POSITION,ACTIVE,CREATION_DATE,DESCRIPTION,MODIFICATION_DATE,NAME,REQUIRED,TYPE,CREATED_BY,MODIFIED_BY,TEMPLATE_ID) values ('3666778708108',135,1,null,2,1,to_timestamp('12-JAN-16 09.40.43.247000000 PM','DD-MON-RR HH.MI.SS.FF AM'),null,to_timestamp('12-JAN-16 09.40.43.247000000 PM','DD-MON-RR HH.MI.SS.FF AM'),'Query',0,'SQL',null,null,'3666715969282');
Insert into ICC_VARIABLEDEF_AUD (ID,REV,REVTYPE,DEFAULT_VALUE,POSITION,ACTIVE,CREATION_DATE,DESCRIPTION,MODIFICATION_DATE,NAME,REQUIRED,TYPE,CREATED_BY,MODIFIED_BY,TEMPLATE_ID) values ('3666958512692',135,1,null,2,1,to_timestamp('12-JAN-16 09.40.43.572000000 PM','DD-MON-RR HH.MI.SS.FF AM'),null,to_timestamp('12-JAN-16 09.40.43.572000000 PM','DD-MON-RR HH.MI.SS.FF AM'),'Report Identical',0,'Boolean',null,null,'3666949628141');
Insert into ICC_VARIABLEDEF_AUD (ID,REV,REVTYPE,DEFAULT_VALUE,POSITION,ACTIVE,CREATION_DATE,DESCRIPTION,MODIFICATION_DATE,NAME,REQUIRED,TYPE,CREATED_BY,MODIFIED_BY,TEMPLATE_ID) values ('3666959039353',135,1,null,3,1,to_timestamp('12-JAN-16 09.40.43.572000000 PM','DD-MON-RR HH.MI.SS.FF AM'),null,to_timestamp('12-JAN-16 09.40.43.572000000 PM','DD-MON-RR HH.MI.SS.FF AM'),'Second DataSet',0,'Dataset',null,null,'3666949628141');
Insert into ICC_VARIABLEDEF_AUD (ID,REV,REVTYPE,DEFAULT_VALUE,POSITION,ACTIVE,CREATION_DATE,DESCRIPTION,MODIFICATION_DATE,NAME,REQUIRED,TYPE,CREATED_BY,MODIFIED_BY,TEMPLATE_ID) values ('3666954433543',135,1,null,1,1,to_timestamp('12-JAN-16 09.40.43.572000000 PM','DD-MON-RR HH.MI.SS.FF AM'),null,to_timestamp('12-JAN-16 09.40.43.572000000 PM','DD-MON-RR HH.MI.SS.FF AM'),'First DataSet',0,'Dataset',null,null,'3666949628141');
Insert into ICC_VARIABLEDEF_AUD (ID,REV,REVTYPE,DEFAULT_VALUE,POSITION,ACTIVE,CREATION_DATE,DESCRIPTION,MODIFICATION_DATE,NAME,REQUIRED,TYPE,CREATED_BY,MODIFIED_BY,TEMPLATE_ID) values ('3666954433543',137,1,null,1,1,to_timestamp('12-JAN-16 09.40.43.572000000 PM','DD-MON-RR HH.MI.SS.FF AM'),null,to_timestamp('12-JAN-16 09.40.43.572000000 PM','DD-MON-RR HH.MI.SS.FF AM'),'First DataSet',0,'Dataset',null,null,'3666949628141');
Insert into ICC_VARIABLEDEF_AUD (ID,REV,REVTYPE,DEFAULT_VALUE,POSITION,ACTIVE,CREATION_DATE,DESCRIPTION,MODIFICATION_DATE,NAME,REQUIRED,TYPE,CREATED_BY,MODIFIED_BY,TEMPLATE_ID) values ('3666959039353',137,1,null,3,1,to_timestamp('12-JAN-16 09.40.43.572000000 PM','DD-MON-RR HH.MI.SS.FF AM'),null,to_timestamp('12-JAN-16 09.40.43.572000000 PM','DD-MON-RR HH.MI.SS.FF AM'),'Second DataSet',0,'Dataset',null,null,'3666949628141');
Insert into ICC_VARIABLEDEF_AUD (ID,REV,REVTYPE,DEFAULT_VALUE,POSITION,ACTIVE,CREATION_DATE,DESCRIPTION,MODIFICATION_DATE,NAME,REQUIRED,TYPE,CREATED_BY,MODIFIED_BY,TEMPLATE_ID) values ('3666958512692',137,1,null,2,1,to_timestamp('12-JAN-16 09.40.43.572000000 PM','DD-MON-RR HH.MI.SS.FF AM'),null,to_timestamp('12-JAN-16 09.40.43.572000000 PM','DD-MON-RR HH.MI.SS.FF AM'),'Report Identical',0,'Boolean',null,null,'3666949628141');
Insert into ICC_VARIABLEDEF_AUD (ID,REV,REVTYPE,DEFAULT_VALUE,POSITION,ACTIVE,CREATION_DATE,DESCRIPTION,MODIFICATION_DATE,NAME,REQUIRED,TYPE,CREATED_BY,MODIFIED_BY,TEMPLATE_ID) values ('3666958512692',138,1,null,2,1,to_timestamp('12-JAN-16 09.40.43.572000000 PM','DD-MON-RR HH.MI.SS.FF AM'),null,to_timestamp('12-JAN-16 09.40.43.572000000 PM','DD-MON-RR HH.MI.SS.FF AM'),'Report Identical',0,'Boolean',null,null,'3666949628141');
Insert into ICC_VARIABLEDEF_AUD (ID,REV,REVTYPE,DEFAULT_VALUE,POSITION,ACTIVE,CREATION_DATE,DESCRIPTION,MODIFICATION_DATE,NAME,REQUIRED,TYPE,CREATED_BY,MODIFIED_BY,TEMPLATE_ID) values ('3666959039353',138,1,null,3,1,to_timestamp('12-JAN-16 09.40.43.572000000 PM','DD-MON-RR HH.MI.SS.FF AM'),null,to_timestamp('12-JAN-16 09.40.43.572000000 PM','DD-MON-RR HH.MI.SS.FF AM'),'Second DataSet',0,'Dataset',null,null,'3666949628141');
Insert into ICC_VARIABLEDEF_AUD (ID,REV,REVTYPE,DEFAULT_VALUE,POSITION,ACTIVE,CREATION_DATE,DESCRIPTION,MODIFICATION_DATE,NAME,REQUIRED,TYPE,CREATED_BY,MODIFIED_BY,TEMPLATE_ID) values ('3666954433543',138,1,null,1,1,to_timestamp('12-JAN-16 09.40.43.572000000 PM','DD-MON-RR HH.MI.SS.FF AM'),null,to_timestamp('12-JAN-16 09.40.43.572000000 PM','DD-MON-RR HH.MI.SS.FF AM'),'First DataSet',0,'Dataset',null,null,'3666949628141');
Insert into ICC_VARIABLEDEF_AUD (ID,REV,REVTYPE,DEFAULT_VALUE,POSITION,ACTIVE,CREATION_DATE,DESCRIPTION,MODIFICATION_DATE,NAME,REQUIRED,TYPE,CREATED_BY,MODIFIED_BY,TEMPLATE_ID) values ('3666778708108',145,1,null,2,1,to_timestamp('12-JAN-16 09.40.43.247000000 PM','DD-MON-RR HH.MI.SS.FF AM'),null,to_timestamp('12-JAN-16 09.40.43.247000000 PM','DD-MON-RR HH.MI.SS.FF AM'),'Query',0,'SQL',null,null,'3666715969282');
Insert into ICC_VARIABLEDEF_AUD (ID,REV,REVTYPE,DEFAULT_VALUE,POSITION,ACTIVE,CREATION_DATE,DESCRIPTION,MODIFICATION_DATE,NAME,REQUIRED,TYPE,CREATED_BY,MODIFIED_BY,TEMPLATE_ID) values ('3666775159915',145,1,null,3,1,to_timestamp('12-JAN-16 09.40.43.248000000 PM','DD-MON-RR HH.MI.SS.FF AM'),null,to_timestamp('12-JAN-16 09.40.43.248000000 PM','DD-MON-RR HH.MI.SS.FF AM'),'Keys',0,'List',null,null,'3666715969282');
Insert into ICC_VARIABLEDEF_AUD (ID,REV,REVTYPE,DEFAULT_VALUE,POSITION,ACTIVE,CREATION_DATE,DESCRIPTION,MODIFICATION_DATE,NAME,REQUIRED,TYPE,CREATED_BY,MODIFIED_BY,TEMPLATE_ID) values ('3666778295317',145,1,null,1,1,to_timestamp('12-JAN-16 09.40.43.248000000 PM','DD-MON-RR HH.MI.SS.FF AM'),null,to_timestamp('12-JAN-16 09.40.43.248000000 PM','DD-MON-RR HH.MI.SS.FF AM'),'Connection',0,'Connection',null,null,'3666715969282');
Insert into ICC_VARIABLEDEF_AUD (ID,REV,REVTYPE,DEFAULT_VALUE,POSITION,ACTIVE,CREATION_DATE,DESCRIPTION,MODIFICATION_DATE,NAME,REQUIRED,TYPE,CREATED_BY,MODIFIED_BY,TEMPLATE_ID) values ('3666778708108',146,1,null,2,1,to_timestamp('12-JAN-16 09.40.43.247000000 PM','DD-MON-RR HH.MI.SS.FF AM'),null,to_timestamp('12-JAN-16 09.40.43.247000000 PM','DD-MON-RR HH.MI.SS.FF AM'),'Query',0,'SQL',null,null,'3666715969282');
Insert into ICC_VARIABLEDEF_AUD (ID,REV,REVTYPE,DEFAULT_VALUE,POSITION,ACTIVE,CREATION_DATE,DESCRIPTION,MODIFICATION_DATE,NAME,REQUIRED,TYPE,CREATED_BY,MODIFIED_BY,TEMPLATE_ID) values ('3666778295317',146,1,null,1,1,to_timestamp('12-JAN-16 09.40.43.248000000 PM','DD-MON-RR HH.MI.SS.FF AM'),null,to_timestamp('12-JAN-16 09.40.43.248000000 PM','DD-MON-RR HH.MI.SS.FF AM'),'Connection',0,'Connection',null,null,'3666715969282');
Insert into ICC_VARIABLEDEF_AUD (ID,REV,REVTYPE,DEFAULT_VALUE,POSITION,ACTIVE,CREATION_DATE,DESCRIPTION,MODIFICATION_DATE,NAME,REQUIRED,TYPE,CREATED_BY,MODIFIED_BY,TEMPLATE_ID) values ('3666775159915',146,1,null,3,1,to_timestamp('12-JAN-16 09.40.43.248000000 PM','DD-MON-RR HH.MI.SS.FF AM'),null,to_timestamp('12-JAN-16 09.40.43.248000000 PM','DD-MON-RR HH.MI.SS.FF AM'),'Keys',0,'List',null,null,'3666715969282');
Insert into ICC_VARIABLEDEF_AUD (ID,REV,REVTYPE,DEFAULT_VALUE,POSITION,ACTIVE,CREATION_DATE,DESCRIPTION,MODIFICATION_DATE,NAME,REQUIRED,TYPE,CREATED_BY,MODIFIED_BY,TEMPLATE_ID) values ('3666778708108',147,1,null,2,1,to_timestamp('12-JAN-16 09.40.43.247000000 PM','DD-MON-RR HH.MI.SS.FF AM'),null,to_timestamp('12-JAN-16 09.40.43.247000000 PM','DD-MON-RR HH.MI.SS.FF AM'),'Query',0,'SQL',null,null,'3666715969282');
Insert into ICC_VARIABLEDEF_AUD (ID,REV,REVTYPE,DEFAULT_VALUE,POSITION,ACTIVE,CREATION_DATE,DESCRIPTION,MODIFICATION_DATE,NAME,REQUIRED,TYPE,CREATED_BY,MODIFIED_BY,TEMPLATE_ID) values ('3666775159915',147,1,null,3,1,to_timestamp('12-JAN-16 09.40.43.248000000 PM','DD-MON-RR HH.MI.SS.FF AM'),null,to_timestamp('12-JAN-16 09.40.43.248000000 PM','DD-MON-RR HH.MI.SS.FF AM'),'Keys',0,'List',null,null,'3666715969282');
Insert into ICC_VARIABLEDEF_AUD (ID,REV,REVTYPE,DEFAULT_VALUE,POSITION,ACTIVE,CREATION_DATE,DESCRIPTION,MODIFICATION_DATE,NAME,REQUIRED,TYPE,CREATED_BY,MODIFIED_BY,TEMPLATE_ID) values ('3666778295317',147,1,null,1,1,to_timestamp('12-JAN-16 09.40.43.248000000 PM','DD-MON-RR HH.MI.SS.FF AM'),null,to_timestamp('12-JAN-16 09.40.43.248000000 PM','DD-MON-RR HH.MI.SS.FF AM'),'Connection',0,'Connection',null,null,'3666715969282');
Insert into ICC_VARIABLEDEF_AUD (ID,REV,REVTYPE,DEFAULT_VALUE,POSITION,ACTIVE,CREATION_DATE,DESCRIPTION,MODIFICATION_DATE,NAME,REQUIRED,TYPE,CREATED_BY,MODIFIED_BY,TEMPLATE_ID) values ('3666775159915',148,1,null,3,1,to_timestamp('12-JAN-16 09.40.43.248000000 PM','DD-MON-RR HH.MI.SS.FF AM'),null,to_timestamp('12-JAN-16 09.40.43.248000000 PM','DD-MON-RR HH.MI.SS.FF AM'),'Keys',0,'List',null,null,'3666715969282');
Insert into ICC_VARIABLEDEF_AUD (ID,REV,REVTYPE,DEFAULT_VALUE,POSITION,ACTIVE,CREATION_DATE,DESCRIPTION,MODIFICATION_DATE,NAME,REQUIRED,TYPE,CREATED_BY,MODIFIED_BY,TEMPLATE_ID) values ('3666778295317',148,1,null,1,1,to_timestamp('12-JAN-16 09.40.43.248000000 PM','DD-MON-RR HH.MI.SS.FF AM'),null,to_timestamp('12-JAN-16 09.40.43.248000000 PM','DD-MON-RR HH.MI.SS.FF AM'),'Connection',0,'Connection',null,null,'3666715969282');
Insert into ICC_VARIABLEDEF_AUD (ID,REV,REVTYPE,DEFAULT_VALUE,POSITION,ACTIVE,CREATION_DATE,DESCRIPTION,MODIFICATION_DATE,NAME,REQUIRED,TYPE,CREATED_BY,MODIFIED_BY,TEMPLATE_ID) values ('3666778708108',148,1,null,2,1,to_timestamp('12-JAN-16 09.40.43.247000000 PM','DD-MON-RR HH.MI.SS.FF AM'),null,to_timestamp('12-JAN-16 09.40.43.247000000 PM','DD-MON-RR HH.MI.SS.FF AM'),'Query',0,'SQL',null,null,'3666715969282');
Insert into ICC_VARIABLEDEF_AUD (ID,REV,REVTYPE,DEFAULT_VALUE,POSITION,ACTIVE,CREATION_DATE,DESCRIPTION,MODIFICATION_DATE,NAME,REQUIRED,TYPE,CREATED_BY,MODIFIED_BY,TEMPLATE_ID) values ('3667027887685',151,1,null,1,1,to_timestamp('12-JAN-16 09.40.43.633000000 PM','DD-MON-RR HH.MI.SS.FF AM'),null,to_timestamp('12-JAN-16 09.40.43.633000000 PM','DD-MON-RR HH.MI.SS.FF AM'),'Table',0,'Standard',null,null,'3667021362874');
Insert into ICC_VARIABLEDEF_AUD (ID,REV,REVTYPE,DEFAULT_VALUE,POSITION,ACTIVE,CREATION_DATE,DESCRIPTION,MODIFICATION_DATE,NAME,REQUIRED,TYPE,CREATED_BY,MODIFIED_BY,TEMPLATE_ID) values ('3667027297965',151,1,null,2,1,to_timestamp('12-JAN-16 09.40.43.633000000 PM','DD-MON-RR HH.MI.SS.FF AM'),null,to_timestamp('12-JAN-16 09.40.43.633000000 PM','DD-MON-RR HH.MI.SS.FF AM'),'Dataset',0,'Dataset',null,null,'3667021362874');
Insert into ICC_VARIABLEDEF_AUD (ID,REV,REVTYPE,DEFAULT_VALUE,POSITION,ACTIVE,CREATION_DATE,DESCRIPTION,MODIFICATION_DATE,NAME,REQUIRED,TYPE,CREATED_BY,MODIFIED_BY,TEMPLATE_ID) values ('3667027005810',151,1,null,4,1,to_timestamp('12-JAN-16 09.40.43.633000000 PM','DD-MON-RR HH.MI.SS.FF AM'),null,to_timestamp('12-JAN-16 09.40.43.633000000 PM','DD-MON-RR HH.MI.SS.FF AM'),'Drop Before Create',0,'Boolean',null,null,'3667021362874');
Insert into ICC_VARIABLEDEF_AUD (ID,REV,REVTYPE,DEFAULT_VALUE,POSITION,ACTIVE,CREATION_DATE,DESCRIPTION,MODIFICATION_DATE,NAME,REQUIRED,TYPE,CREATED_BY,MODIFIED_BY,TEMPLATE_ID) values ('3667026459115',151,1,null,3,1,to_timestamp('12-JAN-16 09.40.43.633000000 PM','DD-MON-RR HH.MI.SS.FF AM'),null,to_timestamp('12-JAN-16 09.40.43.633000000 PM','DD-MON-RR HH.MI.SS.FF AM'),'Connection',0,'Connection',null,null,'3667021362874');
Insert into ICC_VARIABLEDEF_AUD (ID,REV,REVTYPE,DEFAULT_VALUE,POSITION,ACTIVE,CREATION_DATE,DESCRIPTION,MODIFICATION_DATE,NAME,REQUIRED,TYPE,CREATED_BY,MODIFIED_BY,TEMPLATE_ID) values ('3667027005810',152,1,null,4,1,to_timestamp('12-JAN-16 09.40.43.633000000 PM','DD-MON-RR HH.MI.SS.FF AM'),null,to_timestamp('12-JAN-16 09.40.43.633000000 PM','DD-MON-RR HH.MI.SS.FF AM'),'Drop Before Create',0,'Boolean',null,null,'3667021362874');
Insert into ICC_VARIABLEDEF_AUD (ID,REV,REVTYPE,DEFAULT_VALUE,POSITION,ACTIVE,CREATION_DATE,DESCRIPTION,MODIFICATION_DATE,NAME,REQUIRED,TYPE,CREATED_BY,MODIFIED_BY,TEMPLATE_ID) values ('3667027297965',152,1,null,2,1,to_timestamp('12-JAN-16 09.40.43.633000000 PM','DD-MON-RR HH.MI.SS.FF AM'),null,to_timestamp('12-JAN-16 09.40.43.633000000 PM','DD-MON-RR HH.MI.SS.FF AM'),'Dataset',0,'Dataset',null,null,'3667021362874');
Insert into ICC_VARIABLEDEF_AUD (ID,REV,REVTYPE,DEFAULT_VALUE,POSITION,ACTIVE,CREATION_DATE,DESCRIPTION,MODIFICATION_DATE,NAME,REQUIRED,TYPE,CREATED_BY,MODIFIED_BY,TEMPLATE_ID) values ('3667026459115',152,1,null,3,1,to_timestamp('12-JAN-16 09.40.43.633000000 PM','DD-MON-RR HH.MI.SS.FF AM'),null,to_timestamp('12-JAN-16 09.40.43.633000000 PM','DD-MON-RR HH.MI.SS.FF AM'),'Connection',0,'Connection',null,null,'3667021362874');
Insert into ICC_VARIABLEDEF_AUD (ID,REV,REVTYPE,DEFAULT_VALUE,POSITION,ACTIVE,CREATION_DATE,DESCRIPTION,MODIFICATION_DATE,NAME,REQUIRED,TYPE,CREATED_BY,MODIFIED_BY,TEMPLATE_ID) values ('3667027887685',152,1,null,1,1,to_timestamp('12-JAN-16 09.40.43.633000000 PM','DD-MON-RR HH.MI.SS.FF AM'),null,to_timestamp('12-JAN-16 09.40.43.633000000 PM','DD-MON-RR HH.MI.SS.FF AM'),'Table',0,'Standard',null,null,'3667021362874');
Insert into ICC_VARIABLEDEF_AUD (ID,REV,REVTYPE,DEFAULT_VALUE,POSITION,ACTIVE,CREATION_DATE,DESCRIPTION,MODIFICATION_DATE,NAME,REQUIRED,TYPE,CREATED_BY,MODIFIED_BY,TEMPLATE_ID) values ('3666775159915',155,1,null,3,1,to_timestamp('12-JAN-16 09.40.43.248000000 PM','DD-MON-RR HH.MI.SS.FF AM'),null,to_timestamp('12-JAN-16 09.40.43.248000000 PM','DD-MON-RR HH.MI.SS.FF AM'),'Keys',0,'List',null,null,'3666715969282');
Insert into ICC_VARIABLEDEF_AUD (ID,REV,REVTYPE,DEFAULT_VALUE,POSITION,ACTIVE,CREATION_DATE,DESCRIPTION,MODIFICATION_DATE,NAME,REQUIRED,TYPE,CREATED_BY,MODIFIED_BY,TEMPLATE_ID) values ('3666778295317',155,1,null,1,1,to_timestamp('12-JAN-16 09.40.43.248000000 PM','DD-MON-RR HH.MI.SS.FF AM'),null,to_timestamp('12-JAN-16 09.40.43.248000000 PM','DD-MON-RR HH.MI.SS.FF AM'),'Connection',0,'Connection',null,null,'3666715969282');
Insert into ICC_VARIABLEDEF_AUD (ID,REV,REVTYPE,DEFAULT_VALUE,POSITION,ACTIVE,CREATION_DATE,DESCRIPTION,MODIFICATION_DATE,NAME,REQUIRED,TYPE,CREATED_BY,MODIFIED_BY,TEMPLATE_ID) values ('3666778708108',155,1,null,2,1,to_timestamp('12-JAN-16 09.40.43.247000000 PM','DD-MON-RR HH.MI.SS.FF AM'),null,to_timestamp('12-JAN-16 09.40.43.247000000 PM','DD-MON-RR HH.MI.SS.FF AM'),'Query',0,'SQL',null,null,'3666715969282');
Insert into ICC_VARIABLEDEF_AUD (ID,REV,REVTYPE,DEFAULT_VALUE,POSITION,ACTIVE,CREATION_DATE,DESCRIPTION,MODIFICATION_DATE,NAME,REQUIRED,TYPE,CREATED_BY,MODIFIED_BY,TEMPLATE_ID) values ('761232071613575',171,1,null,2,1,to_timestamp('21-JAN-16 04.11.43.397000000 PM','DD-MON-RR HH.MI.SS.FF AM'),null,to_timestamp('21-JAN-16 04.11.43.397000000 PM','DD-MON-RR HH.MI.SS.FF AM'),'Second DataSet',0,'Dataset',null,null,'761232070575604');
Insert into ICC_VARIABLEDEF_AUD (ID,REV,REVTYPE,DEFAULT_VALUE,POSITION,ACTIVE,CREATION_DATE,DESCRIPTION,MODIFICATION_DATE,NAME,REQUIRED,TYPE,CREATED_BY,MODIFIED_BY,TEMPLATE_ID) values ('761232071628949',171,1,null,5,1,to_timestamp('21-JAN-16 04.11.43.397000000 PM','DD-MON-RR HH.MI.SS.FF AM'),null,to_timestamp('21-JAN-16 04.11.43.397000000 PM','DD-MON-RR HH.MI.SS.FF AM'),'Fifth DataSet',0,'Dataset',null,null,'761232070575604');
Insert into ICC_VARIABLEDEF_AUD (ID,REV,REVTYPE,DEFAULT_VALUE,POSITION,ACTIVE,CREATION_DATE,DESCRIPTION,MODIFICATION_DATE,NAME,REQUIRED,TYPE,CREATED_BY,MODIFIED_BY,TEMPLATE_ID) values ('761232070668988',171,1,null,1,1,to_timestamp('21-JAN-16 04.11.43.397000000 PM','DD-MON-RR HH.MI.SS.FF AM'),null,to_timestamp('21-JAN-16 04.11.43.397000000 PM','DD-MON-RR HH.MI.SS.FF AM'),'First DataSet',0,'Dataset',null,null,'761232070575604');
Insert into ICC_VARIABLEDEF_AUD (ID,REV,REVTYPE,DEFAULT_VALUE,POSITION,ACTIVE,CREATION_DATE,DESCRIPTION,MODIFICATION_DATE,NAME,REQUIRED,TYPE,CREATED_BY,MODIFIED_BY,TEMPLATE_ID) values ('761232070695179',171,1,null,4,1,to_timestamp('21-JAN-16 04.11.43.397000000 PM','DD-MON-RR HH.MI.SS.FF AM'),null,to_timestamp('21-JAN-16 04.11.43.397000000 PM','DD-MON-RR HH.MI.SS.FF AM'),'Fourth DataSet',0,'Dataset',null,null,'761232070575604');
Insert into ICC_VARIABLEDEF_AUD (ID,REV,REVTYPE,DEFAULT_VALUE,POSITION,ACTIVE,CREATION_DATE,DESCRIPTION,MODIFICATION_DATE,NAME,REQUIRED,TYPE,CREATED_BY,MODIFIED_BY,TEMPLATE_ID) values ('761232070685325',171,1,null,3,1,to_timestamp('21-JAN-16 04.11.43.397000000 PM','DD-MON-RR HH.MI.SS.FF AM'),null,to_timestamp('21-JAN-16 04.11.43.397000000 PM','DD-MON-RR HH.MI.SS.FF AM'),'Third DataSet',0,'Dataset',null,null,'761232070575604');
Insert into ICC_VARIABLEDEF_AUD (ID,REV,REVTYPE,DEFAULT_VALUE,POSITION,ACTIVE,CREATION_DATE,DESCRIPTION,MODIFICATION_DATE,NAME,REQUIRED,TYPE,CREATED_BY,MODIFIED_BY,TEMPLATE_ID) values ('3666778708108',172,1,null,2,1,to_timestamp('12-JAN-16 09.40.43.247000000 PM','DD-MON-RR HH.MI.SS.FF AM'),null,to_timestamp('12-JAN-16 09.40.43.247000000 PM','DD-MON-RR HH.MI.SS.FF AM'),'Query',0,'SQL',null,null,'3666715969282');
Insert into ICC_VARIABLEDEF_AUD (ID,REV,REVTYPE,DEFAULT_VALUE,POSITION,ACTIVE,CREATION_DATE,DESCRIPTION,MODIFICATION_DATE,NAME,REQUIRED,TYPE,CREATED_BY,MODIFIED_BY,TEMPLATE_ID) values ('3666775159915',172,1,null,3,1,to_timestamp('12-JAN-16 09.40.43.248000000 PM','DD-MON-RR HH.MI.SS.FF AM'),null,to_timestamp('12-JAN-16 09.40.43.248000000 PM','DD-MON-RR HH.MI.SS.FF AM'),'Keys',0,'List',null,null,'3666715969282');
Insert into ICC_VARIABLEDEF_AUD (ID,REV,REVTYPE,DEFAULT_VALUE,POSITION,ACTIVE,CREATION_DATE,DESCRIPTION,MODIFICATION_DATE,NAME,REQUIRED,TYPE,CREATED_BY,MODIFIED_BY,TEMPLATE_ID) values ('3666778295317',172,1,null,1,1,to_timestamp('12-JAN-16 09.40.43.248000000 PM','DD-MON-RR HH.MI.SS.FF AM'),null,to_timestamp('12-JAN-16 09.40.43.248000000 PM','DD-MON-RR HH.MI.SS.FF AM'),'Connection',0,'Connection',null,null,'3666715969282');
Insert into ICC_VARIABLEDEF_AUD (ID,REV,REVTYPE,DEFAULT_VALUE,POSITION,ACTIVE,CREATION_DATE,DESCRIPTION,MODIFICATION_DATE,NAME,REQUIRED,TYPE,CREATED_BY,MODIFIED_BY,TEMPLATE_ID) values ('3666778708108',173,1,null,2,1,to_timestamp('12-JAN-16 09.40.43.247000000 PM','DD-MON-RR HH.MI.SS.FF AM'),null,to_timestamp('12-JAN-16 09.40.43.247000000 PM','DD-MON-RR HH.MI.SS.FF AM'),'Query',0,'SQL',null,null,'3666715969282');
Insert into ICC_VARIABLEDEF_AUD (ID,REV,REVTYPE,DEFAULT_VALUE,POSITION,ACTIVE,CREATION_DATE,DESCRIPTION,MODIFICATION_DATE,NAME,REQUIRED,TYPE,CREATED_BY,MODIFIED_BY,TEMPLATE_ID) values ('3666778295317',173,1,null,1,1,to_timestamp('12-JAN-16 09.40.43.248000000 PM','DD-MON-RR HH.MI.SS.FF AM'),null,to_timestamp('12-JAN-16 09.40.43.248000000 PM','DD-MON-RR HH.MI.SS.FF AM'),'Connection',0,'Connection',null,null,'3666715969282');
Insert into ICC_VARIABLEDEF_AUD (ID,REV,REVTYPE,DEFAULT_VALUE,POSITION,ACTIVE,CREATION_DATE,DESCRIPTION,MODIFICATION_DATE,NAME,REQUIRED,TYPE,CREATED_BY,MODIFIED_BY,TEMPLATE_ID) values ('3666775159915',173,1,null,3,1,to_timestamp('12-JAN-16 09.40.43.248000000 PM','DD-MON-RR HH.MI.SS.FF AM'),null,to_timestamp('12-JAN-16 09.40.43.248000000 PM','DD-MON-RR HH.MI.SS.FF AM'),'Keys',0,'List',null,null,'3666715969282');
Insert into ICC_VARIABLEDEF_AUD (ID,REV,REVTYPE,DEFAULT_VALUE,POSITION,ACTIVE,CREATION_DATE,DESCRIPTION,MODIFICATION_DATE,NAME,REQUIRED,TYPE,CREATED_BY,MODIFIED_BY,TEMPLATE_ID) values ('3667027005810',174,1,null,4,1,to_timestamp('12-JAN-16 09.40.43.633000000 PM','DD-MON-RR HH.MI.SS.FF AM'),null,to_timestamp('12-JAN-16 09.40.43.633000000 PM','DD-MON-RR HH.MI.SS.FF AM'),'Drop Before Create',0,'Boolean',null,null,'3667021362874');
Insert into ICC_VARIABLEDEF_AUD (ID,REV,REVTYPE,DEFAULT_VALUE,POSITION,ACTIVE,CREATION_DATE,DESCRIPTION,MODIFICATION_DATE,NAME,REQUIRED,TYPE,CREATED_BY,MODIFIED_BY,TEMPLATE_ID) values ('3667027887685',174,1,null,1,1,to_timestamp('12-JAN-16 09.40.43.633000000 PM','DD-MON-RR HH.MI.SS.FF AM'),null,to_timestamp('12-JAN-16 09.40.43.633000000 PM','DD-MON-RR HH.MI.SS.FF AM'),'Table',0,'Standard',null,null,'3667021362874');
Insert into ICC_VARIABLEDEF_AUD (ID,REV,REVTYPE,DEFAULT_VALUE,POSITION,ACTIVE,CREATION_DATE,DESCRIPTION,MODIFICATION_DATE,NAME,REQUIRED,TYPE,CREATED_BY,MODIFIED_BY,TEMPLATE_ID) values ('3667026459115',174,1,null,3,1,to_timestamp('12-JAN-16 09.40.43.633000000 PM','DD-MON-RR HH.MI.SS.FF AM'),null,to_timestamp('12-JAN-16 09.40.43.633000000 PM','DD-MON-RR HH.MI.SS.FF AM'),'Connection',0,'Connection',null,null,'3667021362874');
Insert into ICC_VARIABLEDEF_AUD (ID,REV,REVTYPE,DEFAULT_VALUE,POSITION,ACTIVE,CREATION_DATE,DESCRIPTION,MODIFICATION_DATE,NAME,REQUIRED,TYPE,CREATED_BY,MODIFIED_BY,TEMPLATE_ID) values ('3667027297965',174,1,null,2,1,to_timestamp('12-JAN-16 09.40.43.633000000 PM','DD-MON-RR HH.MI.SS.FF AM'),null,to_timestamp('12-JAN-16 09.40.43.633000000 PM','DD-MON-RR HH.MI.SS.FF AM'),'Dataset',0,'Dataset',null,null,'3667021362874');
Insert into ICC_VARIABLEDEF_AUD (ID,REV,REVTYPE,DEFAULT_VALUE,POSITION,ACTIVE,CREATION_DATE,DESCRIPTION,MODIFICATION_DATE,NAME,REQUIRED,TYPE,CREATED_BY,MODIFIED_BY,TEMPLATE_ID) values ('761232071613575',209,1,null,2,1,to_timestamp('21-JAN-16 04.11.43.397000000 PM','DD-MON-RR HH.MI.SS.FF AM'),null,to_timestamp('21-JAN-16 04.11.43.397000000 PM','DD-MON-RR HH.MI.SS.FF AM'),'Second DataSet',0,'Dataset',null,null,'761232070575604');
Insert into ICC_VARIABLEDEF_AUD (ID,REV,REVTYPE,DEFAULT_VALUE,POSITION,ACTIVE,CREATION_DATE,DESCRIPTION,MODIFICATION_DATE,NAME,REQUIRED,TYPE,CREATED_BY,MODIFIED_BY,TEMPLATE_ID) values ('761232070695179',209,1,null,4,1,to_timestamp('21-JAN-16 04.11.43.397000000 PM','DD-MON-RR HH.MI.SS.FF AM'),null,to_timestamp('21-JAN-16 04.11.43.397000000 PM','DD-MON-RR HH.MI.SS.FF AM'),'Fourth DataSet',0,'Dataset',null,null,'761232070575604');
Insert into ICC_VARIABLEDEF_AUD (ID,REV,REVTYPE,DEFAULT_VALUE,POSITION,ACTIVE,CREATION_DATE,DESCRIPTION,MODIFICATION_DATE,NAME,REQUIRED,TYPE,CREATED_BY,MODIFIED_BY,TEMPLATE_ID) values ('761232070685325',209,1,null,3,1,to_timestamp('21-JAN-16 04.11.43.397000000 PM','DD-MON-RR HH.MI.SS.FF AM'),null,to_timestamp('21-JAN-16 04.11.43.397000000 PM','DD-MON-RR HH.MI.SS.FF AM'),'Third DataSet',0,'Dataset',null,null,'761232070575604');
Insert into ICC_VARIABLEDEF_AUD (ID,REV,REVTYPE,DEFAULT_VALUE,POSITION,ACTIVE,CREATION_DATE,DESCRIPTION,MODIFICATION_DATE,NAME,REQUIRED,TYPE,CREATED_BY,MODIFIED_BY,TEMPLATE_ID) values ('761232070668988',209,1,null,1,1,to_timestamp('21-JAN-16 04.11.43.397000000 PM','DD-MON-RR HH.MI.SS.FF AM'),null,to_timestamp('21-JAN-16 04.11.43.397000000 PM','DD-MON-RR HH.MI.SS.FF AM'),'First DataSet',0,'Dataset',null,null,'761232070575604');
Insert into ICC_VARIABLEDEF_AUD (ID,REV,REVTYPE,DEFAULT_VALUE,POSITION,ACTIVE,CREATION_DATE,DESCRIPTION,MODIFICATION_DATE,NAME,REQUIRED,TYPE,CREATED_BY,MODIFIED_BY,TEMPLATE_ID) values ('761232071628949',209,1,null,5,1,to_timestamp('21-JAN-16 04.11.43.397000000 PM','DD-MON-RR HH.MI.SS.FF AM'),null,to_timestamp('21-JAN-16 04.11.43.397000000 PM','DD-MON-RR HH.MI.SS.FF AM'),'Fifth DataSet',0,'Dataset',null,null,'761232070575604');
Insert into ICC_VARIABLEDEF_AUD (ID,REV,REVTYPE,DEFAULT_VALUE,POSITION,ACTIVE,CREATION_DATE,DESCRIPTION,MODIFICATION_DATE,NAME,REQUIRED,TYPE,CREATED_BY,MODIFIED_BY,TEMPLATE_ID) values ('761232071628949',210,1,null,5,1,to_timestamp('21-JAN-16 04.11.43.397000000 PM','DD-MON-RR HH.MI.SS.FF AM'),null,to_timestamp('21-JAN-16 04.11.43.397000000 PM','DD-MON-RR HH.MI.SS.FF AM'),'Fifth DataSet',0,'Dataset',null,null,'761232070575604');
Insert into ICC_VARIABLEDEF_AUD (ID,REV,REVTYPE,DEFAULT_VALUE,POSITION,ACTIVE,CREATION_DATE,DESCRIPTION,MODIFICATION_DATE,NAME,REQUIRED,TYPE,CREATED_BY,MODIFIED_BY,TEMPLATE_ID) values ('761232071613575',210,1,null,2,1,to_timestamp('21-JAN-16 04.11.43.397000000 PM','DD-MON-RR HH.MI.SS.FF AM'),null,to_timestamp('21-JAN-16 04.11.43.397000000 PM','DD-MON-RR HH.MI.SS.FF AM'),'Second DataSet',0,'Dataset',null,null,'761232070575604');
Insert into ICC_VARIABLEDEF_AUD (ID,REV,REVTYPE,DEFAULT_VALUE,POSITION,ACTIVE,CREATION_DATE,DESCRIPTION,MODIFICATION_DATE,NAME,REQUIRED,TYPE,CREATED_BY,MODIFIED_BY,TEMPLATE_ID) values ('761232070668988',210,1,null,1,1,to_timestamp('21-JAN-16 04.11.43.397000000 PM','DD-MON-RR HH.MI.SS.FF AM'),null,to_timestamp('21-JAN-16 04.11.43.397000000 PM','DD-MON-RR HH.MI.SS.FF AM'),'First DataSet',0,'Dataset',null,null,'761232070575604');
Insert into ICC_VARIABLEDEF_AUD (ID,REV,REVTYPE,DEFAULT_VALUE,POSITION,ACTIVE,CREATION_DATE,DESCRIPTION,MODIFICATION_DATE,NAME,REQUIRED,TYPE,CREATED_BY,MODIFIED_BY,TEMPLATE_ID) values ('761232070695179',210,1,null,4,1,to_timestamp('21-JAN-16 04.11.43.397000000 PM','DD-MON-RR HH.MI.SS.FF AM'),null,to_timestamp('21-JAN-16 04.11.43.397000000 PM','DD-MON-RR HH.MI.SS.FF AM'),'Fourth DataSet',0,'Dataset',null,null,'761232070575604');
Insert into ICC_VARIABLEDEF_AUD (ID,REV,REVTYPE,DEFAULT_VALUE,POSITION,ACTIVE,CREATION_DATE,DESCRIPTION,MODIFICATION_DATE,NAME,REQUIRED,TYPE,CREATED_BY,MODIFIED_BY,TEMPLATE_ID) values ('761232070685325',210,1,null,3,1,to_timestamp('21-JAN-16 04.11.43.397000000 PM','DD-MON-RR HH.MI.SS.FF AM'),null,to_timestamp('21-JAN-16 04.11.43.397000000 PM','DD-MON-RR HH.MI.SS.FF AM'),'Third DataSet',0,'Dataset',null,null,'761232070575604');
Insert into ICC_VARIABLEDEF_AUD (ID,REV,REVTYPE,DEFAULT_VALUE,POSITION,ACTIVE,CREATION_DATE,DESCRIPTION,MODIFICATION_DATE,NAME,REQUIRED,TYPE,CREATED_BY,MODIFIED_BY,TEMPLATE_ID) values ('3666958512692',127,1,null,2,1,to_timestamp('12-JAN-16 09.40.43.572000000 PM','DD-MON-RR HH.MI.SS.FF AM'),null,to_timestamp('12-JAN-16 09.40.43.572000000 PM','DD-MON-RR HH.MI.SS.FF AM'),'Report Identical',0,'Boolean',null,null,'3666949628141');
Insert into ICC_VARIABLEDEF_AUD (ID,REV,REVTYPE,DEFAULT_VALUE,POSITION,ACTIVE,CREATION_DATE,DESCRIPTION,MODIFICATION_DATE,NAME,REQUIRED,TYPE,CREATED_BY,MODIFIED_BY,TEMPLATE_ID) values ('3666959039353',127,1,null,3,1,to_timestamp('12-JAN-16 09.40.43.572000000 PM','DD-MON-RR HH.MI.SS.FF AM'),null,to_timestamp('12-JAN-16 09.40.43.572000000 PM','DD-MON-RR HH.MI.SS.FF AM'),'Second DataSet',0,'Dataset',null,null,'3666949628141');
Insert into ICC_VARIABLEDEF_AUD (ID,REV,REVTYPE,DEFAULT_VALUE,POSITION,ACTIVE,CREATION_DATE,DESCRIPTION,MODIFICATION_DATE,NAME,REQUIRED,TYPE,CREATED_BY,MODIFIED_BY,TEMPLATE_ID) values ('3666954433543',127,1,null,1,1,to_timestamp('12-JAN-16 09.40.43.572000000 PM','DD-MON-RR HH.MI.SS.FF AM'),null,to_timestamp('12-JAN-16 09.40.43.572000000 PM','DD-MON-RR HH.MI.SS.FF AM'),'First DataSet',0,'Dataset',null,null,'3666949628141');
Insert into ICC_VARIABLEDEF_AUD (ID,REV,REVTYPE,DEFAULT_VALUE,POSITION,ACTIVE,CREATION_DATE,DESCRIPTION,MODIFICATION_DATE,NAME,REQUIRED,TYPE,CREATED_BY,MODIFIED_BY,TEMPLATE_ID) values ('3666954433543',156,1,null,1,1,to_timestamp('12-JAN-16 09.40.43.572000000 PM','DD-MON-RR HH.MI.SS.FF AM'),null,to_timestamp('12-JAN-16 09.40.43.572000000 PM','DD-MON-RR HH.MI.SS.FF AM'),'First DataSet',0,'Dataset',null,null,'3666949628141');
Insert into ICC_VARIABLEDEF_AUD (ID,REV,REVTYPE,DEFAULT_VALUE,POSITION,ACTIVE,CREATION_DATE,DESCRIPTION,MODIFICATION_DATE,NAME,REQUIRED,TYPE,CREATED_BY,MODIFIED_BY,TEMPLATE_ID) values ('3666958512692',156,1,null,2,1,to_timestamp('12-JAN-16 09.40.43.572000000 PM','DD-MON-RR HH.MI.SS.FF AM'),null,to_timestamp('12-JAN-16 09.40.43.572000000 PM','DD-MON-RR HH.MI.SS.FF AM'),'Report Identical',0,'Boolean',null,null,'3666949628141');
Insert into ICC_VARIABLEDEF_AUD (ID,REV,REVTYPE,DEFAULT_VALUE,POSITION,ACTIVE,CREATION_DATE,DESCRIPTION,MODIFICATION_DATE,NAME,REQUIRED,TYPE,CREATED_BY,MODIFIED_BY,TEMPLATE_ID) values ('3666959039353',156,1,null,3,1,to_timestamp('12-JAN-16 09.40.43.572000000 PM','DD-MON-RR HH.MI.SS.FF AM'),null,to_timestamp('12-JAN-16 09.40.43.572000000 PM','DD-MON-RR HH.MI.SS.FF AM'),'Second DataSet',0,'Dataset',null,null,'3666949628141');
Insert into ICC_VARIABLEDEF_AUD (ID,REV,REVTYPE,DEFAULT_VALUE,POSITION,ACTIVE,CREATION_DATE,DESCRIPTION,MODIFICATION_DATE,NAME,REQUIRED,TYPE,CREATED_BY,MODIFIED_BY,TEMPLATE_ID) values ('3666954433543',160,1,null,1,1,to_timestamp('12-JAN-16 09.40.43.572000000 PM','DD-MON-RR HH.MI.SS.FF AM'),null,to_timestamp('12-JAN-16 09.40.43.572000000 PM','DD-MON-RR HH.MI.SS.FF AM'),'First DataSet',0,'Dataset',null,null,'3666949628141');
Insert into ICC_VARIABLEDEF_AUD (ID,REV,REVTYPE,DEFAULT_VALUE,POSITION,ACTIVE,CREATION_DATE,DESCRIPTION,MODIFICATION_DATE,NAME,REQUIRED,TYPE,CREATED_BY,MODIFIED_BY,TEMPLATE_ID) values ('3666959039353',160,1,null,3,1,to_timestamp('12-JAN-16 09.40.43.572000000 PM','DD-MON-RR HH.MI.SS.FF AM'),null,to_timestamp('12-JAN-16 09.40.43.572000000 PM','DD-MON-RR HH.MI.SS.FF AM'),'Second DataSet',0,'Dataset',null,null,'3666949628141');
Insert into ICC_VARIABLEDEF_AUD (ID,REV,REVTYPE,DEFAULT_VALUE,POSITION,ACTIVE,CREATION_DATE,DESCRIPTION,MODIFICATION_DATE,NAME,REQUIRED,TYPE,CREATED_BY,MODIFIED_BY,TEMPLATE_ID) values ('3666958512692',160,1,null,2,1,to_timestamp('12-JAN-16 09.40.43.572000000 PM','DD-MON-RR HH.MI.SS.FF AM'),null,to_timestamp('12-JAN-16 09.40.43.572000000 PM','DD-MON-RR HH.MI.SS.FF AM'),'Report Identical',0,'Boolean',null,null,'3666949628141');
Insert into ICC_VARIABLEDEF_AUD (ID,REV,REVTYPE,DEFAULT_VALUE,POSITION,ACTIVE,CREATION_DATE,DESCRIPTION,MODIFICATION_DATE,NAME,REQUIRED,TYPE,CREATED_BY,MODIFIED_BY,TEMPLATE_ID) values ('3666958512692',161,1,null,2,1,to_timestamp('12-JAN-16 09.40.43.572000000 PM','DD-MON-RR HH.MI.SS.FF AM'),null,to_timestamp('12-JAN-16 09.40.43.572000000 PM','DD-MON-RR HH.MI.SS.FF AM'),'Report Identical',0,'Boolean',null,null,'3666949628141');
Insert into ICC_VARIABLEDEF_AUD (ID,REV,REVTYPE,DEFAULT_VALUE,POSITION,ACTIVE,CREATION_DATE,DESCRIPTION,MODIFICATION_DATE,NAME,REQUIRED,TYPE,CREATED_BY,MODIFIED_BY,TEMPLATE_ID) values ('3666959039353',161,1,null,3,1,to_timestamp('12-JAN-16 09.40.43.572000000 PM','DD-MON-RR HH.MI.SS.FF AM'),null,to_timestamp('12-JAN-16 09.40.43.572000000 PM','DD-MON-RR HH.MI.SS.FF AM'),'Second DataSet',0,'Dataset',null,null,'3666949628141');
Insert into ICC_VARIABLEDEF_AUD (ID,REV,REVTYPE,DEFAULT_VALUE,POSITION,ACTIVE,CREATION_DATE,DESCRIPTION,MODIFICATION_DATE,NAME,REQUIRED,TYPE,CREATED_BY,MODIFIED_BY,TEMPLATE_ID) values ('3666954433543',161,1,null,1,1,to_timestamp('12-JAN-16 09.40.43.572000000 PM','DD-MON-RR HH.MI.SS.FF AM'),null,to_timestamp('12-JAN-16 09.40.43.572000000 PM','DD-MON-RR HH.MI.SS.FF AM'),'First DataSet',0,'Dataset',null,null,'3666949628141');
Insert into ICC_VARIABLEDEF_AUD (ID,REV,REVTYPE,DEFAULT_VALUE,POSITION,ACTIVE,CREATION_DATE,DESCRIPTION,MODIFICATION_DATE,NAME,REQUIRED,TYPE,CREATED_BY,MODIFIED_BY,TEMPLATE_ID) values ('3666959039353',167,1,null,3,1,to_timestamp('12-JAN-16 09.40.43.572000000 PM','DD-MON-RR HH.MI.SS.FF AM'),null,to_timestamp('12-JAN-16 09.40.43.572000000 PM','DD-MON-RR HH.MI.SS.FF AM'),'Second DataSet',0,'Dataset',null,null,'3666949628141');
Insert into ICC_VARIABLEDEF_AUD (ID,REV,REVTYPE,DEFAULT_VALUE,POSITION,ACTIVE,CREATION_DATE,DESCRIPTION,MODIFICATION_DATE,NAME,REQUIRED,TYPE,CREATED_BY,MODIFIED_BY,TEMPLATE_ID) values ('3666954433543',167,1,null,1,1,to_timestamp('12-JAN-16 09.40.43.572000000 PM','DD-MON-RR HH.MI.SS.FF AM'),null,to_timestamp('12-JAN-16 09.40.43.572000000 PM','DD-MON-RR HH.MI.SS.FF AM'),'First DataSet',0,'Dataset',null,null,'3666949628141');
Insert into ICC_VARIABLEDEF_AUD (ID,REV,REVTYPE,DEFAULT_VALUE,POSITION,ACTIVE,CREATION_DATE,DESCRIPTION,MODIFICATION_DATE,NAME,REQUIRED,TYPE,CREATED_BY,MODIFIED_BY,TEMPLATE_ID) values ('3666958512692',167,1,null,2,1,to_timestamp('12-JAN-16 09.40.43.572000000 PM','DD-MON-RR HH.MI.SS.FF AM'),null,to_timestamp('12-JAN-16 09.40.43.572000000 PM','DD-MON-RR HH.MI.SS.FF AM'),'Report Identical',0,'Boolean',null,null,'3666949628141');
Insert into ICC_VARIABLEDEF_AUD (ID,REV,REVTYPE,DEFAULT_VALUE,POSITION,ACTIVE,CREATION_DATE,DESCRIPTION,MODIFICATION_DATE,NAME,REQUIRED,TYPE,CREATED_BY,MODIFIED_BY,TEMPLATE_ID) values ('3667026459115',168,1,null,3,1,to_timestamp('12-JAN-16 09.40.43.633000000 PM','DD-MON-RR HH.MI.SS.FF AM'),null,to_timestamp('12-JAN-16 09.40.43.633000000 PM','DD-MON-RR HH.MI.SS.FF AM'),'Connection',0,'Connection',null,null,'3667021362874');
Insert into ICC_VARIABLEDEF_AUD (ID,REV,REVTYPE,DEFAULT_VALUE,POSITION,ACTIVE,CREATION_DATE,DESCRIPTION,MODIFICATION_DATE,NAME,REQUIRED,TYPE,CREATED_BY,MODIFIED_BY,TEMPLATE_ID) values ('3667027887685',168,1,null,1,1,to_timestamp('12-JAN-16 09.40.43.633000000 PM','DD-MON-RR HH.MI.SS.FF AM'),null,to_timestamp('12-JAN-16 09.40.43.633000000 PM','DD-MON-RR HH.MI.SS.FF AM'),'Table',0,'Standard',null,null,'3667021362874');
Insert into ICC_VARIABLEDEF_AUD (ID,REV,REVTYPE,DEFAULT_VALUE,POSITION,ACTIVE,CREATION_DATE,DESCRIPTION,MODIFICATION_DATE,NAME,REQUIRED,TYPE,CREATED_BY,MODIFIED_BY,TEMPLATE_ID) values ('3667027297965',168,1,null,2,1,to_timestamp('12-JAN-16 09.40.43.633000000 PM','DD-MON-RR HH.MI.SS.FF AM'),null,to_timestamp('12-JAN-16 09.40.43.633000000 PM','DD-MON-RR HH.MI.SS.FF AM'),'Dataset',0,'Dataset',null,null,'3667021362874');
Insert into ICC_VARIABLEDEF_AUD (ID,REV,REVTYPE,DEFAULT_VALUE,POSITION,ACTIVE,CREATION_DATE,DESCRIPTION,MODIFICATION_DATE,NAME,REQUIRED,TYPE,CREATED_BY,MODIFIED_BY,TEMPLATE_ID) values ('3667027005810',168,1,null,4,1,to_timestamp('12-JAN-16 09.40.43.633000000 PM','DD-MON-RR HH.MI.SS.FF AM'),null,to_timestamp('12-JAN-16 09.40.43.633000000 PM','DD-MON-RR HH.MI.SS.FF AM'),'Drop Before Create',0,'Boolean',null,null,'3667021362874');
Insert into ICC_VARIABLEDEF_AUD (ID,REV,REVTYPE,DEFAULT_VALUE,POSITION,ACTIVE,CREATION_DATE,DESCRIPTION,MODIFICATION_DATE,NAME,REQUIRED,TYPE,CREATED_BY,MODIFIED_BY,TEMPLATE_ID) values ('3666775159915',201,1,null,3,1,to_timestamp('12-JAN-16 09.40.43.248000000 PM','DD-MON-RR HH.MI.SS.FF AM'),null,to_timestamp('12-JAN-16 09.40.43.248000000 PM','DD-MON-RR HH.MI.SS.FF AM'),'Keys',0,'List',null,null,'3666715969282');
Insert into ICC_VARIABLEDEF_AUD (ID,REV,REVTYPE,DEFAULT_VALUE,POSITION,ACTIVE,CREATION_DATE,DESCRIPTION,MODIFICATION_DATE,NAME,REQUIRED,TYPE,CREATED_BY,MODIFIED_BY,TEMPLATE_ID) values ('3666778708108',201,1,null,2,1,to_timestamp('12-JAN-16 09.40.43.247000000 PM','DD-MON-RR HH.MI.SS.FF AM'),null,to_timestamp('12-JAN-16 09.40.43.247000000 PM','DD-MON-RR HH.MI.SS.FF AM'),'Query',0,'SQL',null,null,'3666715969282');
Insert into ICC_VARIABLEDEF_AUD (ID,REV,REVTYPE,DEFAULT_VALUE,POSITION,ACTIVE,CREATION_DATE,DESCRIPTION,MODIFICATION_DATE,NAME,REQUIRED,TYPE,CREATED_BY,MODIFIED_BY,TEMPLATE_ID) values ('3666778295317',201,1,null,1,1,to_timestamp('12-JAN-16 09.40.43.248000000 PM','DD-MON-RR HH.MI.SS.FF AM'),null,to_timestamp('12-JAN-16 09.40.43.248000000 PM','DD-MON-RR HH.MI.SS.FF AM'),'Connection',0,'Connection',null,null,'3666715969282');
Insert into ICC_VARIABLEDEF_AUD (ID,REV,REVTYPE,DEFAULT_VALUE,POSITION,ACTIVE,CREATION_DATE,DESCRIPTION,MODIFICATION_DATE,NAME,REQUIRED,TYPE,CREATED_BY,MODIFIED_BY,TEMPLATE_ID) values ('3666778295317',206,1,null,1,1,to_timestamp('12-JAN-16 09.40.43.248000000 PM','DD-MON-RR HH.MI.SS.FF AM'),null,to_timestamp('12-JAN-16 09.40.43.248000000 PM','DD-MON-RR HH.MI.SS.FF AM'),'Connection',0,'Connection',null,null,'3666715969282');
Insert into ICC_VARIABLEDEF_AUD (ID,REV,REVTYPE,DEFAULT_VALUE,POSITION,ACTIVE,CREATION_DATE,DESCRIPTION,MODIFICATION_DATE,NAME,REQUIRED,TYPE,CREATED_BY,MODIFIED_BY,TEMPLATE_ID) values ('3666778708108',206,1,null,2,1,to_timestamp('12-JAN-16 09.40.43.247000000 PM','DD-MON-RR HH.MI.SS.FF AM'),null,to_timestamp('12-JAN-16 09.40.43.247000000 PM','DD-MON-RR HH.MI.SS.FF AM'),'Query',0,'SQL',null,null,'3666715969282');
Insert into ICC_VARIABLEDEF_AUD (ID,REV,REVTYPE,DEFAULT_VALUE,POSITION,ACTIVE,CREATION_DATE,DESCRIPTION,MODIFICATION_DATE,NAME,REQUIRED,TYPE,CREATED_BY,MODIFIED_BY,TEMPLATE_ID) values ('3666775159915',206,1,null,3,1,to_timestamp('12-JAN-16 09.40.43.248000000 PM','DD-MON-RR HH.MI.SS.FF AM'),null,to_timestamp('12-JAN-16 09.40.43.248000000 PM','DD-MON-RR HH.MI.SS.FF AM'),'Keys',0,'List',null,null,'3666715969282');
Insert into ICC_VARIABLEDEF_AUD (ID,REV,REVTYPE,DEFAULT_VALUE,POSITION,ACTIVE,CREATION_DATE,DESCRIPTION,MODIFICATION_DATE,NAME,REQUIRED,TYPE,CREATED_BY,MODIFIED_BY,TEMPLATE_ID) values ('3667027887685',208,1,null,1,1,to_timestamp('12-JAN-16 09.40.43.633000000 PM','DD-MON-RR HH.MI.SS.FF AM'),null,to_timestamp('12-JAN-16 09.40.43.633000000 PM','DD-MON-RR HH.MI.SS.FF AM'),'Table',0,'Standard',null,null,'3667021362874');
Insert into ICC_VARIABLEDEF_AUD (ID,REV,REVTYPE,DEFAULT_VALUE,POSITION,ACTIVE,CREATION_DATE,DESCRIPTION,MODIFICATION_DATE,NAME,REQUIRED,TYPE,CREATED_BY,MODIFIED_BY,TEMPLATE_ID) values ('3667027297965',208,1,null,2,1,to_timestamp('12-JAN-16 09.40.43.633000000 PM','DD-MON-RR HH.MI.SS.FF AM'),null,to_timestamp('12-JAN-16 09.40.43.633000000 PM','DD-MON-RR HH.MI.SS.FF AM'),'Dataset',0,'Dataset',null,null,'3667021362874');
Insert into ICC_VARIABLEDEF_AUD (ID,REV,REVTYPE,DEFAULT_VALUE,POSITION,ACTIVE,CREATION_DATE,DESCRIPTION,MODIFICATION_DATE,NAME,REQUIRED,TYPE,CREATED_BY,MODIFIED_BY,TEMPLATE_ID) values ('3667027005810',208,1,null,4,1,to_timestamp('12-JAN-16 09.40.43.633000000 PM','DD-MON-RR HH.MI.SS.FF AM'),null,to_timestamp('12-JAN-16 09.40.43.633000000 PM','DD-MON-RR HH.MI.SS.FF AM'),'Drop Before Create',0,'Boolean',null,null,'3667021362874');
Insert into ICC_VARIABLEDEF_AUD (ID,REV,REVTYPE,DEFAULT_VALUE,POSITION,ACTIVE,CREATION_DATE,DESCRIPTION,MODIFICATION_DATE,NAME,REQUIRED,TYPE,CREATED_BY,MODIFIED_BY,TEMPLATE_ID) values ('3667026459115',208,1,null,3,1,to_timestamp('12-JAN-16 09.40.43.633000000 PM','DD-MON-RR HH.MI.SS.FF AM'),null,to_timestamp('12-JAN-16 09.40.43.633000000 PM','DD-MON-RR HH.MI.SS.FF AM'),'Connection',0,'Connection',null,null,'3667021362874');
Insert into ICC_VARIABLEDEF_AUD (ID,REV,REVTYPE,DEFAULT_VALUE,POSITION,ACTIVE,CREATION_DATE,DESCRIPTION,MODIFICATION_DATE,NAME,REQUIRED,TYPE,CREATED_BY,MODIFIED_BY,TEMPLATE_ID) values ('3666778708108',212,1,null,2,1,to_timestamp('12-JAN-16 09.40.43.247000000 PM','DD-MON-RR HH.MI.SS.FF AM'),null,to_timestamp('12-JAN-16 09.40.43.247000000 PM','DD-MON-RR HH.MI.SS.FF AM'),'Query',0,'SQL',null,null,'3666715969282');
Insert into ICC_VARIABLEDEF_AUD (ID,REV,REVTYPE,DEFAULT_VALUE,POSITION,ACTIVE,CREATION_DATE,DESCRIPTION,MODIFICATION_DATE,NAME,REQUIRED,TYPE,CREATED_BY,MODIFIED_BY,TEMPLATE_ID) values ('3666778295317',212,1,null,1,1,to_timestamp('12-JAN-16 09.40.43.248000000 PM','DD-MON-RR HH.MI.SS.FF AM'),null,to_timestamp('12-JAN-16 09.40.43.248000000 PM','DD-MON-RR HH.MI.SS.FF AM'),'Connection',0,'Connection',null,null,'3666715969282');
Insert into ICC_VARIABLEDEF_AUD (ID,REV,REVTYPE,DEFAULT_VALUE,POSITION,ACTIVE,CREATION_DATE,DESCRIPTION,MODIFICATION_DATE,NAME,REQUIRED,TYPE,CREATED_BY,MODIFIED_BY,TEMPLATE_ID) values ('3666775159915',212,1,null,3,1,to_timestamp('12-JAN-16 09.40.43.248000000 PM','DD-MON-RR HH.MI.SS.FF AM'),null,to_timestamp('12-JAN-16 09.40.43.248000000 PM','DD-MON-RR HH.MI.SS.FF AM'),'Keys',0,'List',null,null,'3666715969282');
Insert into ICC_VARIABLEDEF_AUD (ID,REV,REVTYPE,DEFAULT_VALUE,POSITION,ACTIVE,CREATION_DATE,DESCRIPTION,MODIFICATION_DATE,NAME,REQUIRED,TYPE,CREATED_BY,MODIFIED_BY,TEMPLATE_ID) values ('3666778708108',223,1,null,2,1,to_timestamp('12-JAN-16 09.40.43.247000000 PM','DD-MON-RR HH.MI.SS.FF AM'),null,to_timestamp('12-JAN-16 09.40.43.247000000 PM','DD-MON-RR HH.MI.SS.FF AM'),'Query',0,'SQL',null,null,'3666715969282');
Insert into ICC_VARIABLEDEF_AUD (ID,REV,REVTYPE,DEFAULT_VALUE,POSITION,ACTIVE,CREATION_DATE,DESCRIPTION,MODIFICATION_DATE,NAME,REQUIRED,TYPE,CREATED_BY,MODIFIED_BY,TEMPLATE_ID) values ('3666778295317',223,1,null,1,1,to_timestamp('12-JAN-16 09.40.43.248000000 PM','DD-MON-RR HH.MI.SS.FF AM'),null,to_timestamp('12-JAN-16 09.40.43.248000000 PM','DD-MON-RR HH.MI.SS.FF AM'),'Connection',0,'Connection',null,null,'3666715969282');
Insert into ICC_VARIABLEDEF_AUD (ID,REV,REVTYPE,DEFAULT_VALUE,POSITION,ACTIVE,CREATION_DATE,DESCRIPTION,MODIFICATION_DATE,NAME,REQUIRED,TYPE,CREATED_BY,MODIFIED_BY,TEMPLATE_ID) values ('3666775159915',223,1,null,3,1,to_timestamp('12-JAN-16 09.40.43.248000000 PM','DD-MON-RR HH.MI.SS.FF AM'),null,to_timestamp('12-JAN-16 09.40.43.248000000 PM','DD-MON-RR HH.MI.SS.FF AM'),'Keys',0,'List',null,null,'3666715969282');
Insert into ICC_VARIABLEDEF_AUD (ID,REV,REVTYPE,DEFAULT_VALUE,POSITION,ACTIVE,CREATION_DATE,DESCRIPTION,MODIFICATION_DATE,NAME,REQUIRED,TYPE,CREATED_BY,MODIFIED_BY,TEMPLATE_ID) values ('3666959039353',125,1,null,3,1,to_timestamp('12-JAN-16 09.40.43.572000000 PM','DD-MON-RR HH.MI.SS.FF AM'),null,to_timestamp('12-JAN-16 09.40.43.572000000 PM','DD-MON-RR HH.MI.SS.FF AM'),'Second DataSet',0,'Dataset',null,null,'3666949628141');
Insert into ICC_VARIABLEDEF_AUD (ID,REV,REVTYPE,DEFAULT_VALUE,POSITION,ACTIVE,CREATION_DATE,DESCRIPTION,MODIFICATION_DATE,NAME,REQUIRED,TYPE,CREATED_BY,MODIFIED_BY,TEMPLATE_ID) values ('3666954433543',125,1,null,1,1,to_timestamp('12-JAN-16 09.40.43.572000000 PM','DD-MON-RR HH.MI.SS.FF AM'),null,to_timestamp('12-JAN-16 09.40.43.572000000 PM','DD-MON-RR HH.MI.SS.FF AM'),'First DataSet',0,'Dataset',null,null,'3666949628141');
Insert into ICC_VARIABLEDEF_AUD (ID,REV,REVTYPE,DEFAULT_VALUE,POSITION,ACTIVE,CREATION_DATE,DESCRIPTION,MODIFICATION_DATE,NAME,REQUIRED,TYPE,CREATED_BY,MODIFIED_BY,TEMPLATE_ID) values ('3666958512692',125,1,null,2,1,to_timestamp('12-JAN-16 09.40.43.572000000 PM','DD-MON-RR HH.MI.SS.FF AM'),null,to_timestamp('12-JAN-16 09.40.43.572000000 PM','DD-MON-RR HH.MI.SS.FF AM'),'Report Identical',0,'Boolean',null,null,'3666949628141');
Insert into ICC_VARIABLEDEF_AUD (ID,REV,REVTYPE,DEFAULT_VALUE,POSITION,ACTIVE,CREATION_DATE,DESCRIPTION,MODIFICATION_DATE,NAME,REQUIRED,TYPE,CREATED_BY,MODIFIED_BY,TEMPLATE_ID) values ('3666959039353',126,1,null,3,1,to_timestamp('12-JAN-16 09.40.43.572000000 PM','DD-MON-RR HH.MI.SS.FF AM'),null,to_timestamp('12-JAN-16 09.40.43.572000000 PM','DD-MON-RR HH.MI.SS.FF AM'),'Second DataSet',0,'Dataset',null,null,'3666949628141');
Insert into ICC_VARIABLEDEF_AUD (ID,REV,REVTYPE,DEFAULT_VALUE,POSITION,ACTIVE,CREATION_DATE,DESCRIPTION,MODIFICATION_DATE,NAME,REQUIRED,TYPE,CREATED_BY,MODIFIED_BY,TEMPLATE_ID) values ('3666958512692',126,1,null,2,1,to_timestamp('12-JAN-16 09.40.43.572000000 PM','DD-MON-RR HH.MI.SS.FF AM'),null,to_timestamp('12-JAN-16 09.40.43.572000000 PM','DD-MON-RR HH.MI.SS.FF AM'),'Report Identical',0,'Boolean',null,null,'3666949628141');
Insert into ICC_VARIABLEDEF_AUD (ID,REV,REVTYPE,DEFAULT_VALUE,POSITION,ACTIVE,CREATION_DATE,DESCRIPTION,MODIFICATION_DATE,NAME,REQUIRED,TYPE,CREATED_BY,MODIFIED_BY,TEMPLATE_ID) values ('3666954433543',126,1,null,1,1,to_timestamp('12-JAN-16 09.40.43.572000000 PM','DD-MON-RR HH.MI.SS.FF AM'),null,to_timestamp('12-JAN-16 09.40.43.572000000 PM','DD-MON-RR HH.MI.SS.FF AM'),'First DataSet',0,'Dataset',null,null,'3666949628141');
Insert into ICC_VARIABLEDEF_AUD (ID,REV,REVTYPE,DEFAULT_VALUE,POSITION,ACTIVE,CREATION_DATE,DESCRIPTION,MODIFICATION_DATE,NAME,REQUIRED,TYPE,CREATED_BY,MODIFIED_BY,TEMPLATE_ID) values ('3666959039353',128,1,null,3,1,to_timestamp('12-JAN-16 09.40.43.572000000 PM','DD-MON-RR HH.MI.SS.FF AM'),null,to_timestamp('12-JAN-16 09.40.43.572000000 PM','DD-MON-RR HH.MI.SS.FF AM'),'Second DataSet',0,'Dataset',null,null,'3666949628141');
Insert into ICC_VARIABLEDEF_AUD (ID,REV,REVTYPE,DEFAULT_VALUE,POSITION,ACTIVE,CREATION_DATE,DESCRIPTION,MODIFICATION_DATE,NAME,REQUIRED,TYPE,CREATED_BY,MODIFIED_BY,TEMPLATE_ID) values ('3666954433543',128,1,null,1,1,to_timestamp('12-JAN-16 09.40.43.572000000 PM','DD-MON-RR HH.MI.SS.FF AM'),null,to_timestamp('12-JAN-16 09.40.43.572000000 PM','DD-MON-RR HH.MI.SS.FF AM'),'First DataSet',0,'Dataset',null,null,'3666949628141');
Insert into ICC_VARIABLEDEF_AUD (ID,REV,REVTYPE,DEFAULT_VALUE,POSITION,ACTIVE,CREATION_DATE,DESCRIPTION,MODIFICATION_DATE,NAME,REQUIRED,TYPE,CREATED_BY,MODIFIED_BY,TEMPLATE_ID) values ('3666958512692',128,1,null,2,1,to_timestamp('12-JAN-16 09.40.43.572000000 PM','DD-MON-RR HH.MI.SS.FF AM'),null,to_timestamp('12-JAN-16 09.40.43.572000000 PM','DD-MON-RR HH.MI.SS.FF AM'),'Report Identical',0,'Boolean',null,null,'3666949628141');
Insert into ICC_VARIABLEDEF_AUD (ID,REV,REVTYPE,DEFAULT_VALUE,POSITION,ACTIVE,CREATION_DATE,DESCRIPTION,MODIFICATION_DATE,NAME,REQUIRED,TYPE,CREATED_BY,MODIFIED_BY,TEMPLATE_ID) values ('3666778708108',131,1,null,2,1,to_timestamp('12-JAN-16 09.40.43.247000000 PM','DD-MON-RR HH.MI.SS.FF AM'),null,to_timestamp('12-JAN-16 09.40.43.247000000 PM','DD-MON-RR HH.MI.SS.FF AM'),'Query',0,'SQL',null,null,'3666715969282');
Insert into ICC_VARIABLEDEF_AUD (ID,REV,REVTYPE,DEFAULT_VALUE,POSITION,ACTIVE,CREATION_DATE,DESCRIPTION,MODIFICATION_DATE,NAME,REQUIRED,TYPE,CREATED_BY,MODIFIED_BY,TEMPLATE_ID) values ('3666778295317',131,1,null,1,1,to_timestamp('12-JAN-16 09.40.43.248000000 PM','DD-MON-RR HH.MI.SS.FF AM'),null,to_timestamp('12-JAN-16 09.40.43.248000000 PM','DD-MON-RR HH.MI.SS.FF AM'),'Connection',0,'Connection',null,null,'3666715969282');
Insert into ICC_VARIABLEDEF_AUD (ID,REV,REVTYPE,DEFAULT_VALUE,POSITION,ACTIVE,CREATION_DATE,DESCRIPTION,MODIFICATION_DATE,NAME,REQUIRED,TYPE,CREATED_BY,MODIFIED_BY,TEMPLATE_ID) values ('3666775159915',131,1,null,3,1,to_timestamp('12-JAN-16 09.40.43.248000000 PM','DD-MON-RR HH.MI.SS.FF AM'),null,to_timestamp('12-JAN-16 09.40.43.248000000 PM','DD-MON-RR HH.MI.SS.FF AM'),'Keys',0,'List',null,null,'3666715969282');
Insert into ICC_VARIABLEDEF_AUD (ID,REV,REVTYPE,DEFAULT_VALUE,POSITION,ACTIVE,CREATION_DATE,DESCRIPTION,MODIFICATION_DATE,NAME,REQUIRED,TYPE,CREATED_BY,MODIFIED_BY,TEMPLATE_ID) values ('3666958512692',136,1,null,2,1,to_timestamp('12-JAN-16 09.40.43.572000000 PM','DD-MON-RR HH.MI.SS.FF AM'),null,to_timestamp('12-JAN-16 09.40.43.572000000 PM','DD-MON-RR HH.MI.SS.FF AM'),'Report Identical',0,'Boolean',null,null,'3666949628141');
Insert into ICC_VARIABLEDEF_AUD (ID,REV,REVTYPE,DEFAULT_VALUE,POSITION,ACTIVE,CREATION_DATE,DESCRIPTION,MODIFICATION_DATE,NAME,REQUIRED,TYPE,CREATED_BY,MODIFIED_BY,TEMPLATE_ID) values ('3666959039353',136,1,null,3,1,to_timestamp('12-JAN-16 09.40.43.572000000 PM','DD-MON-RR HH.MI.SS.FF AM'),null,to_timestamp('12-JAN-16 09.40.43.572000000 PM','DD-MON-RR HH.MI.SS.FF AM'),'Second DataSet',0,'Dataset',null,null,'3666949628141');
Insert into ICC_VARIABLEDEF_AUD (ID,REV,REVTYPE,DEFAULT_VALUE,POSITION,ACTIVE,CREATION_DATE,DESCRIPTION,MODIFICATION_DATE,NAME,REQUIRED,TYPE,CREATED_BY,MODIFIED_BY,TEMPLATE_ID) values ('3666954433543',136,1,null,1,1,to_timestamp('12-JAN-16 09.40.43.572000000 PM','DD-MON-RR HH.MI.SS.FF AM'),null,to_timestamp('12-JAN-16 09.40.43.572000000 PM','DD-MON-RR HH.MI.SS.FF AM'),'First DataSet',0,'Dataset',null,null,'3666949628141');
Insert into ICC_VARIABLEDEF_AUD (ID,REV,REVTYPE,DEFAULT_VALUE,POSITION,ACTIVE,CREATION_DATE,DESCRIPTION,MODIFICATION_DATE,NAME,REQUIRED,TYPE,CREATED_BY,MODIFIED_BY,TEMPLATE_ID) values ('3666958512692',139,1,null,2,1,to_timestamp('12-JAN-16 09.40.43.572000000 PM','DD-MON-RR HH.MI.SS.FF AM'),null,to_timestamp('12-JAN-16 09.40.43.572000000 PM','DD-MON-RR HH.MI.SS.FF AM'),'Report Identical',0,'Boolean',null,null,'3666949628141');
Insert into ICC_VARIABLEDEF_AUD (ID,REV,REVTYPE,DEFAULT_VALUE,POSITION,ACTIVE,CREATION_DATE,DESCRIPTION,MODIFICATION_DATE,NAME,REQUIRED,TYPE,CREATED_BY,MODIFIED_BY,TEMPLATE_ID) values ('3666954433543',139,1,null,1,1,to_timestamp('12-JAN-16 09.40.43.572000000 PM','DD-MON-RR HH.MI.SS.FF AM'),null,to_timestamp('12-JAN-16 09.40.43.572000000 PM','DD-MON-RR HH.MI.SS.FF AM'),'First DataSet',0,'Dataset',null,null,'3666949628141');
Insert into ICC_VARIABLEDEF_AUD (ID,REV,REVTYPE,DEFAULT_VALUE,POSITION,ACTIVE,CREATION_DATE,DESCRIPTION,MODIFICATION_DATE,NAME,REQUIRED,TYPE,CREATED_BY,MODIFIED_BY,TEMPLATE_ID) values ('3666959039353',139,1,null,3,1,to_timestamp('12-JAN-16 09.40.43.572000000 PM','DD-MON-RR HH.MI.SS.FF AM'),null,to_timestamp('12-JAN-16 09.40.43.572000000 PM','DD-MON-RR HH.MI.SS.FF AM'),'Second DataSet',0,'Dataset',null,null,'3666949628141');
Insert into ICC_VARIABLEDEF_AUD (ID,REV,REVTYPE,DEFAULT_VALUE,POSITION,ACTIVE,CREATION_DATE,DESCRIPTION,MODIFICATION_DATE,NAME,REQUIRED,TYPE,CREATED_BY,MODIFIED_BY,TEMPLATE_ID) values ('3666959039353',140,1,null,3,1,to_timestamp('12-JAN-16 09.40.43.572000000 PM','DD-MON-RR HH.MI.SS.FF AM'),null,to_timestamp('12-JAN-16 09.40.43.572000000 PM','DD-MON-RR HH.MI.SS.FF AM'),'Second DataSet',0,'Dataset',null,null,'3666949628141');
Insert into ICC_VARIABLEDEF_AUD (ID,REV,REVTYPE,DEFAULT_VALUE,POSITION,ACTIVE,CREATION_DATE,DESCRIPTION,MODIFICATION_DATE,NAME,REQUIRED,TYPE,CREATED_BY,MODIFIED_BY,TEMPLATE_ID) values ('3666954433543',140,1,null,1,1,to_timestamp('12-JAN-16 09.40.43.572000000 PM','DD-MON-RR HH.MI.SS.FF AM'),null,to_timestamp('12-JAN-16 09.40.43.572000000 PM','DD-MON-RR HH.MI.SS.FF AM'),'First DataSet',0,'Dataset',null,null,'3666949628141');
Insert into ICC_VARIABLEDEF_AUD (ID,REV,REVTYPE,DEFAULT_VALUE,POSITION,ACTIVE,CREATION_DATE,DESCRIPTION,MODIFICATION_DATE,NAME,REQUIRED,TYPE,CREATED_BY,MODIFIED_BY,TEMPLATE_ID) values ('3666958512692',140,1,null,2,1,to_timestamp('12-JAN-16 09.40.43.572000000 PM','DD-MON-RR HH.MI.SS.FF AM'),null,to_timestamp('12-JAN-16 09.40.43.572000000 PM','DD-MON-RR HH.MI.SS.FF AM'),'Report Identical',0,'Boolean',null,null,'3666949628141');
Insert into ICC_VARIABLEDEF_AUD (ID,REV,REVTYPE,DEFAULT_VALUE,POSITION,ACTIVE,CREATION_DATE,DESCRIPTION,MODIFICATION_DATE,NAME,REQUIRED,TYPE,CREATED_BY,MODIFIED_BY,TEMPLATE_ID) values ('3666958512692',141,1,null,2,1,to_timestamp('12-JAN-16 09.40.43.572000000 PM','DD-MON-RR HH.MI.SS.FF AM'),null,to_timestamp('12-JAN-16 09.40.43.572000000 PM','DD-MON-RR HH.MI.SS.FF AM'),'Report Identical',0,'Boolean',null,null,'3666949628141');
Insert into ICC_VARIABLEDEF_AUD (ID,REV,REVTYPE,DEFAULT_VALUE,POSITION,ACTIVE,CREATION_DATE,DESCRIPTION,MODIFICATION_DATE,NAME,REQUIRED,TYPE,CREATED_BY,MODIFIED_BY,TEMPLATE_ID) values ('3666959039353',141,1,null,3,1,to_timestamp('12-JAN-16 09.40.43.572000000 PM','DD-MON-RR HH.MI.SS.FF AM'),null,to_timestamp('12-JAN-16 09.40.43.572000000 PM','DD-MON-RR HH.MI.SS.FF AM'),'Second DataSet',0,'Dataset',null,null,'3666949628141');
Insert into ICC_VARIABLEDEF_AUD (ID,REV,REVTYPE,DEFAULT_VALUE,POSITION,ACTIVE,CREATION_DATE,DESCRIPTION,MODIFICATION_DATE,NAME,REQUIRED,TYPE,CREATED_BY,MODIFIED_BY,TEMPLATE_ID) values ('3666954433543',141,1,null,1,1,to_timestamp('12-JAN-16 09.40.43.572000000 PM','DD-MON-RR HH.MI.SS.FF AM'),null,to_timestamp('12-JAN-16 09.40.43.572000000 PM','DD-MON-RR HH.MI.SS.FF AM'),'First DataSet',0,'Dataset',null,null,'3666949628141');
Insert into ICC_VARIABLEDEF_AUD (ID,REV,REVTYPE,DEFAULT_VALUE,POSITION,ACTIVE,CREATION_DATE,DESCRIPTION,MODIFICATION_DATE,NAME,REQUIRED,TYPE,CREATED_BY,MODIFIED_BY,TEMPLATE_ID) values ('3666958512692',142,1,null,2,1,to_timestamp('12-JAN-16 09.40.43.572000000 PM','DD-MON-RR HH.MI.SS.FF AM'),null,to_timestamp('12-JAN-16 09.40.43.572000000 PM','DD-MON-RR HH.MI.SS.FF AM'),'Report Identical',0,'Boolean',null,null,'3666949628141');
Insert into ICC_VARIABLEDEF_AUD (ID,REV,REVTYPE,DEFAULT_VALUE,POSITION,ACTIVE,CREATION_DATE,DESCRIPTION,MODIFICATION_DATE,NAME,REQUIRED,TYPE,CREATED_BY,MODIFIED_BY,TEMPLATE_ID) values ('3666954433543',142,1,null,1,1,to_timestamp('12-JAN-16 09.40.43.572000000 PM','DD-MON-RR HH.MI.SS.FF AM'),null,to_timestamp('12-JAN-16 09.40.43.572000000 PM','DD-MON-RR HH.MI.SS.FF AM'),'First DataSet',0,'Dataset',null,null,'3666949628141');
Insert into ICC_VARIABLEDEF_AUD (ID,REV,REVTYPE,DEFAULT_VALUE,POSITION,ACTIVE,CREATION_DATE,DESCRIPTION,MODIFICATION_DATE,NAME,REQUIRED,TYPE,CREATED_BY,MODIFIED_BY,TEMPLATE_ID) values ('3666959039353',142,1,null,3,1,to_timestamp('12-JAN-16 09.40.43.572000000 PM','DD-MON-RR HH.MI.SS.FF AM'),null,to_timestamp('12-JAN-16 09.40.43.572000000 PM','DD-MON-RR HH.MI.SS.FF AM'),'Second DataSet',0,'Dataset',null,null,'3666949628141');
Insert into ICC_VARIABLEDEF_AUD (ID,REV,REVTYPE,DEFAULT_VALUE,POSITION,ACTIVE,CREATION_DATE,DESCRIPTION,MODIFICATION_DATE,NAME,REQUIRED,TYPE,CREATED_BY,MODIFIED_BY,TEMPLATE_ID) values ('3666778295317',143,1,null,1,1,to_timestamp('12-JAN-16 09.40.43.248000000 PM','DD-MON-RR HH.MI.SS.FF AM'),null,to_timestamp('12-JAN-16 09.40.43.248000000 PM','DD-MON-RR HH.MI.SS.FF AM'),'Connection',0,'Connection',null,null,'3666715969282');
Insert into ICC_VARIABLEDEF_AUD (ID,REV,REVTYPE,DEFAULT_VALUE,POSITION,ACTIVE,CREATION_DATE,DESCRIPTION,MODIFICATION_DATE,NAME,REQUIRED,TYPE,CREATED_BY,MODIFIED_BY,TEMPLATE_ID) values ('3666778708108',143,1,null,2,1,to_timestamp('12-JAN-16 09.40.43.247000000 PM','DD-MON-RR HH.MI.SS.FF AM'),null,to_timestamp('12-JAN-16 09.40.43.247000000 PM','DD-MON-RR HH.MI.SS.FF AM'),'Query',0,'SQL',null,null,'3666715969282');
Insert into ICC_VARIABLEDEF_AUD (ID,REV,REVTYPE,DEFAULT_VALUE,POSITION,ACTIVE,CREATION_DATE,DESCRIPTION,MODIFICATION_DATE,NAME,REQUIRED,TYPE,CREATED_BY,MODIFIED_BY,TEMPLATE_ID) values ('3666775159915',143,1,null,3,1,to_timestamp('12-JAN-16 09.40.43.248000000 PM','DD-MON-RR HH.MI.SS.FF AM'),null,to_timestamp('12-JAN-16 09.40.43.248000000 PM','DD-MON-RR HH.MI.SS.FF AM'),'Keys',0,'List',null,null,'3666715969282');
Insert into ICC_VARIABLEDEF_AUD (ID,REV,REVTYPE,DEFAULT_VALUE,POSITION,ACTIVE,CREATION_DATE,DESCRIPTION,MODIFICATION_DATE,NAME,REQUIRED,TYPE,CREATED_BY,MODIFIED_BY,TEMPLATE_ID) values ('3666954433543',144,1,null,1,1,to_timestamp('12-JAN-16 09.40.43.572000000 PM','DD-MON-RR HH.MI.SS.FF AM'),null,to_timestamp('12-JAN-16 09.40.43.572000000 PM','DD-MON-RR HH.MI.SS.FF AM'),'First DataSet',0,'Dataset',null,null,'3666949628141');
Insert into ICC_VARIABLEDEF_AUD (ID,REV,REVTYPE,DEFAULT_VALUE,POSITION,ACTIVE,CREATION_DATE,DESCRIPTION,MODIFICATION_DATE,NAME,REQUIRED,TYPE,CREATED_BY,MODIFIED_BY,TEMPLATE_ID) values ('3666959039353',144,1,null,3,1,to_timestamp('12-JAN-16 09.40.43.572000000 PM','DD-MON-RR HH.MI.SS.FF AM'),null,to_timestamp('12-JAN-16 09.40.43.572000000 PM','DD-MON-RR HH.MI.SS.FF AM'),'Second DataSet',0,'Dataset',null,null,'3666949628141');
Insert into ICC_VARIABLEDEF_AUD (ID,REV,REVTYPE,DEFAULT_VALUE,POSITION,ACTIVE,CREATION_DATE,DESCRIPTION,MODIFICATION_DATE,NAME,REQUIRED,TYPE,CREATED_BY,MODIFIED_BY,TEMPLATE_ID) values ('3666958512692',144,1,null,2,1,to_timestamp('12-JAN-16 09.40.43.572000000 PM','DD-MON-RR HH.MI.SS.FF AM'),null,to_timestamp('12-JAN-16 09.40.43.572000000 PM','DD-MON-RR HH.MI.SS.FF AM'),'Report Identical',0,'Boolean',null,null,'3666949628141');
Insert into ICC_VARIABLEDEF_AUD (ID,REV,REVTYPE,DEFAULT_VALUE,POSITION,ACTIVE,CREATION_DATE,DESCRIPTION,MODIFICATION_DATE,NAME,REQUIRED,TYPE,CREATED_BY,MODIFIED_BY,TEMPLATE_ID) values ('3667027887685',175,1,null,1,1,to_timestamp('12-JAN-16 09.40.43.633000000 PM','DD-MON-RR HH.MI.SS.FF AM'),null,to_timestamp('12-JAN-16 09.40.43.633000000 PM','DD-MON-RR HH.MI.SS.FF AM'),'Table',0,'Standard',null,null,'3667021362874');
Insert into ICC_VARIABLEDEF_AUD (ID,REV,REVTYPE,DEFAULT_VALUE,POSITION,ACTIVE,CREATION_DATE,DESCRIPTION,MODIFICATION_DATE,NAME,REQUIRED,TYPE,CREATED_BY,MODIFIED_BY,TEMPLATE_ID) values ('3667027005810',175,1,null,4,1,to_timestamp('12-JAN-16 09.40.43.633000000 PM','DD-MON-RR HH.MI.SS.FF AM'),null,to_timestamp('12-JAN-16 09.40.43.633000000 PM','DD-MON-RR HH.MI.SS.FF AM'),'Drop Before Create',0,'Boolean',null,null,'3667021362874');
Insert into ICC_VARIABLEDEF_AUD (ID,REV,REVTYPE,DEFAULT_VALUE,POSITION,ACTIVE,CREATION_DATE,DESCRIPTION,MODIFICATION_DATE,NAME,REQUIRED,TYPE,CREATED_BY,MODIFIED_BY,TEMPLATE_ID) values ('3667027297965',175,1,null,2,1,to_timestamp('12-JAN-16 09.40.43.633000000 PM','DD-MON-RR HH.MI.SS.FF AM'),null,to_timestamp('12-JAN-16 09.40.43.633000000 PM','DD-MON-RR HH.MI.SS.FF AM'),'Dataset',0,'Dataset',null,null,'3667021362874');
Insert into ICC_VARIABLEDEF_AUD (ID,REV,REVTYPE,DEFAULT_VALUE,POSITION,ACTIVE,CREATION_DATE,DESCRIPTION,MODIFICATION_DATE,NAME,REQUIRED,TYPE,CREATED_BY,MODIFIED_BY,TEMPLATE_ID) values ('3667026459115',175,1,null,3,1,to_timestamp('12-JAN-16 09.40.43.633000000 PM','DD-MON-RR HH.MI.SS.FF AM'),null,to_timestamp('12-JAN-16 09.40.43.633000000 PM','DD-MON-RR HH.MI.SS.FF AM'),'Connection',0,'Connection',null,null,'3667021362874');
Insert into ICC_VARIABLEDEF_AUD (ID,REV,REVTYPE,DEFAULT_VALUE,POSITION,ACTIVE,CREATION_DATE,DESCRIPTION,MODIFICATION_DATE,NAME,REQUIRED,TYPE,CREATED_BY,MODIFIED_BY,TEMPLATE_ID) values ('3667027887685',181,1,null,1,1,to_timestamp('12-JAN-16 09.40.43.633000000 PM','DD-MON-RR HH.MI.SS.FF AM'),null,to_timestamp('12-JAN-16 09.40.43.633000000 PM','DD-MON-RR HH.MI.SS.FF AM'),'Table',0,'Standard',null,null,'3667021362874');
Insert into ICC_VARIABLEDEF_AUD (ID,REV,REVTYPE,DEFAULT_VALUE,POSITION,ACTIVE,CREATION_DATE,DESCRIPTION,MODIFICATION_DATE,NAME,REQUIRED,TYPE,CREATED_BY,MODIFIED_BY,TEMPLATE_ID) values ('3667027005810',181,1,null,4,1,to_timestamp('12-JAN-16 09.40.43.633000000 PM','DD-MON-RR HH.MI.SS.FF AM'),null,to_timestamp('12-JAN-16 09.40.43.633000000 PM','DD-MON-RR HH.MI.SS.FF AM'),'Drop Before Create',0,'Boolean',null,null,'3667021362874');
Insert into ICC_VARIABLEDEF_AUD (ID,REV,REVTYPE,DEFAULT_VALUE,POSITION,ACTIVE,CREATION_DATE,DESCRIPTION,MODIFICATION_DATE,NAME,REQUIRED,TYPE,CREATED_BY,MODIFIED_BY,TEMPLATE_ID) values ('3667026459115',181,1,null,3,1,to_timestamp('12-JAN-16 09.40.43.633000000 PM','DD-MON-RR HH.MI.SS.FF AM'),null,to_timestamp('12-JAN-16 09.40.43.633000000 PM','DD-MON-RR HH.MI.SS.FF AM'),'Connection',0,'Connection',null,null,'3667021362874');
Insert into ICC_VARIABLEDEF_AUD (ID,REV,REVTYPE,DEFAULT_VALUE,POSITION,ACTIVE,CREATION_DATE,DESCRIPTION,MODIFICATION_DATE,NAME,REQUIRED,TYPE,CREATED_BY,MODIFIED_BY,TEMPLATE_ID) values ('3667027297965',181,1,null,2,1,to_timestamp('12-JAN-16 09.40.43.633000000 PM','DD-MON-RR HH.MI.SS.FF AM'),null,to_timestamp('12-JAN-16 09.40.43.633000000 PM','DD-MON-RR HH.MI.SS.FF AM'),'Dataset',0,'Dataset',null,null,'3667021362874');
Insert into ICC_VARIABLEDEF_AUD (ID,REV,REVTYPE,DEFAULT_VALUE,POSITION,ACTIVE,CREATION_DATE,DESCRIPTION,MODIFICATION_DATE,NAME,REQUIRED,TYPE,CREATED_BY,MODIFIED_BY,TEMPLATE_ID) values ('761232070685325',211,1,null,3,1,to_timestamp('21-JAN-16 04.11.43.397000000 PM','DD-MON-RR HH.MI.SS.FF AM'),null,to_timestamp('21-JAN-16 04.11.43.397000000 PM','DD-MON-RR HH.MI.SS.FF AM'),'Third DataSet',0,'Dataset',null,null,'761232070575604');
Insert into ICC_VARIABLEDEF_AUD (ID,REV,REVTYPE,DEFAULT_VALUE,POSITION,ACTIVE,CREATION_DATE,DESCRIPTION,MODIFICATION_DATE,NAME,REQUIRED,TYPE,CREATED_BY,MODIFIED_BY,TEMPLATE_ID) values ('761232071628949',211,1,null,5,1,to_timestamp('21-JAN-16 04.11.43.397000000 PM','DD-MON-RR HH.MI.SS.FF AM'),null,to_timestamp('21-JAN-16 04.11.43.397000000 PM','DD-MON-RR HH.MI.SS.FF AM'),'Fifth DataSet',0,'Dataset',null,null,'761232070575604');
Insert into ICC_VARIABLEDEF_AUD (ID,REV,REVTYPE,DEFAULT_VALUE,POSITION,ACTIVE,CREATION_DATE,DESCRIPTION,MODIFICATION_DATE,NAME,REQUIRED,TYPE,CREATED_BY,MODIFIED_BY,TEMPLATE_ID) values ('761232070668988',211,1,null,1,1,to_timestamp('21-JAN-16 04.11.43.397000000 PM','DD-MON-RR HH.MI.SS.FF AM'),null,to_timestamp('21-JAN-16 04.11.43.397000000 PM','DD-MON-RR HH.MI.SS.FF AM'),'First DataSet',0,'Dataset',null,null,'761232070575604');
Insert into ICC_VARIABLEDEF_AUD (ID,REV,REVTYPE,DEFAULT_VALUE,POSITION,ACTIVE,CREATION_DATE,DESCRIPTION,MODIFICATION_DATE,NAME,REQUIRED,TYPE,CREATED_BY,MODIFIED_BY,TEMPLATE_ID) values ('761232071613575',211,1,null,2,1,to_timestamp('21-JAN-16 04.11.43.397000000 PM','DD-MON-RR HH.MI.SS.FF AM'),null,to_timestamp('21-JAN-16 04.11.43.397000000 PM','DD-MON-RR HH.MI.SS.FF AM'),'Second DataSet',0,'Dataset',null,null,'761232070575604');
Insert into ICC_VARIABLEDEF_AUD (ID,REV,REVTYPE,DEFAULT_VALUE,POSITION,ACTIVE,CREATION_DATE,DESCRIPTION,MODIFICATION_DATE,NAME,REQUIRED,TYPE,CREATED_BY,MODIFIED_BY,TEMPLATE_ID) values ('761232070695179',211,1,null,4,1,to_timestamp('21-JAN-16 04.11.43.397000000 PM','DD-MON-RR HH.MI.SS.FF AM'),null,to_timestamp('21-JAN-16 04.11.43.397000000 PM','DD-MON-RR HH.MI.SS.FF AM'),'Fourth DataSet',0,'Dataset',null,null,'761232070575604');
Insert into ICC_VARIABLEDEF_AUD (ID,REV,REVTYPE,DEFAULT_VALUE,POSITION,ACTIVE,CREATION_DATE,DESCRIPTION,MODIFICATION_DATE,NAME,REQUIRED,TYPE,CREATED_BY,MODIFIED_BY,TEMPLATE_ID) values ('3666775159915',221,1,null,3,1,to_timestamp('12-JAN-16 09.40.43.248000000 PM','DD-MON-RR HH.MI.SS.FF AM'),null,to_timestamp('12-JAN-16 09.40.43.248000000 PM','DD-MON-RR HH.MI.SS.FF AM'),'Keys',0,'List',null,null,'3666715969282');
Insert into ICC_VARIABLEDEF_AUD (ID,REV,REVTYPE,DEFAULT_VALUE,POSITION,ACTIVE,CREATION_DATE,DESCRIPTION,MODIFICATION_DATE,NAME,REQUIRED,TYPE,CREATED_BY,MODIFIED_BY,TEMPLATE_ID) values ('3666778295317',221,1,null,1,1,to_timestamp('12-JAN-16 09.40.43.248000000 PM','DD-MON-RR HH.MI.SS.FF AM'),null,to_timestamp('12-JAN-16 09.40.43.248000000 PM','DD-MON-RR HH.MI.SS.FF AM'),'Connection',0,'Connection',null,null,'3666715969282');
Insert into ICC_VARIABLEDEF_AUD (ID,REV,REVTYPE,DEFAULT_VALUE,POSITION,ACTIVE,CREATION_DATE,DESCRIPTION,MODIFICATION_DATE,NAME,REQUIRED,TYPE,CREATED_BY,MODIFIED_BY,TEMPLATE_ID) values ('3666778708108',221,1,null,2,1,to_timestamp('12-JAN-16 09.40.43.247000000 PM','DD-MON-RR HH.MI.SS.FF AM'),null,to_timestamp('12-JAN-16 09.40.43.247000000 PM','DD-MON-RR HH.MI.SS.FF AM'),'Query',0,'SQL',null,null,'3666715969282');
Insert into ICC_VARIABLEDEF_AUD (ID,REV,REVTYPE,DEFAULT_VALUE,POSITION,ACTIVE,CREATION_DATE,DESCRIPTION,MODIFICATION_DATE,NAME,REQUIRED,TYPE,CREATED_BY,MODIFIED_BY,TEMPLATE_ID) values ('3666778295317',222,1,null,1,1,to_timestamp('12-JAN-16 09.40.43.248000000 PM','DD-MON-RR HH.MI.SS.FF AM'),null,to_timestamp('12-JAN-16 09.40.43.248000000 PM','DD-MON-RR HH.MI.SS.FF AM'),'Connection',0,'Connection',null,null,'3666715969282');
Insert into ICC_VARIABLEDEF_AUD (ID,REV,REVTYPE,DEFAULT_VALUE,POSITION,ACTIVE,CREATION_DATE,DESCRIPTION,MODIFICATION_DATE,NAME,REQUIRED,TYPE,CREATED_BY,MODIFIED_BY,TEMPLATE_ID) values ('3666775159915',222,1,null,3,1,to_timestamp('12-JAN-16 09.40.43.248000000 PM','DD-MON-RR HH.MI.SS.FF AM'),null,to_timestamp('12-JAN-16 09.40.43.248000000 PM','DD-MON-RR HH.MI.SS.FF AM'),'Keys',0,'List',null,null,'3666715969282');
Insert into ICC_VARIABLEDEF_AUD (ID,REV,REVTYPE,DEFAULT_VALUE,POSITION,ACTIVE,CREATION_DATE,DESCRIPTION,MODIFICATION_DATE,NAME,REQUIRED,TYPE,CREATED_BY,MODIFIED_BY,TEMPLATE_ID) values ('3666778708108',222,1,null,2,1,to_timestamp('12-JAN-16 09.40.43.247000000 PM','DD-MON-RR HH.MI.SS.FF AM'),null,to_timestamp('12-JAN-16 09.40.43.247000000 PM','DD-MON-RR HH.MI.SS.FF AM'),'Query',0,'SQL',null,null,'3666715969282');
Insert into ICC_VARIABLEDEF_AUD (ID,REV,REVTYPE,DEFAULT_VALUE,POSITION,ACTIVE,CREATION_DATE,DESCRIPTION,MODIFICATION_DATE,NAME,REQUIRED,TYPE,CREATED_BY,MODIFIED_BY,TEMPLATE_ID) values ('3667027005810',308,1,null,4,1,to_timestamp('12-JAN-16 09.40.43.633000000 PM','DD-MON-RR HH.MI.SS.FF AM'),null,to_timestamp('12-JAN-16 09.40.43.633000000 PM','DD-MON-RR HH.MI.SS.FF AM'),'Drop Before Create',0,'Boolean',null,null,'3667021362874');
Insert into ICC_VARIABLEDEF_AUD (ID,REV,REVTYPE,DEFAULT_VALUE,POSITION,ACTIVE,CREATION_DATE,DESCRIPTION,MODIFICATION_DATE,NAME,REQUIRED,TYPE,CREATED_BY,MODIFIED_BY,TEMPLATE_ID) values ('3667027297965',308,1,null,2,1,to_timestamp('12-JAN-16 09.40.43.633000000 PM','DD-MON-RR HH.MI.SS.FF AM'),null,to_timestamp('12-JAN-16 09.40.43.633000000 PM','DD-MON-RR HH.MI.SS.FF AM'),'Dataset',0,'Dataset',null,null,'3667021362874');
Insert into ICC_VARIABLEDEF_AUD (ID,REV,REVTYPE,DEFAULT_VALUE,POSITION,ACTIVE,CREATION_DATE,DESCRIPTION,MODIFICATION_DATE,NAME,REQUIRED,TYPE,CREATED_BY,MODIFIED_BY,TEMPLATE_ID) values ('3667027887685',308,1,null,1,1,to_timestamp('12-JAN-16 09.40.43.633000000 PM','DD-MON-RR HH.MI.SS.FF AM'),null,to_timestamp('12-JAN-16 09.40.43.633000000 PM','DD-MON-RR HH.MI.SS.FF AM'),'Table',0,'Standard',null,null,'3667021362874');
Insert into ICC_VARIABLEDEF_AUD (ID,REV,REVTYPE,DEFAULT_VALUE,POSITION,ACTIVE,CREATION_DATE,DESCRIPTION,MODIFICATION_DATE,NAME,REQUIRED,TYPE,CREATED_BY,MODIFIED_BY,TEMPLATE_ID) values ('3667026459115',308,1,null,3,1,to_timestamp('12-JAN-16 09.40.43.633000000 PM','DD-MON-RR HH.MI.SS.FF AM'),null,to_timestamp('12-JAN-16 09.40.43.633000000 PM','DD-MON-RR HH.MI.SS.FF AM'),'Connection',0,'Connection',null,null,'3667021362874');
Insert into ICC_VARIABLEDEF_AUD (ID,REV,REVTYPE,DEFAULT_VALUE,POSITION,ACTIVE,CREATION_DATE,DESCRIPTION,MODIFICATION_DATE,NAME,REQUIRED,TYPE,CREATED_BY,MODIFIED_BY,TEMPLATE_ID) values ('3666775159915',308,1,null,3,1,to_timestamp('12-JAN-16 09.40.43.248000000 PM','DD-MON-RR HH.MI.SS.FF AM'),null,to_timestamp('12-JAN-16 09.40.43.248000000 PM','DD-MON-RR HH.MI.SS.FF AM'),'Keys',0,'List',null,null,'3666715969282');
Insert into ICC_VARIABLEDEF_AUD (ID,REV,REVTYPE,DEFAULT_VALUE,POSITION,ACTIVE,CREATION_DATE,DESCRIPTION,MODIFICATION_DATE,NAME,REQUIRED,TYPE,CREATED_BY,MODIFIED_BY,TEMPLATE_ID) values ('3666778708108',308,1,null,2,1,to_timestamp('12-JAN-16 09.40.43.247000000 PM','DD-MON-RR HH.MI.SS.FF AM'),null,to_timestamp('12-JAN-16 09.40.43.247000000 PM','DD-MON-RR HH.MI.SS.FF AM'),'Query',0,'SQL',null,null,'3666715969282');
Insert into ICC_VARIABLEDEF_AUD (ID,REV,REVTYPE,DEFAULT_VALUE,POSITION,ACTIVE,CREATION_DATE,DESCRIPTION,MODIFICATION_DATE,NAME,REQUIRED,TYPE,CREATED_BY,MODIFIED_BY,TEMPLATE_ID) values ('3666778295317',308,1,null,1,1,to_timestamp('12-JAN-16 09.40.43.248000000 PM','DD-MON-RR HH.MI.SS.FF AM'),null,to_timestamp('12-JAN-16 09.40.43.248000000 PM','DD-MON-RR HH.MI.SS.FF AM'),'Connection',0,'Connection',null,null,'3666715969282');
Insert into ICC_VARIABLEDEF_AUD (ID,REV,REVTYPE,DEFAULT_VALUE,POSITION,ACTIVE,CREATION_DATE,DESCRIPTION,MODIFICATION_DATE,NAME,REQUIRED,TYPE,CREATED_BY,MODIFIED_BY,TEMPLATE_ID) values ('3666954433543',308,1,null,1,1,to_timestamp('12-JAN-16 09.40.43.572000000 PM','DD-MON-RR HH.MI.SS.FF AM'),null,to_timestamp('12-JAN-16 09.40.43.572000000 PM','DD-MON-RR HH.MI.SS.FF AM'),'First DataSet',0,'Dataset',null,null,'3666949628141');
Insert into ICC_VARIABLEDEF_AUD (ID,REV,REVTYPE,DEFAULT_VALUE,POSITION,ACTIVE,CREATION_DATE,DESCRIPTION,MODIFICATION_DATE,NAME,REQUIRED,TYPE,CREATED_BY,MODIFIED_BY,TEMPLATE_ID) values ('3666958512692',308,1,null,2,1,to_timestamp('12-JAN-16 09.40.43.572000000 PM','DD-MON-RR HH.MI.SS.FF AM'),null,to_timestamp('12-JAN-16 09.40.43.572000000 PM','DD-MON-RR HH.MI.SS.FF AM'),'Report Identical',0,'Boolean',null,null,'3666949628141');
Insert into ICC_VARIABLEDEF_AUD (ID,REV,REVTYPE,DEFAULT_VALUE,POSITION,ACTIVE,CREATION_DATE,DESCRIPTION,MODIFICATION_DATE,NAME,REQUIRED,TYPE,CREATED_BY,MODIFIED_BY,TEMPLATE_ID) values ('3666959039353',308,1,null,3,1,to_timestamp('12-JAN-16 09.40.43.572000000 PM','DD-MON-RR HH.MI.SS.FF AM'),null,to_timestamp('12-JAN-16 09.40.43.572000000 PM','DD-MON-RR HH.MI.SS.FF AM'),'Second DataSet',0,'Dataset',null,null,'3666949628141');
Insert into ICC_VARIABLEDEF_AUD (ID,REV,REVTYPE,DEFAULT_VALUE,POSITION,ACTIVE,CREATION_DATE,DESCRIPTION,MODIFICATION_DATE,NAME,REQUIRED,TYPE,CREATED_BY,MODIFIED_BY,TEMPLATE_ID) values ('761232070668988',308,1,null,1,1,to_timestamp('21-JAN-16 04.11.43.397000000 PM','DD-MON-RR HH.MI.SS.FF AM'),null,to_timestamp('21-JAN-16 04.11.43.397000000 PM','DD-MON-RR HH.MI.SS.FF AM'),'First DataSet',0,'Dataset',null,null,'761232070575604');
Insert into ICC_VARIABLEDEF_AUD (ID,REV,REVTYPE,DEFAULT_VALUE,POSITION,ACTIVE,CREATION_DATE,DESCRIPTION,MODIFICATION_DATE,NAME,REQUIRED,TYPE,CREATED_BY,MODIFIED_BY,TEMPLATE_ID) values ('761232070685325',308,1,null,3,1,to_timestamp('21-JAN-16 04.11.43.397000000 PM','DD-MON-RR HH.MI.SS.FF AM'),null,to_timestamp('21-JAN-16 04.11.43.397000000 PM','DD-MON-RR HH.MI.SS.FF AM'),'Third DataSet',0,'Dataset',null,null,'761232070575604');
Insert into ICC_VARIABLEDEF_AUD (ID,REV,REVTYPE,DEFAULT_VALUE,POSITION,ACTIVE,CREATION_DATE,DESCRIPTION,MODIFICATION_DATE,NAME,REQUIRED,TYPE,CREATED_BY,MODIFIED_BY,TEMPLATE_ID) values ('761232071628949',308,1,null,5,1,to_timestamp('21-JAN-16 04.11.43.397000000 PM','DD-MON-RR HH.MI.SS.FF AM'),null,to_timestamp('21-JAN-16 04.11.43.397000000 PM','DD-MON-RR HH.MI.SS.FF AM'),'Fifth DataSet',0,'Dataset',null,null,'761232070575604');
Insert into ICC_VARIABLEDEF_AUD (ID,REV,REVTYPE,DEFAULT_VALUE,POSITION,ACTIVE,CREATION_DATE,DESCRIPTION,MODIFICATION_DATE,NAME,REQUIRED,TYPE,CREATED_BY,MODIFIED_BY,TEMPLATE_ID) values ('761232071613575',308,1,null,2,1,to_timestamp('21-JAN-16 04.11.43.397000000 PM','DD-MON-RR HH.MI.SS.FF AM'),null,to_timestamp('21-JAN-16 04.11.43.397000000 PM','DD-MON-RR HH.MI.SS.FF AM'),'Second DataSet',0,'Dataset',null,null,'761232070575604');
Insert into ICC_VARIABLEDEF_AUD (ID,REV,REVTYPE,DEFAULT_VALUE,POSITION,ACTIVE,CREATION_DATE,DESCRIPTION,MODIFICATION_DATE,NAME,REQUIRED,TYPE,CREATED_BY,MODIFIED_BY,TEMPLATE_ID) values ('761232070695179',308,1,null,4,1,to_timestamp('21-JAN-16 04.11.43.397000000 PM','DD-MON-RR HH.MI.SS.FF AM'),null,to_timestamp('21-JAN-16 04.11.43.397000000 PM','DD-MON-RR HH.MI.SS.FF AM'),'Fourth DataSet',0,'Dataset',null,null,'761232070575604');
Insert into ICC_VARIABLEDEF_AUD (ID,REV,REVTYPE,DEFAULT_VALUE,POSITION,ACTIVE,CREATION_DATE,DESCRIPTION,MODIFICATION_DATE,NAME,REQUIRED,TYPE,CREATED_BY,MODIFIED_BY,TEMPLATE_ID) values ('3666775159915',85,0,null,2,1,to_timestamp('12-JAN-16 09.40.43.248000000 PM','DD-MON-RR HH.MI.SS.FF AM'),null,to_timestamp('12-JAN-16 09.40.43.248000000 PM','DD-MON-RR HH.MI.SS.FF AM'),'Keys',0,'List',null,null,'3666715969282');
Insert into ICC_VARIABLEDEF_AUD (ID,REV,REVTYPE,DEFAULT_VALUE,POSITION,ACTIVE,CREATION_DATE,DESCRIPTION,MODIFICATION_DATE,NAME,REQUIRED,TYPE,CREATED_BY,MODIFIED_BY,TEMPLATE_ID) values ('3666778295317',85,0,null,3,1,to_timestamp('12-JAN-16 09.40.43.248000000 PM','DD-MON-RR HH.MI.SS.FF AM'),null,to_timestamp('12-JAN-16 09.40.43.248000000 PM','DD-MON-RR HH.MI.SS.FF AM'),'Connection',0,'Connection',null,null,'3666715969282');
Insert into ICC_VARIABLEDEF_AUD (ID,REV,REVTYPE,DEFAULT_VALUE,POSITION,ACTIVE,CREATION_DATE,DESCRIPTION,MODIFICATION_DATE,NAME,REQUIRED,TYPE,CREATED_BY,MODIFIED_BY,TEMPLATE_ID) values ('3666778708108',85,0,null,1,1,to_timestamp('12-JAN-16 09.40.43.247000000 PM','DD-MON-RR HH.MI.SS.FF AM'),null,to_timestamp('12-JAN-16 09.40.43.247000000 PM','DD-MON-RR HH.MI.SS.FF AM'),'Query',0,'SQL',null,null,'3666715969282');
Insert into ICC_VARIABLEDEF_AUD (ID,REV,REVTYPE,DEFAULT_VALUE,POSITION,ACTIVE,CREATION_DATE,DESCRIPTION,MODIFICATION_DATE,NAME,REQUIRED,TYPE,CREATED_BY,MODIFIED_BY,TEMPLATE_ID) values ('3666954433543',86,0,null,1,1,to_timestamp('12-JAN-16 09.40.43.572000000 PM','DD-MON-RR HH.MI.SS.FF AM'),null,to_timestamp('12-JAN-16 09.40.43.572000000 PM','DD-MON-RR HH.MI.SS.FF AM'),'First DataSet',0,'Dataset',null,null,'3666949628141');
Insert into ICC_VARIABLEDEF_AUD (ID,REV,REVTYPE,DEFAULT_VALUE,POSITION,ACTIVE,CREATION_DATE,DESCRIPTION,MODIFICATION_DATE,NAME,REQUIRED,TYPE,CREATED_BY,MODIFIED_BY,TEMPLATE_ID) values ('3666958512692',86,0,null,2,1,to_timestamp('12-JAN-16 09.40.43.572000000 PM','DD-MON-RR HH.MI.SS.FF AM'),null,to_timestamp('12-JAN-16 09.40.43.572000000 PM','DD-MON-RR HH.MI.SS.FF AM'),'Report Identical',0,'Boolean',null,null,'3666949628141');
Insert into ICC_VARIABLEDEF_AUD (ID,REV,REVTYPE,DEFAULT_VALUE,POSITION,ACTIVE,CREATION_DATE,DESCRIPTION,MODIFICATION_DATE,NAME,REQUIRED,TYPE,CREATED_BY,MODIFIED_BY,TEMPLATE_ID) values ('3666959039353',86,0,null,3,1,to_timestamp('12-JAN-16 09.40.43.572000000 PM','DD-MON-RR HH.MI.SS.FF AM'),null,to_timestamp('12-JAN-16 09.40.43.572000000 PM','DD-MON-RR HH.MI.SS.FF AM'),'Second DataSet',0,'Dataset',null,null,'3666949628141');
Insert into ICC_VARIABLEDEF_AUD (ID,REV,REVTYPE,DEFAULT_VALUE,POSITION,ACTIVE,CREATION_DATE,DESCRIPTION,MODIFICATION_DATE,NAME,REQUIRED,TYPE,CREATED_BY,MODIFIED_BY,TEMPLATE_ID) values ('3667026459115',87,0,null,3,1,to_timestamp('12-JAN-16 09.40.43.633000000 PM','DD-MON-RR HH.MI.SS.FF AM'),null,to_timestamp('12-JAN-16 09.40.43.633000000 PM','DD-MON-RR HH.MI.SS.FF AM'),'Connection',0,'Connection',null,null,'3667021362874');
Insert into ICC_VARIABLEDEF_AUD (ID,REV,REVTYPE,DEFAULT_VALUE,POSITION,ACTIVE,CREATION_DATE,DESCRIPTION,MODIFICATION_DATE,NAME,REQUIRED,TYPE,CREATED_BY,MODIFIED_BY,TEMPLATE_ID) values ('3667027005810',87,0,null,4,1,to_timestamp('12-JAN-16 09.40.43.633000000 PM','DD-MON-RR HH.MI.SS.FF AM'),null,to_timestamp('12-JAN-16 09.40.43.633000000 PM','DD-MON-RR HH.MI.SS.FF AM'),'Drop Before Create',0,'Boolean',null,null,'3667021362874');
Insert into ICC_VARIABLEDEF_AUD (ID,REV,REVTYPE,DEFAULT_VALUE,POSITION,ACTIVE,CREATION_DATE,DESCRIPTION,MODIFICATION_DATE,NAME,REQUIRED,TYPE,CREATED_BY,MODIFIED_BY,TEMPLATE_ID) values ('3667027297965',87,0,null,2,1,to_timestamp('12-JAN-16 09.40.43.633000000 PM','DD-MON-RR HH.MI.SS.FF AM'),null,to_timestamp('12-JAN-16 09.40.43.633000000 PM','DD-MON-RR HH.MI.SS.FF AM'),'Dataset',0,'Dataset',null,null,'3667021362874');
Insert into ICC_VARIABLEDEF_AUD (ID,REV,REVTYPE,DEFAULT_VALUE,POSITION,ACTIVE,CREATION_DATE,DESCRIPTION,MODIFICATION_DATE,NAME,REQUIRED,TYPE,CREATED_BY,MODIFIED_BY,TEMPLATE_ID) values ('3667027887685',87,0,null,1,1,to_timestamp('12-JAN-16 09.40.43.633000000 PM','DD-MON-RR HH.MI.SS.FF AM'),null,to_timestamp('12-JAN-16 09.40.43.633000000 PM','DD-MON-RR HH.MI.SS.FF AM'),'Table',0,'Standard',null,null,'3667021362874');
Insert into ICC_VARIABLEDEF_AUD (ID,REV,REVTYPE,DEFAULT_VALUE,POSITION,ACTIVE,CREATION_DATE,DESCRIPTION,MODIFICATION_DATE,NAME,REQUIRED,TYPE,CREATED_BY,MODIFIED_BY,TEMPLATE_ID) values ('3666778708108',89,1,null,1,1,to_timestamp('12-JAN-16 09.40.43.247000000 PM','DD-MON-RR HH.MI.SS.FF AM'),null,to_timestamp('12-JAN-16 09.40.43.247000000 PM','DD-MON-RR HH.MI.SS.FF AM'),'Query',0,'SQL',null,null,'3666715969282');
Insert into ICC_VARIABLEDEF_AUD (ID,REV,REVTYPE,DEFAULT_VALUE,POSITION,ACTIVE,CREATION_DATE,DESCRIPTION,MODIFICATION_DATE,NAME,REQUIRED,TYPE,CREATED_BY,MODIFIED_BY,TEMPLATE_ID) values ('3666775159915',89,1,null,2,1,to_timestamp('12-JAN-16 09.40.43.248000000 PM','DD-MON-RR HH.MI.SS.FF AM'),null,to_timestamp('12-JAN-16 09.40.43.248000000 PM','DD-MON-RR HH.MI.SS.FF AM'),'Keys',0,'List',null,null,'3666715969282');
Insert into ICC_VARIABLEDEF_AUD (ID,REV,REVTYPE,DEFAULT_VALUE,POSITION,ACTIVE,CREATION_DATE,DESCRIPTION,MODIFICATION_DATE,NAME,REQUIRED,TYPE,CREATED_BY,MODIFIED_BY,TEMPLATE_ID) values ('3666778295317',89,1,null,3,1,to_timestamp('12-JAN-16 09.40.43.248000000 PM','DD-MON-RR HH.MI.SS.FF AM'),null,to_timestamp('12-JAN-16 09.40.43.248000000 PM','DD-MON-RR HH.MI.SS.FF AM'),'Connection',0,'Connection',null,null,'3666715969282');
Insert into ICC_VARIABLEDEF_AUD (ID,REV,REVTYPE,DEFAULT_VALUE,POSITION,ACTIVE,CREATION_DATE,DESCRIPTION,MODIFICATION_DATE,NAME,REQUIRED,TYPE,CREATED_BY,MODIFIED_BY,TEMPLATE_ID) values ('3666775159915',90,1,null,2,1,to_timestamp('12-JAN-16 09.40.43.248000000 PM','DD-MON-RR HH.MI.SS.FF AM'),null,to_timestamp('12-JAN-16 09.40.43.248000000 PM','DD-MON-RR HH.MI.SS.FF AM'),'Keys',0,'List',null,null,'3666715969282');
Insert into ICC_VARIABLEDEF_AUD (ID,REV,REVTYPE,DEFAULT_VALUE,POSITION,ACTIVE,CREATION_DATE,DESCRIPTION,MODIFICATION_DATE,NAME,REQUIRED,TYPE,CREATED_BY,MODIFIED_BY,TEMPLATE_ID) values ('3666778295317',90,1,null,3,1,to_timestamp('12-JAN-16 09.40.43.248000000 PM','DD-MON-RR HH.MI.SS.FF AM'),null,to_timestamp('12-JAN-16 09.40.43.248000000 PM','DD-MON-RR HH.MI.SS.FF AM'),'Connection',0,'Connection',null,null,'3666715969282');
Insert into ICC_VARIABLEDEF_AUD (ID,REV,REVTYPE,DEFAULT_VALUE,POSITION,ACTIVE,CREATION_DATE,DESCRIPTION,MODIFICATION_DATE,NAME,REQUIRED,TYPE,CREATED_BY,MODIFIED_BY,TEMPLATE_ID) values ('3666778708108',90,1,null,1,1,to_timestamp('12-JAN-16 09.40.43.247000000 PM','DD-MON-RR HH.MI.SS.FF AM'),null,to_timestamp('12-JAN-16 09.40.43.247000000 PM','DD-MON-RR HH.MI.SS.FF AM'),'Query',0,'SQL',null,null,'3666715969282');
Insert into ICC_VARIABLEDEF_AUD (ID,REV,REVTYPE,DEFAULT_VALUE,POSITION,ACTIVE,CREATION_DATE,DESCRIPTION,MODIFICATION_DATE,NAME,REQUIRED,TYPE,CREATED_BY,MODIFIED_BY,TEMPLATE_ID) values ('3666958512692',91,1,null,2,1,to_timestamp('12-JAN-16 09.40.43.572000000 PM','DD-MON-RR HH.MI.SS.FF AM'),null,to_timestamp('12-JAN-16 09.40.43.572000000 PM','DD-MON-RR HH.MI.SS.FF AM'),'Report Identical',0,'Boolean',null,null,'3666949628141');
Insert into ICC_VARIABLEDEF_AUD (ID,REV,REVTYPE,DEFAULT_VALUE,POSITION,ACTIVE,CREATION_DATE,DESCRIPTION,MODIFICATION_DATE,NAME,REQUIRED,TYPE,CREATED_BY,MODIFIED_BY,TEMPLATE_ID) values ('3666959039353',91,1,null,3,1,to_timestamp('12-JAN-16 09.40.43.572000000 PM','DD-MON-RR HH.MI.SS.FF AM'),null,to_timestamp('12-JAN-16 09.40.43.572000000 PM','DD-MON-RR HH.MI.SS.FF AM'),'Second DataSet',0,'Dataset',null,null,'3666949628141');
Insert into ICC_VARIABLEDEF_AUD (ID,REV,REVTYPE,DEFAULT_VALUE,POSITION,ACTIVE,CREATION_DATE,DESCRIPTION,MODIFICATION_DATE,NAME,REQUIRED,TYPE,CREATED_BY,MODIFIED_BY,TEMPLATE_ID) values ('3666954433543',91,1,null,1,1,to_timestamp('12-JAN-16 09.40.43.572000000 PM','DD-MON-RR HH.MI.SS.FF AM'),null,to_timestamp('12-JAN-16 09.40.43.572000000 PM','DD-MON-RR HH.MI.SS.FF AM'),'First DataSet',0,'Dataset',null,null,'3666949628141');
Insert into ICC_VARIABLEDEF_AUD (ID,REV,REVTYPE,DEFAULT_VALUE,POSITION,ACTIVE,CREATION_DATE,DESCRIPTION,MODIFICATION_DATE,NAME,REQUIRED,TYPE,CREATED_BY,MODIFIED_BY,TEMPLATE_ID) values ('3667026459115',92,1,null,3,1,to_timestamp('12-JAN-16 09.40.43.633000000 PM','DD-MON-RR HH.MI.SS.FF AM'),null,to_timestamp('12-JAN-16 09.40.43.633000000 PM','DD-MON-RR HH.MI.SS.FF AM'),'Connection',0,'Connection',null,null,'3667021362874');
Insert into ICC_VARIABLEDEF_AUD (ID,REV,REVTYPE,DEFAULT_VALUE,POSITION,ACTIVE,CREATION_DATE,DESCRIPTION,MODIFICATION_DATE,NAME,REQUIRED,TYPE,CREATED_BY,MODIFIED_BY,TEMPLATE_ID) values ('3667027005810',92,1,null,4,1,to_timestamp('12-JAN-16 09.40.43.633000000 PM','DD-MON-RR HH.MI.SS.FF AM'),null,to_timestamp('12-JAN-16 09.40.43.633000000 PM','DD-MON-RR HH.MI.SS.FF AM'),'Drop Before Create',0,'Boolean',null,null,'3667021362874');
Insert into ICC_VARIABLEDEF_AUD (ID,REV,REVTYPE,DEFAULT_VALUE,POSITION,ACTIVE,CREATION_DATE,DESCRIPTION,MODIFICATION_DATE,NAME,REQUIRED,TYPE,CREATED_BY,MODIFIED_BY,TEMPLATE_ID) values ('3667027297965',92,1,null,2,1,to_timestamp('12-JAN-16 09.40.43.633000000 PM','DD-MON-RR HH.MI.SS.FF AM'),null,to_timestamp('12-JAN-16 09.40.43.633000000 PM','DD-MON-RR HH.MI.SS.FF AM'),'Dataset',0,'Dataset',null,null,'3667021362874');
Insert into ICC_VARIABLEDEF_AUD (ID,REV,REVTYPE,DEFAULT_VALUE,POSITION,ACTIVE,CREATION_DATE,DESCRIPTION,MODIFICATION_DATE,NAME,REQUIRED,TYPE,CREATED_BY,MODIFIED_BY,TEMPLATE_ID) values ('3667027887685',92,1,null,1,1,to_timestamp('12-JAN-16 09.40.43.633000000 PM','DD-MON-RR HH.MI.SS.FF AM'),null,to_timestamp('12-JAN-16 09.40.43.633000000 PM','DD-MON-RR HH.MI.SS.FF AM'),'Table',0,'Standard',null,null,'3667021362874');
Insert into ICC_VARIABLEDEF_AUD (ID,REV,REVTYPE,DEFAULT_VALUE,POSITION,ACTIVE,CREATION_DATE,DESCRIPTION,MODIFICATION_DATE,NAME,REQUIRED,TYPE,CREATED_BY,MODIFIED_BY,TEMPLATE_ID) values ('3666775159915',164,1,null,3,1,to_timestamp('12-JAN-16 09.40.43.248000000 PM','DD-MON-RR HH.MI.SS.FF AM'),null,to_timestamp('12-JAN-16 09.40.43.248000000 PM','DD-MON-RR HH.MI.SS.FF AM'),'Keys',0,'List',null,null,'3666715969282');
Insert into ICC_VARIABLEDEF_AUD (ID,REV,REVTYPE,DEFAULT_VALUE,POSITION,ACTIVE,CREATION_DATE,DESCRIPTION,MODIFICATION_DATE,NAME,REQUIRED,TYPE,CREATED_BY,MODIFIED_BY,TEMPLATE_ID) values ('3666778295317',164,1,null,1,1,to_timestamp('12-JAN-16 09.40.43.248000000 PM','DD-MON-RR HH.MI.SS.FF AM'),null,to_timestamp('12-JAN-16 09.40.43.248000000 PM','DD-MON-RR HH.MI.SS.FF AM'),'Connection',0,'Connection',null,null,'3666715969282');
Insert into ICC_VARIABLEDEF_AUD (ID,REV,REVTYPE,DEFAULT_VALUE,POSITION,ACTIVE,CREATION_DATE,DESCRIPTION,MODIFICATION_DATE,NAME,REQUIRED,TYPE,CREATED_BY,MODIFIED_BY,TEMPLATE_ID) values ('3666778708108',164,1,null,2,1,to_timestamp('12-JAN-16 09.40.43.247000000 PM','DD-MON-RR HH.MI.SS.FF AM'),null,to_timestamp('12-JAN-16 09.40.43.247000000 PM','DD-MON-RR HH.MI.SS.FF AM'),'Query',0,'SQL',null,null,'3666715969282');
Insert into ICC_VARIABLEDEF_AUD (ID,REV,REVTYPE,DEFAULT_VALUE,POSITION,ACTIVE,CREATION_DATE,DESCRIPTION,MODIFICATION_DATE,NAME,REQUIRED,TYPE,CREATED_BY,MODIFIED_BY,TEMPLATE_ID) values ('3666778295317',165,1,null,1,1,to_timestamp('12-JAN-16 09.40.43.248000000 PM','DD-MON-RR HH.MI.SS.FF AM'),null,to_timestamp('12-JAN-16 09.40.43.248000000 PM','DD-MON-RR HH.MI.SS.FF AM'),'Connection',0,'Connection',null,null,'3666715969282');
Insert into ICC_VARIABLEDEF_AUD (ID,REV,REVTYPE,DEFAULT_VALUE,POSITION,ACTIVE,CREATION_DATE,DESCRIPTION,MODIFICATION_DATE,NAME,REQUIRED,TYPE,CREATED_BY,MODIFIED_BY,TEMPLATE_ID) values ('3666778708108',165,1,null,2,1,to_timestamp('12-JAN-16 09.40.43.247000000 PM','DD-MON-RR HH.MI.SS.FF AM'),null,to_timestamp('12-JAN-16 09.40.43.247000000 PM','DD-MON-RR HH.MI.SS.FF AM'),'Query',0,'SQL',null,null,'3666715969282');
Insert into ICC_VARIABLEDEF_AUD (ID,REV,REVTYPE,DEFAULT_VALUE,POSITION,ACTIVE,CREATION_DATE,DESCRIPTION,MODIFICATION_DATE,NAME,REQUIRED,TYPE,CREATED_BY,MODIFIED_BY,TEMPLATE_ID) values ('3666775159915',165,1,null,3,1,to_timestamp('12-JAN-16 09.40.43.248000000 PM','DD-MON-RR HH.MI.SS.FF AM'),null,to_timestamp('12-JAN-16 09.40.43.248000000 PM','DD-MON-RR HH.MI.SS.FF AM'),'Keys',0,'List',null,null,'3666715969282');
Insert into ICC_VARIABLEDEF_AUD (ID,REV,REVTYPE,DEFAULT_VALUE,POSITION,ACTIVE,CREATION_DATE,DESCRIPTION,MODIFICATION_DATE,NAME,REQUIRED,TYPE,CREATED_BY,MODIFIED_BY,TEMPLATE_ID) values ('3666775159915',166,1,null,3,1,to_timestamp('12-JAN-16 09.40.43.248000000 PM','DD-MON-RR HH.MI.SS.FF AM'),null,to_timestamp('12-JAN-16 09.40.43.248000000 PM','DD-MON-RR HH.MI.SS.FF AM'),'Keys',0,'List',null,null,'3666715969282');
Insert into ICC_VARIABLEDEF_AUD (ID,REV,REVTYPE,DEFAULT_VALUE,POSITION,ACTIVE,CREATION_DATE,DESCRIPTION,MODIFICATION_DATE,NAME,REQUIRED,TYPE,CREATED_BY,MODIFIED_BY,TEMPLATE_ID) values ('3666778708108',166,1,null,2,1,to_timestamp('12-JAN-16 09.40.43.247000000 PM','DD-MON-RR HH.MI.SS.FF AM'),null,to_timestamp('12-JAN-16 09.40.43.247000000 PM','DD-MON-RR HH.MI.SS.FF AM'),'Query',0,'SQL',null,null,'3666715969282');
Insert into ICC_VARIABLEDEF_AUD (ID,REV,REVTYPE,DEFAULT_VALUE,POSITION,ACTIVE,CREATION_DATE,DESCRIPTION,MODIFICATION_DATE,NAME,REQUIRED,TYPE,CREATED_BY,MODIFIED_BY,TEMPLATE_ID) values ('3666778295317',166,1,null,1,1,to_timestamp('12-JAN-16 09.40.43.248000000 PM','DD-MON-RR HH.MI.SS.FF AM'),null,to_timestamp('12-JAN-16 09.40.43.248000000 PM','DD-MON-RR HH.MI.SS.FF AM'),'Connection',0,'Connection',null,null,'3666715969282');
Insert into ICC_VARIABLEDEF_AUD (ID,REV,REVTYPE,DEFAULT_VALUE,POSITION,ACTIVE,CREATION_DATE,DESCRIPTION,MODIFICATION_DATE,NAME,REQUIRED,TYPE,CREATED_BY,MODIFIED_BY,TEMPLATE_ID) values ('761232070668988',169,0,null,1,1,to_timestamp('21-JAN-16 04.11.43.397000000 PM','DD-MON-RR HH.MI.SS.FF AM'),null,to_timestamp('21-JAN-16 04.11.43.397000000 PM','DD-MON-RR HH.MI.SS.FF AM'),'First DataSet',0,'Dataset',null,null,'761232070575604');
Insert into ICC_VARIABLEDEF_AUD (ID,REV,REVTYPE,DEFAULT_VALUE,POSITION,ACTIVE,CREATION_DATE,DESCRIPTION,MODIFICATION_DATE,NAME,REQUIRED,TYPE,CREATED_BY,MODIFIED_BY,TEMPLATE_ID) values ('761232070685325',169,0,null,3,1,to_timestamp('21-JAN-16 04.11.43.397000000 PM','DD-MON-RR HH.MI.SS.FF AM'),null,to_timestamp('21-JAN-16 04.11.43.397000000 PM','DD-MON-RR HH.MI.SS.FF AM'),'Third DataSet',0,'Dataset',null,null,'761232070575604');
Insert into ICC_VARIABLEDEF_AUD (ID,REV,REVTYPE,DEFAULT_VALUE,POSITION,ACTIVE,CREATION_DATE,DESCRIPTION,MODIFICATION_DATE,NAME,REQUIRED,TYPE,CREATED_BY,MODIFIED_BY,TEMPLATE_ID) values ('761232070695179',169,0,null,4,1,to_timestamp('21-JAN-16 04.11.43.397000000 PM','DD-MON-RR HH.MI.SS.FF AM'),null,to_timestamp('21-JAN-16 04.11.43.397000000 PM','DD-MON-RR HH.MI.SS.FF AM'),'Fourth DataSet',0,'Dataset',null,null,'761232070575604');
Insert into ICC_VARIABLEDEF_AUD (ID,REV,REVTYPE,DEFAULT_VALUE,POSITION,ACTIVE,CREATION_DATE,DESCRIPTION,MODIFICATION_DATE,NAME,REQUIRED,TYPE,CREATED_BY,MODIFIED_BY,TEMPLATE_ID) values ('761232071613575',169,0,null,2,1,to_timestamp('21-JAN-16 04.11.43.397000000 PM','DD-MON-RR HH.MI.SS.FF AM'),null,to_timestamp('21-JAN-16 04.11.43.397000000 PM','DD-MON-RR HH.MI.SS.FF AM'),'Second DataSet',0,'Dataset',null,null,'761232070575604');
Insert into ICC_VARIABLEDEF_AUD (ID,REV,REVTYPE,DEFAULT_VALUE,POSITION,ACTIVE,CREATION_DATE,DESCRIPTION,MODIFICATION_DATE,NAME,REQUIRED,TYPE,CREATED_BY,MODIFIED_BY,TEMPLATE_ID) values ('761232071628949',169,0,null,5,1,to_timestamp('21-JAN-16 04.11.43.397000000 PM','DD-MON-RR HH.MI.SS.FF AM'),null,to_timestamp('21-JAN-16 04.11.43.397000000 PM','DD-MON-RR HH.MI.SS.FF AM'),'Fifth DataSet',0,'Dataset',null,null,'761232070575604');
Insert into ICC_VARIABLEDEF_AUD (ID,REV,REVTYPE,DEFAULT_VALUE,POSITION,ACTIVE,CREATION_DATE,DESCRIPTION,MODIFICATION_DATE,NAME,REQUIRED,TYPE,CREATED_BY,MODIFIED_BY,TEMPLATE_ID) values ('3666778295317',202,1,null,1,1,to_timestamp('12-JAN-16 09.40.43.248000000 PM','DD-MON-RR HH.MI.SS.FF AM'),null,to_timestamp('12-JAN-16 09.40.43.248000000 PM','DD-MON-RR HH.MI.SS.FF AM'),'Connection',0,'Connection',null,null,'3666715969282');
Insert into ICC_VARIABLEDEF_AUD (ID,REV,REVTYPE,DEFAULT_VALUE,POSITION,ACTIVE,CREATION_DATE,DESCRIPTION,MODIFICATION_DATE,NAME,REQUIRED,TYPE,CREATED_BY,MODIFIED_BY,TEMPLATE_ID) values ('3666778708108',202,1,null,2,1,to_timestamp('12-JAN-16 09.40.43.247000000 PM','DD-MON-RR HH.MI.SS.FF AM'),null,to_timestamp('12-JAN-16 09.40.43.247000000 PM','DD-MON-RR HH.MI.SS.FF AM'),'Query',0,'SQL',null,null,'3666715969282');
Insert into ICC_VARIABLEDEF_AUD (ID,REV,REVTYPE,DEFAULT_VALUE,POSITION,ACTIVE,CREATION_DATE,DESCRIPTION,MODIFICATION_DATE,NAME,REQUIRED,TYPE,CREATED_BY,MODIFIED_BY,TEMPLATE_ID) values ('3666775159915',202,1,null,3,1,to_timestamp('12-JAN-16 09.40.43.248000000 PM','DD-MON-RR HH.MI.SS.FF AM'),null,to_timestamp('12-JAN-16 09.40.43.248000000 PM','DD-MON-RR HH.MI.SS.FF AM'),'Keys',0,'List',null,null,'3666715969282');
Insert into ICC_VARIABLEDEF_AUD (ID,REV,REVTYPE,DEFAULT_VALUE,POSITION,ACTIVE,CREATION_DATE,DESCRIPTION,MODIFICATION_DATE,NAME,REQUIRED,TYPE,CREATED_BY,MODIFIED_BY,TEMPLATE_ID) values ('3667026459115',203,1,null,3,1,to_timestamp('12-JAN-16 09.40.43.633000000 PM','DD-MON-RR HH.MI.SS.FF AM'),null,to_timestamp('12-JAN-16 09.40.43.633000000 PM','DD-MON-RR HH.MI.SS.FF AM'),'Connection',0,'Connection',null,null,'3667021362874');
Insert into ICC_VARIABLEDEF_AUD (ID,REV,REVTYPE,DEFAULT_VALUE,POSITION,ACTIVE,CREATION_DATE,DESCRIPTION,MODIFICATION_DATE,NAME,REQUIRED,TYPE,CREATED_BY,MODIFIED_BY,TEMPLATE_ID) values ('3667027005810',203,1,null,4,1,to_timestamp('12-JAN-16 09.40.43.633000000 PM','DD-MON-RR HH.MI.SS.FF AM'),null,to_timestamp('12-JAN-16 09.40.43.633000000 PM','DD-MON-RR HH.MI.SS.FF AM'),'Drop Before Create',0,'Boolean',null,null,'3667021362874');
Insert into ICC_VARIABLEDEF_AUD (ID,REV,REVTYPE,DEFAULT_VALUE,POSITION,ACTIVE,CREATION_DATE,DESCRIPTION,MODIFICATION_DATE,NAME,REQUIRED,TYPE,CREATED_BY,MODIFIED_BY,TEMPLATE_ID) values ('3667027887685',203,1,null,1,1,to_timestamp('12-JAN-16 09.40.43.633000000 PM','DD-MON-RR HH.MI.SS.FF AM'),null,to_timestamp('12-JAN-16 09.40.43.633000000 PM','DD-MON-RR HH.MI.SS.FF AM'),'Table',0,'Standard',null,null,'3667021362874');
Insert into ICC_VARIABLEDEF_AUD (ID,REV,REVTYPE,DEFAULT_VALUE,POSITION,ACTIVE,CREATION_DATE,DESCRIPTION,MODIFICATION_DATE,NAME,REQUIRED,TYPE,CREATED_BY,MODIFIED_BY,TEMPLATE_ID) values ('3667027297965',203,1,null,2,1,to_timestamp('12-JAN-16 09.40.43.633000000 PM','DD-MON-RR HH.MI.SS.FF AM'),null,to_timestamp('12-JAN-16 09.40.43.633000000 PM','DD-MON-RR HH.MI.SS.FF AM'),'Dataset',0,'Dataset',null,null,'3667021362874');
Insert into ICC_VARIABLEDEF_AUD (ID,REV,REVTYPE,DEFAULT_VALUE,POSITION,ACTIVE,CREATION_DATE,DESCRIPTION,MODIFICATION_DATE,NAME,REQUIRED,TYPE,CREATED_BY,MODIFIED_BY,TEMPLATE_ID) values ('3666775159915',129,1,null,3,1,to_timestamp('12-JAN-16 09.40.43.248000000 PM','DD-MON-RR HH.MI.SS.FF AM'),null,to_timestamp('12-JAN-16 09.40.43.248000000 PM','DD-MON-RR HH.MI.SS.FF AM'),'Keys',0,'List',null,null,'3666715969282');
Insert into ICC_VARIABLEDEF_AUD (ID,REV,REVTYPE,DEFAULT_VALUE,POSITION,ACTIVE,CREATION_DATE,DESCRIPTION,MODIFICATION_DATE,NAME,REQUIRED,TYPE,CREATED_BY,MODIFIED_BY,TEMPLATE_ID) values ('3666778295317',129,1,null,1,1,to_timestamp('12-JAN-16 09.40.43.248000000 PM','DD-MON-RR HH.MI.SS.FF AM'),null,to_timestamp('12-JAN-16 09.40.43.248000000 PM','DD-MON-RR HH.MI.SS.FF AM'),'Connection',0,'Connection',null,null,'3666715969282');
Insert into ICC_VARIABLEDEF_AUD (ID,REV,REVTYPE,DEFAULT_VALUE,POSITION,ACTIVE,CREATION_DATE,DESCRIPTION,MODIFICATION_DATE,NAME,REQUIRED,TYPE,CREATED_BY,MODIFIED_BY,TEMPLATE_ID) values ('3666778708108',129,1,null,2,1,to_timestamp('12-JAN-16 09.40.43.247000000 PM','DD-MON-RR HH.MI.SS.FF AM'),null,to_timestamp('12-JAN-16 09.40.43.247000000 PM','DD-MON-RR HH.MI.SS.FF AM'),'Query',0,'SQL',null,null,'3666715969282');
Insert into ICC_VARIABLEDEF_AUD (ID,REV,REVTYPE,DEFAULT_VALUE,POSITION,ACTIVE,CREATION_DATE,DESCRIPTION,MODIFICATION_DATE,NAME,REQUIRED,TYPE,CREATED_BY,MODIFIED_BY,TEMPLATE_ID) values ('3666959039353',132,1,null,3,1,to_timestamp('12-JAN-16 09.40.43.572000000 PM','DD-MON-RR HH.MI.SS.FF AM'),null,to_timestamp('12-JAN-16 09.40.43.572000000 PM','DD-MON-RR HH.MI.SS.FF AM'),'Second DataSet',0,'Dataset',null,null,'3666949628141');
Insert into ICC_VARIABLEDEF_AUD (ID,REV,REVTYPE,DEFAULT_VALUE,POSITION,ACTIVE,CREATION_DATE,DESCRIPTION,MODIFICATION_DATE,NAME,REQUIRED,TYPE,CREATED_BY,MODIFIED_BY,TEMPLATE_ID) values ('3666958512692',132,1,null,2,1,to_timestamp('12-JAN-16 09.40.43.572000000 PM','DD-MON-RR HH.MI.SS.FF AM'),null,to_timestamp('12-JAN-16 09.40.43.572000000 PM','DD-MON-RR HH.MI.SS.FF AM'),'Report Identical',0,'Boolean',null,null,'3666949628141');
Insert into ICC_VARIABLEDEF_AUD (ID,REV,REVTYPE,DEFAULT_VALUE,POSITION,ACTIVE,CREATION_DATE,DESCRIPTION,MODIFICATION_DATE,NAME,REQUIRED,TYPE,CREATED_BY,MODIFIED_BY,TEMPLATE_ID) values ('3666954433543',132,1,null,1,1,to_timestamp('12-JAN-16 09.40.43.572000000 PM','DD-MON-RR HH.MI.SS.FF AM'),null,to_timestamp('12-JAN-16 09.40.43.572000000 PM','DD-MON-RR HH.MI.SS.FF AM'),'First DataSet',0,'Dataset',null,null,'3666949628141');
Insert into ICC_VARIABLEDEF_AUD (ID,REV,REVTYPE,DEFAULT_VALUE,POSITION,ACTIVE,CREATION_DATE,DESCRIPTION,MODIFICATION_DATE,NAME,REQUIRED,TYPE,CREATED_BY,MODIFIED_BY,TEMPLATE_ID) values ('3666954433543',133,1,null,1,1,to_timestamp('12-JAN-16 09.40.43.572000000 PM','DD-MON-RR HH.MI.SS.FF AM'),null,to_timestamp('12-JAN-16 09.40.43.572000000 PM','DD-MON-RR HH.MI.SS.FF AM'),'First DataSet',0,'Dataset',null,null,'3666949628141');
Insert into ICC_VARIABLEDEF_AUD (ID,REV,REVTYPE,DEFAULT_VALUE,POSITION,ACTIVE,CREATION_DATE,DESCRIPTION,MODIFICATION_DATE,NAME,REQUIRED,TYPE,CREATED_BY,MODIFIED_BY,TEMPLATE_ID) values ('3666959039353',133,1,null,3,1,to_timestamp('12-JAN-16 09.40.43.572000000 PM','DD-MON-RR HH.MI.SS.FF AM'),null,to_timestamp('12-JAN-16 09.40.43.572000000 PM','DD-MON-RR HH.MI.SS.FF AM'),'Second DataSet',0,'Dataset',null,null,'3666949628141');
Insert into ICC_VARIABLEDEF_AUD (ID,REV,REVTYPE,DEFAULT_VALUE,POSITION,ACTIVE,CREATION_DATE,DESCRIPTION,MODIFICATION_DATE,NAME,REQUIRED,TYPE,CREATED_BY,MODIFIED_BY,TEMPLATE_ID) values ('3666954433543',134,1,null,1,1,to_timestamp('12-JAN-16 09.40.43.572000000 PM','DD-MON-RR HH.MI.SS.FF AM'),null,to_timestamp('12-JAN-16 09.40.43.572000000 PM','DD-MON-RR HH.MI.SS.FF AM'),'First DataSet',0,'Dataset',null,null,'3666949628141');
Insert into ICC_VARIABLEDEF_AUD (ID,REV,REVTYPE,DEFAULT_VALUE,POSITION,ACTIVE,CREATION_DATE,DESCRIPTION,MODIFICATION_DATE,NAME,REQUIRED,TYPE,CREATED_BY,MODIFIED_BY,TEMPLATE_ID) values ('3666958512692',134,1,null,2,1,to_timestamp('12-JAN-16 09.40.43.572000000 PM','DD-MON-RR HH.MI.SS.FF AM'),null,to_timestamp('12-JAN-16 09.40.43.572000000 PM','DD-MON-RR HH.MI.SS.FF AM'),'Report Identical',0,'Boolean',null,null,'3666949628141');
Insert into ICC_VARIABLEDEF_AUD (ID,REV,REVTYPE,DEFAULT_VALUE,POSITION,ACTIVE,CREATION_DATE,DESCRIPTION,MODIFICATION_DATE,NAME,REQUIRED,TYPE,CREATED_BY,MODIFIED_BY,TEMPLATE_ID) values ('3666959039353',134,1,null,3,1,to_timestamp('12-JAN-16 09.40.43.572000000 PM','DD-MON-RR HH.MI.SS.FF AM'),null,to_timestamp('12-JAN-16 09.40.43.572000000 PM','DD-MON-RR HH.MI.SS.FF AM'),'Second DataSet',0,'Dataset',null,null,'3666949628141');
Insert into ICC_VARIABLEDEF_AUD (ID,REV,REVTYPE,DEFAULT_VALUE,POSITION,ACTIVE,CREATION_DATE,DESCRIPTION,MODIFICATION_DATE,NAME,REQUIRED,TYPE,CREATED_BY,MODIFIED_BY,TEMPLATE_ID) values ('3666775159915',149,1,null,3,1,to_timestamp('12-JAN-16 09.40.43.248000000 PM','DD-MON-RR HH.MI.SS.FF AM'),null,to_timestamp('12-JAN-16 09.40.43.248000000 PM','DD-MON-RR HH.MI.SS.FF AM'),'Keys',0,'List',null,null,'3666715969282');
Insert into ICC_VARIABLEDEF_AUD (ID,REV,REVTYPE,DEFAULT_VALUE,POSITION,ACTIVE,CREATION_DATE,DESCRIPTION,MODIFICATION_DATE,NAME,REQUIRED,TYPE,CREATED_BY,MODIFIED_BY,TEMPLATE_ID) values ('3666778295317',149,1,null,1,1,to_timestamp('12-JAN-16 09.40.43.248000000 PM','DD-MON-RR HH.MI.SS.FF AM'),null,to_timestamp('12-JAN-16 09.40.43.248000000 PM','DD-MON-RR HH.MI.SS.FF AM'),'Connection',0,'Connection',null,null,'3666715969282');
Insert into ICC_VARIABLEDEF_AUD (ID,REV,REVTYPE,DEFAULT_VALUE,POSITION,ACTIVE,CREATION_DATE,DESCRIPTION,MODIFICATION_DATE,NAME,REQUIRED,TYPE,CREATED_BY,MODIFIED_BY,TEMPLATE_ID) values ('3666778708108',149,1,null,2,1,to_timestamp('12-JAN-16 09.40.43.247000000 PM','DD-MON-RR HH.MI.SS.FF AM'),null,to_timestamp('12-JAN-16 09.40.43.247000000 PM','DD-MON-RR HH.MI.SS.FF AM'),'Query',0,'SQL',null,null,'3666715969282');
Insert into ICC_VARIABLEDEF_AUD (ID,REV,REVTYPE,DEFAULT_VALUE,POSITION,ACTIVE,CREATION_DATE,DESCRIPTION,MODIFICATION_DATE,NAME,REQUIRED,TYPE,CREATED_BY,MODIFIED_BY,TEMPLATE_ID) values ('3666959039353',150,1,null,3,1,to_timestamp('12-JAN-16 09.40.43.572000000 PM','DD-MON-RR HH.MI.SS.FF AM'),null,to_timestamp('12-JAN-16 09.40.43.572000000 PM','DD-MON-RR HH.MI.SS.FF AM'),'Second DataSet',0,'Dataset',null,null,'3666949628141');
Insert into ICC_VARIABLEDEF_AUD (ID,REV,REVTYPE,DEFAULT_VALUE,POSITION,ACTIVE,CREATION_DATE,DESCRIPTION,MODIFICATION_DATE,NAME,REQUIRED,TYPE,CREATED_BY,MODIFIED_BY,TEMPLATE_ID) values ('3666958512692',150,1,null,2,1,to_timestamp('12-JAN-16 09.40.43.572000000 PM','DD-MON-RR HH.MI.SS.FF AM'),null,to_timestamp('12-JAN-16 09.40.43.572000000 PM','DD-MON-RR HH.MI.SS.FF AM'),'Report Identical',0,'Boolean',null,null,'3666949628141');
Insert into ICC_VARIABLEDEF_AUD (ID,REV,REVTYPE,DEFAULT_VALUE,POSITION,ACTIVE,CREATION_DATE,DESCRIPTION,MODIFICATION_DATE,NAME,REQUIRED,TYPE,CREATED_BY,MODIFIED_BY,TEMPLATE_ID) values ('3666954433543',150,1,null,1,1,to_timestamp('12-JAN-16 09.40.43.572000000 PM','DD-MON-RR HH.MI.SS.FF AM'),null,to_timestamp('12-JAN-16 09.40.43.572000000 PM','DD-MON-RR HH.MI.SS.FF AM'),'First DataSet',0,'Dataset',null,null,'3666949628141');
Insert into ICC_VARIABLEDEF_AUD (ID,REV,REVTYPE,DEFAULT_VALUE,POSITION,ACTIVE,CREATION_DATE,DESCRIPTION,MODIFICATION_DATE,NAME,REQUIRED,TYPE,CREATED_BY,MODIFIED_BY,TEMPLATE_ID) values ('3666775159915',154,1,null,3,1,to_timestamp('12-JAN-16 09.40.43.248000000 PM','DD-MON-RR HH.MI.SS.FF AM'),null,to_timestamp('12-JAN-16 09.40.43.248000000 PM','DD-MON-RR HH.MI.SS.FF AM'),'Keys',0,'List',null,null,'3666715969282');
Insert into ICC_VARIABLEDEF_AUD (ID,REV,REVTYPE,DEFAULT_VALUE,POSITION,ACTIVE,CREATION_DATE,DESCRIPTION,MODIFICATION_DATE,NAME,REQUIRED,TYPE,CREATED_BY,MODIFIED_BY,TEMPLATE_ID) values ('3666778295317',154,1,null,1,1,to_timestamp('12-JAN-16 09.40.43.248000000 PM','DD-MON-RR HH.MI.SS.FF AM'),null,to_timestamp('12-JAN-16 09.40.43.248000000 PM','DD-MON-RR HH.MI.SS.FF AM'),'Connection',0,'Connection',null,null,'3666715969282');
Insert into ICC_VARIABLEDEF_AUD (ID,REV,REVTYPE,DEFAULT_VALUE,POSITION,ACTIVE,CREATION_DATE,DESCRIPTION,MODIFICATION_DATE,NAME,REQUIRED,TYPE,CREATED_BY,MODIFIED_BY,TEMPLATE_ID) values ('3666778708108',154,1,null,2,1,to_timestamp('12-JAN-16 09.40.43.247000000 PM','DD-MON-RR HH.MI.SS.FF AM'),null,to_timestamp('12-JAN-16 09.40.43.247000000 PM','DD-MON-RR HH.MI.SS.FF AM'),'Query',0,'SQL',null,null,'3666715969282');
Insert into ICC_VARIABLEDEF_AUD (ID,REV,REVTYPE,DEFAULT_VALUE,POSITION,ACTIVE,CREATION_DATE,DESCRIPTION,MODIFICATION_DATE,NAME,REQUIRED,TYPE,CREATED_BY,MODIFIED_BY,TEMPLATE_ID) values ('3666778708108',157,1,null,2,1,to_timestamp('12-JAN-16 09.40.43.247000000 PM','DD-MON-RR HH.MI.SS.FF AM'),null,to_timestamp('12-JAN-16 09.40.43.247000000 PM','DD-MON-RR HH.MI.SS.FF AM'),'Query',0,'SQL',null,null,'3666715969282');
Insert into ICC_VARIABLEDEF_AUD (ID,REV,REVTYPE,DEFAULT_VALUE,POSITION,ACTIVE,CREATION_DATE,DESCRIPTION,MODIFICATION_DATE,NAME,REQUIRED,TYPE,CREATED_BY,MODIFIED_BY,TEMPLATE_ID) values ('3666778295317',157,1,null,1,1,to_timestamp('12-JAN-16 09.40.43.248000000 PM','DD-MON-RR HH.MI.SS.FF AM'),null,to_timestamp('12-JAN-16 09.40.43.248000000 PM','DD-MON-RR HH.MI.SS.FF AM'),'Connection',0,'Connection',null,null,'3666715969282');
Insert into ICC_VARIABLEDEF_AUD (ID,REV,REVTYPE,DEFAULT_VALUE,POSITION,ACTIVE,CREATION_DATE,DESCRIPTION,MODIFICATION_DATE,NAME,REQUIRED,TYPE,CREATED_BY,MODIFIED_BY,TEMPLATE_ID) values ('3666775159915',157,1,null,3,1,to_timestamp('12-JAN-16 09.40.43.248000000 PM','DD-MON-RR HH.MI.SS.FF AM'),null,to_timestamp('12-JAN-16 09.40.43.248000000 PM','DD-MON-RR HH.MI.SS.FF AM'),'Keys',0,'List',null,null,'3666715969282');
Insert into ICC_VARIABLEDEF_AUD (ID,REV,REVTYPE,DEFAULT_VALUE,POSITION,ACTIVE,CREATION_DATE,DESCRIPTION,MODIFICATION_DATE,NAME,REQUIRED,TYPE,CREATED_BY,MODIFIED_BY,TEMPLATE_ID) values ('761232071613575',170,1,null,2,1,to_timestamp('21-JAN-16 04.11.43.397000000 PM','DD-MON-RR HH.MI.SS.FF AM'),null,to_timestamp('21-JAN-16 04.11.43.397000000 PM','DD-MON-RR HH.MI.SS.FF AM'),'Second DataSet',0,'Dataset',null,null,'761232070575604');
Insert into ICC_VARIABLEDEF_AUD (ID,REV,REVTYPE,DEFAULT_VALUE,POSITION,ACTIVE,CREATION_DATE,DESCRIPTION,MODIFICATION_DATE,NAME,REQUIRED,TYPE,CREATED_BY,MODIFIED_BY,TEMPLATE_ID) values ('761232070695179',170,1,null,4,1,to_timestamp('21-JAN-16 04.11.43.397000000 PM','DD-MON-RR HH.MI.SS.FF AM'),null,to_timestamp('21-JAN-16 04.11.43.397000000 PM','DD-MON-RR HH.MI.SS.FF AM'),'Fourth DataSet',0,'Dataset',null,null,'761232070575604');
Insert into ICC_VARIABLEDEF_AUD (ID,REV,REVTYPE,DEFAULT_VALUE,POSITION,ACTIVE,CREATION_DATE,DESCRIPTION,MODIFICATION_DATE,NAME,REQUIRED,TYPE,CREATED_BY,MODIFIED_BY,TEMPLATE_ID) values ('761232070668988',170,1,null,1,1,to_timestamp('21-JAN-16 04.11.43.397000000 PM','DD-MON-RR HH.MI.SS.FF AM'),null,to_timestamp('21-JAN-16 04.11.43.397000000 PM','DD-MON-RR HH.MI.SS.FF AM'),'First DataSet',0,'Dataset',null,null,'761232070575604');
Insert into ICC_VARIABLEDEF_AUD (ID,REV,REVTYPE,DEFAULT_VALUE,POSITION,ACTIVE,CREATION_DATE,DESCRIPTION,MODIFICATION_DATE,NAME,REQUIRED,TYPE,CREATED_BY,MODIFIED_BY,TEMPLATE_ID) values ('761232071628949',170,1,null,5,1,to_timestamp('21-JAN-16 04.11.43.397000000 PM','DD-MON-RR HH.MI.SS.FF AM'),null,to_timestamp('21-JAN-16 04.11.43.397000000 PM','DD-MON-RR HH.MI.SS.FF AM'),'Fifth DataSet',0,'Dataset',null,null,'761232070575604');
Insert into ICC_VARIABLEDEF_AUD (ID,REV,REVTYPE,DEFAULT_VALUE,POSITION,ACTIVE,CREATION_DATE,DESCRIPTION,MODIFICATION_DATE,NAME,REQUIRED,TYPE,CREATED_BY,MODIFIED_BY,TEMPLATE_ID) values ('761232070685325',170,1,null,3,1,to_timestamp('21-JAN-16 04.11.43.397000000 PM','DD-MON-RR HH.MI.SS.FF AM'),null,to_timestamp('21-JAN-16 04.11.43.397000000 PM','DD-MON-RR HH.MI.SS.FF AM'),'Third DataSet',0,'Dataset',null,null,'761232070575604');
Insert into ICC_VARIABLEDEF_AUD (ID,REV,REVTYPE,DEFAULT_VALUE,POSITION,ACTIVE,CREATION_DATE,DESCRIPTION,MODIFICATION_DATE,NAME,REQUIRED,TYPE,CREATED_BY,MODIFIED_BY,TEMPLATE_ID) values ('761232071628949',182,1,null,5,1,to_timestamp('21-JAN-16 04.11.43.397000000 PM','DD-MON-RR HH.MI.SS.FF AM'),null,to_timestamp('21-JAN-16 04.11.43.397000000 PM','DD-MON-RR HH.MI.SS.FF AM'),'Fifth DataSet',0,'Dataset',null,null,'761232070575604');
Insert into ICC_VARIABLEDEF_AUD (ID,REV,REVTYPE,DEFAULT_VALUE,POSITION,ACTIVE,CREATION_DATE,DESCRIPTION,MODIFICATION_DATE,NAME,REQUIRED,TYPE,CREATED_BY,MODIFIED_BY,TEMPLATE_ID) values ('761232070695179',182,1,null,4,1,to_timestamp('21-JAN-16 04.11.43.397000000 PM','DD-MON-RR HH.MI.SS.FF AM'),null,to_timestamp('21-JAN-16 04.11.43.397000000 PM','DD-MON-RR HH.MI.SS.FF AM'),'Fourth DataSet',0,'Dataset',null,null,'761232070575604');
Insert into ICC_VARIABLEDEF_AUD (ID,REV,REVTYPE,DEFAULT_VALUE,POSITION,ACTIVE,CREATION_DATE,DESCRIPTION,MODIFICATION_DATE,NAME,REQUIRED,TYPE,CREATED_BY,MODIFIED_BY,TEMPLATE_ID) values ('761232071613575',182,1,null,2,1,to_timestamp('21-JAN-16 04.11.43.397000000 PM','DD-MON-RR HH.MI.SS.FF AM'),null,to_timestamp('21-JAN-16 04.11.43.397000000 PM','DD-MON-RR HH.MI.SS.FF AM'),'Second DataSet',0,'Dataset',null,null,'761232070575604');
Insert into ICC_VARIABLEDEF_AUD (ID,REV,REVTYPE,DEFAULT_VALUE,POSITION,ACTIVE,CREATION_DATE,DESCRIPTION,MODIFICATION_DATE,NAME,REQUIRED,TYPE,CREATED_BY,MODIFIED_BY,TEMPLATE_ID) values ('761232070668988',182,1,null,1,1,to_timestamp('21-JAN-16 04.11.43.397000000 PM','DD-MON-RR HH.MI.SS.FF AM'),null,to_timestamp('21-JAN-16 04.11.43.397000000 PM','DD-MON-RR HH.MI.SS.FF AM'),'First DataSet',0,'Dataset',null,null,'761232070575604');
Insert into ICC_VARIABLEDEF_AUD (ID,REV,REVTYPE,DEFAULT_VALUE,POSITION,ACTIVE,CREATION_DATE,DESCRIPTION,MODIFICATION_DATE,NAME,REQUIRED,TYPE,CREATED_BY,MODIFIED_BY,TEMPLATE_ID) values ('761232070685325',182,1,null,3,1,to_timestamp('21-JAN-16 04.11.43.397000000 PM','DD-MON-RR HH.MI.SS.FF AM'),null,to_timestamp('21-JAN-16 04.11.43.397000000 PM','DD-MON-RR HH.MI.SS.FF AM'),'Third DataSet',0,'Dataset',null,null,'761232070575604');
Insert into ICC_VARIABLEDEF_AUD (ID,REV,REVTYPE,DEFAULT_VALUE,POSITION,ACTIVE,CREATION_DATE,DESCRIPTION,MODIFICATION_DATE,NAME,REQUIRED,TYPE,CREATED_BY,MODIFIED_BY,TEMPLATE_ID) values ('3666778295317',205,1,null,1,1,to_timestamp('12-JAN-16 09.40.43.248000000 PM','DD-MON-RR HH.MI.SS.FF AM'),null,to_timestamp('12-JAN-16 09.40.43.248000000 PM','DD-MON-RR HH.MI.SS.FF AM'),'Connection',0,'Connection',null,null,'3666715969282');
Insert into ICC_VARIABLEDEF_AUD (ID,REV,REVTYPE,DEFAULT_VALUE,POSITION,ACTIVE,CREATION_DATE,DESCRIPTION,MODIFICATION_DATE,NAME,REQUIRED,TYPE,CREATED_BY,MODIFIED_BY,TEMPLATE_ID) values ('3666778708108',205,1,null,2,1,to_timestamp('12-JAN-16 09.40.43.247000000 PM','DD-MON-RR HH.MI.SS.FF AM'),null,to_timestamp('12-JAN-16 09.40.43.247000000 PM','DD-MON-RR HH.MI.SS.FF AM'),'Query',0,'SQL',null,null,'3666715969282');
Insert into ICC_VARIABLEDEF_AUD (ID,REV,REVTYPE,DEFAULT_VALUE,POSITION,ACTIVE,CREATION_DATE,DESCRIPTION,MODIFICATION_DATE,NAME,REQUIRED,TYPE,CREATED_BY,MODIFIED_BY,TEMPLATE_ID) values ('3666775159915',205,1,null,3,1,to_timestamp('12-JAN-16 09.40.43.248000000 PM','DD-MON-RR HH.MI.SS.FF AM'),null,to_timestamp('12-JAN-16 09.40.43.248000000 PM','DD-MON-RR HH.MI.SS.FF AM'),'Keys',0,'List',null,null,'3666715969282');
Insert into ICC_VARIABLEDEF_AUD (ID,REV,REVTYPE,DEFAULT_VALUE,POSITION,ACTIVE,CREATION_DATE,DESCRIPTION,MODIFICATION_DATE,NAME,REQUIRED,TYPE,CREATED_BY,MODIFIED_BY,TEMPLATE_ID) values ('3666954433543',207,1,null,1,1,to_timestamp('12-JAN-16 09.40.43.572000000 PM','DD-MON-RR HH.MI.SS.FF AM'),null,to_timestamp('12-JAN-16 09.40.43.572000000 PM','DD-MON-RR HH.MI.SS.FF AM'),'First DataSet',0,'Dataset',null,null,'3666949628141');
Insert into ICC_VARIABLEDEF_AUD (ID,REV,REVTYPE,DEFAULT_VALUE,POSITION,ACTIVE,CREATION_DATE,DESCRIPTION,MODIFICATION_DATE,NAME,REQUIRED,TYPE,CREATED_BY,MODIFIED_BY,TEMPLATE_ID) values ('3666958512692',207,1,null,2,1,to_timestamp('12-JAN-16 09.40.43.572000000 PM','DD-MON-RR HH.MI.SS.FF AM'),null,to_timestamp('12-JAN-16 09.40.43.572000000 PM','DD-MON-RR HH.MI.SS.FF AM'),'Report Identical',0,'Boolean',null,null,'3666949628141');
Insert into ICC_VARIABLEDEF_AUD (ID,REV,REVTYPE,DEFAULT_VALUE,POSITION,ACTIVE,CREATION_DATE,DESCRIPTION,MODIFICATION_DATE,NAME,REQUIRED,TYPE,CREATED_BY,MODIFIED_BY,TEMPLATE_ID) values ('3666959039353',207,1,null,3,1,to_timestamp('12-JAN-16 09.40.43.572000000 PM','DD-MON-RR HH.MI.SS.FF AM'),null,to_timestamp('12-JAN-16 09.40.43.572000000 PM','DD-MON-RR HH.MI.SS.FF AM'),'Second DataSet',0,'Dataset',null,null,'3666949628141');
REM INSERTING into ICC_VARIABLE_AUD
SET DEFINE OFF;
Insert into ICC_VARIABLE_AUD (ID,REV,REVTYPE,VALUE,DEFINITION_ID,JOB_ID) values ('498472340428555',130,0,'select * from dual','3666778708108','498472340152934');
Insert into ICC_VARIABLE_AUD (ID,REV,REVTYPE,VALUE,DEFINITION_ID,JOB_ID) values ('498472340288342',130,0,'236125381981239','3666778295317','498472340152934');
Insert into ICC_VARIABLE_AUD (ID,REV,REVTYPE,VALUE,DEFINITION_ID,JOB_ID) values ('498472340467517',130,0,'DUMMY','3666775159915','498472340152934');
Insert into ICC_VARIABLE_AUD (ID,REV,REVTYPE,VALUE,DEFINITION_ID,JOB_ID) values ('504089925113877',135,0,'236125381981239','3666778295317','504065240797092');
Insert into ICC_VARIABLE_AUD (ID,REV,REVTYPE,VALUE,DEFINITION_ID,JOB_ID) values ('504089925266157',135,0,'ID','3666775159915','504065240797092');
Insert into ICC_VARIABLE_AUD (ID,REV,REVTYPE,VALUE,DEFINITION_ID,JOB_ID) values ('504089925220870',135,0,'Select * from Source_Table','3666778708108','504065240797092');
Insert into ICC_VARIABLE_AUD (ID,REV,REVTYPE,VALUE,DEFINITION_ID,JOB_ID) values ('504065240959265',135,2,null,null,null);
Insert into ICC_VARIABLE_AUD (ID,REV,REVTYPE,VALUE,DEFINITION_ID,JOB_ID) values ('504065243093784',135,2,null,null,null);
Insert into ICC_VARIABLE_AUD (ID,REV,REVTYPE,VALUE,DEFINITION_ID,JOB_ID) values ('504065240888419',135,2,null,null,null);
Insert into ICC_VARIABLE_AUD (ID,REV,REVTYPE,VALUE,DEFINITION_ID,JOB_ID) values ('505403624227117',137,0,'[DS] MustafaJob2','3666954433543','498648434375338');
Insert into ICC_VARIABLE_AUD (ID,REV,REVTYPE,VALUE,DEFINITION_ID,JOB_ID) values ('505403624314612',137,0,'[DS] BurhanTestJob2','3666959039353','498648434375338');
Insert into ICC_VARIABLE_AUD (ID,REV,REVTYPE,VALUE,DEFINITION_ID,JOB_ID) values ('505403624288816',137,0,'true','3666958512692','498648434375338');
Insert into ICC_VARIABLE_AUD (ID,REV,REVTYPE,VALUE,DEFINITION_ID,JOB_ID) values ('505358460006509',137,2,null,null,null);
Insert into ICC_VARIABLE_AUD (ID,REV,REVTYPE,VALUE,DEFINITION_ID,JOB_ID) values ('505358459931934',137,2,null,null,null);
Insert into ICC_VARIABLE_AUD (ID,REV,REVTYPE,VALUE,DEFINITION_ID,JOB_ID) values ('505358459979280',137,2,null,null,null);
Insert into ICC_VARIABLE_AUD (ID,REV,REVTYPE,VALUE,DEFINITION_ID,JOB_ID) values ('505440362681115',138,0,'true','3666958512692','498648434375338');
Insert into ICC_VARIABLE_AUD (ID,REV,REVTYPE,VALUE,DEFINITION_ID,JOB_ID) values ('505440362712452',138,0,'[DS] BurhanTestJob','3666959039353','498648434375338');
Insert into ICC_VARIABLE_AUD (ID,REV,REVTYPE,VALUE,DEFINITION_ID,JOB_ID) values ('505440362642410',138,0,'[DS] BurhanTestJob2','3666954433543','498648434375338');
Insert into ICC_VARIABLE_AUD (ID,REV,REVTYPE,VALUE,DEFINITION_ID,JOB_ID) values ('505403624314612',138,2,null,null,null);
Insert into ICC_VARIABLE_AUD (ID,REV,REVTYPE,VALUE,DEFINITION_ID,JOB_ID) values ('505403624227117',138,2,null,null,null);
Insert into ICC_VARIABLE_AUD (ID,REV,REVTYPE,VALUE,DEFINITION_ID,JOB_ID) values ('505403624288816',138,2,null,null,null);
Insert into ICC_VARIABLE_AUD (ID,REV,REVTYPE,VALUE,DEFINITION_ID,JOB_ID) values ('566773761202911',145,0,'select * from source_table2','3666778708108','566773761014480');
Insert into ICC_VARIABLE_AUD (ID,REV,REVTYPE,VALUE,DEFINITION_ID,JOB_ID) values ('566773761244044',145,0,'ID','3666775159915','566773761014480');
Insert into ICC_VARIABLE_AUD (ID,REV,REVTYPE,VALUE,DEFINITION_ID,JOB_ID) values ('566773761151487',145,0,'236125381981239','3666778295317','566773761014480');
Insert into ICC_VARIABLE_AUD (ID,REV,REVTYPE,VALUE,DEFINITION_ID,JOB_ID) values ('566834053036633',146,0,'select * from source_table2','3666778708108','566773761014480');
Insert into ICC_VARIABLE_AUD (ID,REV,REVTYPE,VALUE,DEFINITION_ID,JOB_ID) values ('566834053005186',146,0,'236125381981239','3666778295317','566773761014480');
Insert into ICC_VARIABLE_AUD (ID,REV,REVTYPE,VALUE,DEFINITION_ID,JOB_ID) values ('566834054861607',146,0,'ID','3666775159915','566773761014480');
Insert into ICC_VARIABLE_AUD (ID,REV,REVTYPE,VALUE,DEFINITION_ID,JOB_ID) values ('566773761202911',146,2,null,null,null);
Insert into ICC_VARIABLE_AUD (ID,REV,REVTYPE,VALUE,DEFINITION_ID,JOB_ID) values ('566773761244044',146,2,null,null,null);
Insert into ICC_VARIABLE_AUD (ID,REV,REVTYPE,VALUE,DEFINITION_ID,JOB_ID) values ('566773761151487',146,2,null,null,null);
Insert into ICC_VARIABLE_AUD (ID,REV,REVTYPE,VALUE,DEFINITION_ID,JOB_ID) values ('566939903460362',147,0,'select * from source_table2','3666778708108','566773761014480');
Insert into ICC_VARIABLE_AUD (ID,REV,REVTYPE,VALUE,DEFINITION_ID,JOB_ID) values ('566939903478037',147,0,'ID','3666775159915','566773761014480');
Insert into ICC_VARIABLE_AUD (ID,REV,REVTYPE,VALUE,DEFINITION_ID,JOB_ID) values ('566939903428120',147,0,'236125381981239','3666778295317','566773761014480');
Insert into ICC_VARIABLE_AUD (ID,REV,REVTYPE,VALUE,DEFINITION_ID,JOB_ID) values ('566834053036633',147,2,null,null,null);
Insert into ICC_VARIABLE_AUD (ID,REV,REVTYPE,VALUE,DEFINITION_ID,JOB_ID) values ('566834054861607',147,2,null,null,null);
Insert into ICC_VARIABLE_AUD (ID,REV,REVTYPE,VALUE,DEFINITION_ID,JOB_ID) values ('566834053005186',147,2,null,null,null);
Insert into ICC_VARIABLE_AUD (ID,REV,REVTYPE,VALUE,DEFINITION_ID,JOB_ID) values ('567654282894052',148,0,'ID,NAME','3666775159915','567654282094920');
Insert into ICC_VARIABLE_AUD (ID,REV,REVTYPE,VALUE,DEFINITION_ID,JOB_ID) values ('567654282189101',148,0,'236125381981239','3666778295317','567654282094920');
Insert into ICC_VARIABLE_AUD (ID,REV,REVTYPE,VALUE,DEFINITION_ID,JOB_ID) values ('567654282848051',148,0,'select * from target_table2','3666778708108','567654282094920');
Insert into ICC_VARIABLE_AUD (ID,REV,REVTYPE,VALUE,DEFINITION_ID,JOB_ID) values ('567864388406329',151,0,'REPORT_NEW','3667027887685','567864388346849');
Insert into ICC_VARIABLE_AUD (ID,REV,REVTYPE,VALUE,DEFINITION_ID,JOB_ID) values ('567864390556713',151,0,'[DS] CompareOne2One','3667027297965','567864388346849');
Insert into ICC_VARIABLE_AUD (ID,REV,REVTYPE,VALUE,DEFINITION_ID,JOB_ID) values ('567864390626339',151,0,'false','3667027005810','567864388346849');
Insert into ICC_VARIABLE_AUD (ID,REV,REVTYPE,VALUE,DEFINITION_ID,JOB_ID) values ('567864390579818',151,0,'236125381981239','3667026459115','567864388346849');
Insert into ICC_VARIABLE_AUD (ID,REV,REVTYPE,VALUE,DEFINITION_ID,JOB_ID) values ('567958724038272',152,0,'true','3667027005810','567864388346849');
Insert into ICC_VARIABLE_AUD (ID,REV,REVTYPE,VALUE,DEFINITION_ID,JOB_ID) values ('567958723985394',152,0,'[DS] CompareOne2One','3667027297965','567864388346849');
Insert into ICC_VARIABLE_AUD (ID,REV,REVTYPE,VALUE,DEFINITION_ID,JOB_ID) values ('567958724013208',152,0,'236125381981239','3667026459115','567864388346849');
Insert into ICC_VARIABLE_AUD (ID,REV,REVTYPE,VALUE,DEFINITION_ID,JOB_ID) values ('567958723928865',152,0,'REPORT_NEW','3667027887685','567864388346849');
Insert into ICC_VARIABLE_AUD (ID,REV,REVTYPE,VALUE,DEFINITION_ID,JOB_ID) values ('567864390556713',152,2,null,null,null);
Insert into ICC_VARIABLE_AUD (ID,REV,REVTYPE,VALUE,DEFINITION_ID,JOB_ID) values ('567864390579818',152,2,null,null,null);
Insert into ICC_VARIABLE_AUD (ID,REV,REVTYPE,VALUE,DEFINITION_ID,JOB_ID) values ('567864388406329',152,2,null,null,null);
Insert into ICC_VARIABLE_AUD (ID,REV,REVTYPE,VALUE,DEFINITION_ID,JOB_ID) values ('567864390626339',152,2,null,null,null);
Insert into ICC_VARIABLE_AUD (ID,REV,REVTYPE,VALUE,DEFINITION_ID,JOB_ID) values ('570220063172098',155,0,'ID','3666775159915','566773761014480');
Insert into ICC_VARIABLE_AUD (ID,REV,REVTYPE,VALUE,DEFINITION_ID,JOB_ID) values ('570220063102781',155,0,'236125381981239','3666778295317','566773761014480');
Insert into ICC_VARIABLE_AUD (ID,REV,REVTYPE,VALUE,DEFINITION_ID,JOB_ID) values ('570220063145545',155,0,'select * from source_table2','3666778708108','566773761014480');
Insert into ICC_VARIABLE_AUD (ID,REV,REVTYPE,VALUE,DEFINITION_ID,JOB_ID) values ('570193146164343',155,2,null,null,null);
Insert into ICC_VARIABLE_AUD (ID,REV,REVTYPE,VALUE,DEFINITION_ID,JOB_ID) values ('570193146124309',155,2,null,null,null);
Insert into ICC_VARIABLE_AUD (ID,REV,REVTYPE,VALUE,DEFINITION_ID,JOB_ID) values ('570193146189350',155,2,null,null,null);
Insert into ICC_VARIABLE_AUD (ID,REV,REVTYPE,VALUE,DEFINITION_ID,JOB_ID) values ('761331556976134',171,2,null,null,null);
Insert into ICC_VARIABLE_AUD (ID,REV,REVTYPE,VALUE,DEFINITION_ID,JOB_ID) values ('761331557123182',171,2,null,null,null);
Insert into ICC_VARIABLE_AUD (ID,REV,REVTYPE,VALUE,DEFINITION_ID,JOB_ID) values ('761331556827849',171,2,null,null,null);
Insert into ICC_VARIABLE_AUD (ID,REV,REVTYPE,VALUE,DEFINITION_ID,JOB_ID) values ('761331557075970',171,2,null,null,null);
Insert into ICC_VARIABLE_AUD (ID,REV,REVTYPE,VALUE,DEFINITION_ID,JOB_ID) values ('761331557028025',171,2,null,null,null);
Insert into ICC_VARIABLE_AUD (ID,REV,REVTYPE,VALUE,DEFINITION_ID,JOB_ID) values ('829583409775483',172,0,'select * from source_table4','3666778708108','566773761014480');
Insert into ICC_VARIABLE_AUD (ID,REV,REVTYPE,VALUE,DEFINITION_ID,JOB_ID) values ('829583409819134',172,0,'ID,NAME,CITY','3666775159915','566773761014480');
Insert into ICC_VARIABLE_AUD (ID,REV,REVTYPE,VALUE,DEFINITION_ID,JOB_ID) values ('829583409679529',172,0,'236125381981239','3666778295317','566773761014480');
Insert into ICC_VARIABLE_AUD (ID,REV,REVTYPE,VALUE,DEFINITION_ID,JOB_ID) values ('739393161354956',172,2,null,null,null);
Insert into ICC_VARIABLE_AUD (ID,REV,REVTYPE,VALUE,DEFINITION_ID,JOB_ID) values ('739393161282724',172,2,null,null,null);
Insert into ICC_VARIABLE_AUD (ID,REV,REVTYPE,VALUE,DEFINITION_ID,JOB_ID) values ('739393160201247',172,2,null,null,null);
Insert into ICC_VARIABLE_AUD (ID,REV,REVTYPE,VALUE,DEFINITION_ID,JOB_ID) values ('829610681849956',173,0,'select * from target_table4','3666778708108','567654282094920');
Insert into ICC_VARIABLE_AUD (ID,REV,REVTYPE,VALUE,DEFINITION_ID,JOB_ID) values ('829610681798503',173,0,'236125381981239','3666778295317','567654282094920');
Insert into ICC_VARIABLE_AUD (ID,REV,REVTYPE,VALUE,DEFINITION_ID,JOB_ID) values ('829610682103117',173,0,'ID,NAME,CITY','3666775159915','567654282094920');
Insert into ICC_VARIABLE_AUD (ID,REV,REVTYPE,VALUE,DEFINITION_ID,JOB_ID) values ('739502928388957',173,2,null,null,null);
Insert into ICC_VARIABLE_AUD (ID,REV,REVTYPE,VALUE,DEFINITION_ID,JOB_ID) values ('739502928282016',173,2,null,null,null);
Insert into ICC_VARIABLE_AUD (ID,REV,REVTYPE,VALUE,DEFINITION_ID,JOB_ID) values ('739502928348430',173,2,null,null,null);
Insert into ICC_VARIABLE_AUD (ID,REV,REVTYPE,VALUE,DEFINITION_ID,JOB_ID) values ('829632798911056',174,0,'true','3667027005810','567864388346849');
Insert into ICC_VARIABLE_AUD (ID,REV,REVTYPE,VALUE,DEFINITION_ID,JOB_ID) values ('829632798768348',174,0,'REPORT_4','3667027887685','567864388346849');
Insert into ICC_VARIABLE_AUD (ID,REV,REVTYPE,VALUE,DEFINITION_ID,JOB_ID) values ('829632798855677',174,0,'236125381981239','3667026459115','567864388346849');
Insert into ICC_VARIABLE_AUD (ID,REV,REVTYPE,VALUE,DEFINITION_ID,JOB_ID) values ('829632798818347',174,0,'[DS] CompareOne2One','3667027297965','567864388346849');
Insert into ICC_VARIABLE_AUD (ID,REV,REVTYPE,VALUE,DEFINITION_ID,JOB_ID) values ('739546531908697',174,2,null,null,null);
Insert into ICC_VARIABLE_AUD (ID,REV,REVTYPE,VALUE,DEFINITION_ID,JOB_ID) values ('739546532052966',174,2,null,null,null);
Insert into ICC_VARIABLE_AUD (ID,REV,REVTYPE,VALUE,DEFINITION_ID,JOB_ID) values ('739546531945165',174,2,null,null,null);
Insert into ICC_VARIABLE_AUD (ID,REV,REVTYPE,VALUE,DEFINITION_ID,JOB_ID) values ('739546531862305',174,2,null,null,null);
Insert into ICC_VARIABLE_AUD (ID,REV,REVTYPE,VALUE,DEFINITION_ID,JOB_ID) values ('1274612853554025',209,0,'[DS] AKN_ReadTarget','761232071613575','1274612853394295');
Insert into ICC_VARIABLE_AUD (ID,REV,REVTYPE,VALUE,DEFINITION_ID,JOB_ID) values ('1274612853631576',209,0,null,'761232070695179','1274612853394295');
Insert into ICC_VARIABLE_AUD (ID,REV,REVTYPE,VALUE,DEFINITION_ID,JOB_ID) values ('1274612853595151',209,0,'[DS] AKN_One2One','761232070685325','1274612853394295');
Insert into ICC_VARIABLE_AUD (ID,REV,REVTYPE,VALUE,DEFINITION_ID,JOB_ID) values ('1274612853485142',209,0,'[DS] AKN_ReadSource','761232070668988','1274612853394295');
Insert into ICC_VARIABLE_AUD (ID,REV,REVTYPE,VALUE,DEFINITION_ID,JOB_ID) values ('1274612853666789',209,0,null,'761232071628949','1274612853394295');
Insert into ICC_VARIABLE_AUD (ID,REV,REVTYPE,VALUE,DEFINITION_ID,JOB_ID) values ('1276552623628131',210,0,null,'761232071628949','1274612853394295');
Insert into ICC_VARIABLE_AUD (ID,REV,REVTYPE,VALUE,DEFINITION_ID,JOB_ID) values ('1276552623505653',210,0,'[DS] AKN_ReadTarget','761232071613575','1274612853394295');
Insert into ICC_VARIABLE_AUD (ID,REV,REVTYPE,VALUE,DEFINITION_ID,JOB_ID) values ('1276552623456496',210,0,'[DS] AKN_ReadSource','761232070668988','1274612853394295');
Insert into ICC_VARIABLE_AUD (ID,REV,REVTYPE,VALUE,DEFINITION_ID,JOB_ID) values ('1276552623592459',210,0,null,'761232070695179','1274612853394295');
Insert into ICC_VARIABLE_AUD (ID,REV,REVTYPE,VALUE,DEFINITION_ID,JOB_ID) values ('1276552623556842',210,0,null,'761232070685325','1274612853394295');
Insert into ICC_VARIABLE_AUD (ID,REV,REVTYPE,VALUE,DEFINITION_ID,JOB_ID) values ('1274612853666789',210,2,null,null,null);
Insert into ICC_VARIABLE_AUD (ID,REV,REVTYPE,VALUE,DEFINITION_ID,JOB_ID) values ('1274612853554025',210,2,null,null,null);
Insert into ICC_VARIABLE_AUD (ID,REV,REVTYPE,VALUE,DEFINITION_ID,JOB_ID) values ('1274612853595151',210,2,null,null,null);
Insert into ICC_VARIABLE_AUD (ID,REV,REVTYPE,VALUE,DEFINITION_ID,JOB_ID) values ('1274612853485142',210,2,null,null,null);
Insert into ICC_VARIABLE_AUD (ID,REV,REVTYPE,VALUE,DEFINITION_ID,JOB_ID) values ('1274612853631576',210,2,null,null,null);
Insert into ICC_VARIABLE_AUD (ID,REV,REVTYPE,VALUE,DEFINITION_ID,JOB_ID) values ('496917841120602',127,0,'true','3666958512692','496917840404377');
Insert into ICC_VARIABLE_AUD (ID,REV,REVTYPE,VALUE,DEFINITION_ID,JOB_ID) values ('496917841167632',127,0,'[DS] BurhanTestJob','3666959039353','496917840404377');
Insert into ICC_VARIABLE_AUD (ID,REV,REVTYPE,VALUE,DEFINITION_ID,JOB_ID) values ('496917841033606',127,0,'[DS] AkinTestJob','3666954433543','496917840404377');
Insert into ICC_VARIABLE_AUD (ID,REV,REVTYPE,VALUE,DEFINITION_ID,JOB_ID) values ('572308585080559',156,0,'[DS] MustafaJob','3666954433543','567759613741360');
Insert into ICC_VARIABLE_AUD (ID,REV,REVTYPE,VALUE,DEFINITION_ID,JOB_ID) values ('572308585140627',156,0,'false','3666958512692','567759613741360');
Insert into ICC_VARIABLE_AUD (ID,REV,REVTYPE,VALUE,DEFINITION_ID,JOB_ID) values ('572308585161973',156,0,'[DS] ReadTargetJob','3666959039353','567759613741360');
Insert into ICC_VARIABLE_AUD (ID,REV,REVTYPE,VALUE,DEFINITION_ID,JOB_ID) values ('567759613854262',156,2,null,null,null);
Insert into ICC_VARIABLE_AUD (ID,REV,REVTYPE,VALUE,DEFINITION_ID,JOB_ID) values ('567759613802385',156,2,null,null,null);
Insert into ICC_VARIABLE_AUD (ID,REV,REVTYPE,VALUE,DEFINITION_ID,JOB_ID) values ('567759613837338',156,2,null,null,null);
Insert into ICC_VARIABLE_AUD (ID,REV,REVTYPE,VALUE,DEFINITION_ID,JOB_ID) values ('577727992086641',160,0,'[DS] ReadSourceJob','3666954433543','567759613741360');
Insert into ICC_VARIABLE_AUD (ID,REV,REVTYPE,VALUE,DEFINITION_ID,JOB_ID) values ('577727992133229',160,0,'[DS] ReadTargetJob','3666959039353','567759613741360');
Insert into ICC_VARIABLE_AUD (ID,REV,REVTYPE,VALUE,DEFINITION_ID,JOB_ID) values ('577727992117854',160,0,'false','3666958512692','567759613741360');
Insert into ICC_VARIABLE_AUD (ID,REV,REVTYPE,VALUE,DEFINITION_ID,JOB_ID) values ('572308585080559',160,2,null,null,null);
Insert into ICC_VARIABLE_AUD (ID,REV,REVTYPE,VALUE,DEFINITION_ID,JOB_ID) values ('572308585140627',160,2,null,null,null);
Insert into ICC_VARIABLE_AUD (ID,REV,REVTYPE,VALUE,DEFINITION_ID,JOB_ID) values ('572308585161973',160,2,null,null,null);
Insert into ICC_VARIABLE_AUD (ID,REV,REVTYPE,VALUE,DEFINITION_ID,JOB_ID) values ('585881621020495',161,0,'false','3666958512692','498648434375338');
Insert into ICC_VARIABLE_AUD (ID,REV,REVTYPE,VALUE,DEFINITION_ID,JOB_ID) values ('585881621035571',161,0,'[DS] MustafaJob2','3666959039353','498648434375338');
Insert into ICC_VARIABLE_AUD (ID,REV,REVTYPE,VALUE,DEFINITION_ID,JOB_ID) values ('585881620990727',161,0,'[DS] BurhanTestJob2','3666954433543','498648434375338');
Insert into ICC_VARIABLE_AUD (ID,REV,REVTYPE,VALUE,DEFINITION_ID,JOB_ID) values ('508296521946680',161,2,null,null,null);
Insert into ICC_VARIABLE_AUD (ID,REV,REVTYPE,VALUE,DEFINITION_ID,JOB_ID) values ('508296521999802',161,2,null,null,null);
Insert into ICC_VARIABLE_AUD (ID,REV,REVTYPE,VALUE,DEFINITION_ID,JOB_ID) values ('508296521981052',161,2,null,null,null);
Insert into ICC_VARIABLE_AUD (ID,REV,REVTYPE,VALUE,DEFINITION_ID,JOB_ID) values ('739527273069379',167,0,'[DS] ReadTargetJob','3666959039353','567759613741360');
Insert into ICC_VARIABLE_AUD (ID,REV,REVTYPE,VALUE,DEFINITION_ID,JOB_ID) values ('739527272972281',167,0,'[DS] ReadSourceJob','3666954433543','567759613741360');
Insert into ICC_VARIABLE_AUD (ID,REV,REVTYPE,VALUE,DEFINITION_ID,JOB_ID) values ('739527273030875',167,0,'false','3666958512692','567759613741360');
Insert into ICC_VARIABLE_AUD (ID,REV,REVTYPE,VALUE,DEFINITION_ID,JOB_ID) values ('577727992117854',167,2,null,null,null);
Insert into ICC_VARIABLE_AUD (ID,REV,REVTYPE,VALUE,DEFINITION_ID,JOB_ID) values ('577727992086641',167,2,null,null,null);
Insert into ICC_VARIABLE_AUD (ID,REV,REVTYPE,VALUE,DEFINITION_ID,JOB_ID) values ('577727992133229',167,2,null,null,null);
Insert into ICC_VARIABLE_AUD (ID,REV,REVTYPE,VALUE,DEFINITION_ID,JOB_ID) values ('739546531945165',168,0,'236125381981239','3667026459115','567864388346849');
Insert into ICC_VARIABLE_AUD (ID,REV,REVTYPE,VALUE,DEFINITION_ID,JOB_ID) values ('739546531862305',168,0,'REPORT_3','3667027887685','567864388346849');
Insert into ICC_VARIABLE_AUD (ID,REV,REVTYPE,VALUE,DEFINITION_ID,JOB_ID) values ('739546531908697',168,0,'[DS] CompareOne2One','3667027297965','567864388346849');
Insert into ICC_VARIABLE_AUD (ID,REV,REVTYPE,VALUE,DEFINITION_ID,JOB_ID) values ('739546532052966',168,0,'true','3667027005810','567864388346849');
Insert into ICC_VARIABLE_AUD (ID,REV,REVTYPE,VALUE,DEFINITION_ID,JOB_ID) values ('567958723985394',168,2,null,null,null);
Insert into ICC_VARIABLE_AUD (ID,REV,REVTYPE,VALUE,DEFINITION_ID,JOB_ID) values ('567958723928865',168,2,null,null,null);
Insert into ICC_VARIABLE_AUD (ID,REV,REVTYPE,VALUE,DEFINITION_ID,JOB_ID) values ('567958724013208',168,2,null,null,null);
Insert into ICC_VARIABLE_AUD (ID,REV,REVTYPE,VALUE,DEFINITION_ID,JOB_ID) values ('567958724038272',168,2,null,null,null);
Insert into ICC_VARIABLE_AUD (ID,REV,REVTYPE,VALUE,DEFINITION_ID,JOB_ID) values ('1186358772769954',201,0,'ID,NAME','3666775159915','566773761014480');
Insert into ICC_VARIABLE_AUD (ID,REV,REVTYPE,VALUE,DEFINITION_ID,JOB_ID) values ('1186358772702537',201,0,'select * from source_table2','3666778708108','566773761014480');
Insert into ICC_VARIABLE_AUD (ID,REV,REVTYPE,VALUE,DEFINITION_ID,JOB_ID) values ('1186358772600015',201,0,'236125381981239','3666778295317','566773761014480');
Insert into ICC_VARIABLE_AUD (ID,REV,REVTYPE,VALUE,DEFINITION_ID,JOB_ID) values ('829583409819134',201,2,null,null,null);
Insert into ICC_VARIABLE_AUD (ID,REV,REVTYPE,VALUE,DEFINITION_ID,JOB_ID) values ('829583409679529',201,2,null,null,null);
Insert into ICC_VARIABLE_AUD (ID,REV,REVTYPE,VALUE,DEFINITION_ID,JOB_ID) values ('829583409775483',201,2,null,null,null);
Insert into ICC_VARIABLE_AUD (ID,REV,REVTYPE,VALUE,DEFINITION_ID,JOB_ID) values ('1274376633225180',206,0,'236125381981239','3666778295317','1274376633105630');
Insert into ICC_VARIABLE_AUD (ID,REV,REVTYPE,VALUE,DEFINITION_ID,JOB_ID) values ('1274376633277046',206,0,'SELECT * FROM TARGET_TABLE2','3666778708108','1274376633105630');
Insert into ICC_VARIABLE_AUD (ID,REV,REVTYPE,VALUE,DEFINITION_ID,JOB_ID) values ('1274376633358291',206,0,'ID','3666775159915','1274376633105630');
Insert into ICC_VARIABLE_AUD (ID,REV,REVTYPE,VALUE,DEFINITION_ID,JOB_ID) values ('1274584496910487',208,0,'REPORT_2','3667027887685','1274584496818317');
Insert into ICC_VARIABLE_AUD (ID,REV,REVTYPE,VALUE,DEFINITION_ID,JOB_ID) values ('1274584496971731',208,0,'[DS] AKN_One2One','3667027297965','1274584496818317');
Insert into ICC_VARIABLE_AUD (ID,REV,REVTYPE,VALUE,DEFINITION_ID,JOB_ID) values ('1274584501406576',208,0,'true','3667027005810','1274584496818317');
Insert into ICC_VARIABLE_AUD (ID,REV,REVTYPE,VALUE,DEFINITION_ID,JOB_ID) values ('1274584498393751',208,0,'236125381981239','3667026459115','1274584496818317');
Insert into ICC_VARIABLE_AUD (ID,REV,REVTYPE,VALUE,DEFINITION_ID,JOB_ID) values ('2004239196578338',212,0,'Select * from SOURCE_TABLE','3666778708108','2004239196276238');
Insert into ICC_VARIABLE_AUD (ID,REV,REVTYPE,VALUE,DEFINITION_ID,JOB_ID) values ('2004239196466581',212,0,'236125381981239','3666778295317','2004239196276238');
Insert into ICC_VARIABLE_AUD (ID,REV,REVTYPE,VALUE,DEFINITION_ID,JOB_ID) values ('2004239196629488',212,0,'ID','3666775159915','2004239196276238');
Insert into ICC_VARIABLE_AUD (ID,REV,REVTYPE,VALUE,DEFINITION_ID,JOB_ID) values ('4393505685872777',223,0,null,'3666778708108','4393505682071556');
Insert into ICC_VARIABLE_AUD (ID,REV,REVTYPE,VALUE,DEFINITION_ID,JOB_ID) values ('4393505682170925',223,0,null,'3666778295317','4393505682071556');
Insert into ICC_VARIABLE_AUD (ID,REV,REVTYPE,VALUE,DEFINITION_ID,JOB_ID) values ('4393505688439820',223,0,null,'3666775159915','4393505682071556');
Insert into ICC_VARIABLE_AUD (ID,REV,REVTYPE,VALUE,DEFINITION_ID,JOB_ID) values ('496237669199624',125,0,'[DS] Load TEST1 Data','3666959039353','496237668077457');
Insert into ICC_VARIABLE_AUD (ID,REV,REVTYPE,VALUE,DEFINITION_ID,JOB_ID) values ('496237668756665',125,0,'[DS] Load TEST1 Data','3666954433543','496237668077457');
Insert into ICC_VARIABLE_AUD (ID,REV,REVTYPE,VALUE,DEFINITION_ID,JOB_ID) values ('496237669120582',125,0,'false','3666958512692','496237668077457');
Insert into ICC_VARIABLE_AUD (ID,REV,REVTYPE,VALUE,DEFINITION_ID,JOB_ID) values ('496526144118860',126,0,'[DS] Load TEST1 Data','3666959039353','496526143859139');
Insert into ICC_VARIABLE_AUD (ID,REV,REVTYPE,VALUE,DEFINITION_ID,JOB_ID) values ('496526144055267',126,0,'false','3666958512692','496526143859139');
Insert into ICC_VARIABLE_AUD (ID,REV,REVTYPE,VALUE,DEFINITION_ID,JOB_ID) values ('496526143977798',126,0,'[DS] Load TEST1 Data','3666954433543','496526143859139');
Insert into ICC_VARIABLE_AUD (ID,REV,REVTYPE,VALUE,DEFINITION_ID,JOB_ID) values ('497303529694229',128,0,'[DS] BurhanTestJob2','3666959039353','497303529502052');
Insert into ICC_VARIABLE_AUD (ID,REV,REVTYPE,VALUE,DEFINITION_ID,JOB_ID) values ('497303529606026',128,0,'[DS] BurhanTestJob2','3666954433543','497303529502052');
Insert into ICC_VARIABLE_AUD (ID,REV,REVTYPE,VALUE,DEFINITION_ID,JOB_ID) values ('497303529655942',128,0,'true','3666958512692','497303529502052');
Insert into ICC_VARIABLE_AUD (ID,REV,REVTYPE,VALUE,DEFINITION_ID,JOB_ID) values ('498578187577682',131,0,'select * from dual','3666778708108','498578187403761');
Insert into ICC_VARIABLE_AUD (ID,REV,REVTYPE,VALUE,DEFINITION_ID,JOB_ID) values ('498578187526996',131,0,'236125381981239','3666778295317','498578187403761');
Insert into ICC_VARIABLE_AUD (ID,REV,REVTYPE,VALUE,DEFINITION_ID,JOB_ID) values ('498578187611977',131,0,null,'3666775159915','498578187403761');
Insert into ICC_VARIABLE_AUD (ID,REV,REVTYPE,VALUE,DEFINITION_ID,JOB_ID) values ('505358459979280',136,0,'true','3666958512692','498648434375338');
Insert into ICC_VARIABLE_AUD (ID,REV,REVTYPE,VALUE,DEFINITION_ID,JOB_ID) values ('505358460006509',136,0,'[DS] BurhanTestJob2','3666959039353','498648434375338');
Insert into ICC_VARIABLE_AUD (ID,REV,REVTYPE,VALUE,DEFINITION_ID,JOB_ID) values ('505358459931934',136,0,'[DS] BurhanTestJob','3666954433543','498648434375338');
Insert into ICC_VARIABLE_AUD (ID,REV,REVTYPE,VALUE,DEFINITION_ID,JOB_ID) values ('498648434609508',136,2,null,null,null);
Insert into ICC_VARIABLE_AUD (ID,REV,REVTYPE,VALUE,DEFINITION_ID,JOB_ID) values ('498648434578636',136,2,null,null,null);
Insert into ICC_VARIABLE_AUD (ID,REV,REVTYPE,VALUE,DEFINITION_ID,JOB_ID) values ('498648434525746',136,2,null,null,null);
Insert into ICC_VARIABLE_AUD (ID,REV,REVTYPE,VALUE,DEFINITION_ID,JOB_ID) values ('505499547395543',139,0,'true','3666958512692','498648434375338');
Insert into ICC_VARIABLE_AUD (ID,REV,REVTYPE,VALUE,DEFINITION_ID,JOB_ID) values ('505499547355662',139,0,'[DS] BurhanTestJob2','3666954433543','498648434375338');
Insert into ICC_VARIABLE_AUD (ID,REV,REVTYPE,VALUE,DEFINITION_ID,JOB_ID) values ('505499547420639',139,0,'[DS] BurhanTestJob2','3666959039353','498648434375338');
Insert into ICC_VARIABLE_AUD (ID,REV,REVTYPE,VALUE,DEFINITION_ID,JOB_ID) values ('505440362712452',139,2,null,null,null);
Insert into ICC_VARIABLE_AUD (ID,REV,REVTYPE,VALUE,DEFINITION_ID,JOB_ID) values ('505440362681115',139,2,null,null,null);
Insert into ICC_VARIABLE_AUD (ID,REV,REVTYPE,VALUE,DEFINITION_ID,JOB_ID) values ('505440362642410',139,2,null,null,null);
Insert into ICC_VARIABLE_AUD (ID,REV,REVTYPE,VALUE,DEFINITION_ID,JOB_ID) values ('505553080234014',140,0,'[DS] MustafaJob2','3666959039353','498648434375338');
Insert into ICC_VARIABLE_AUD (ID,REV,REVTYPE,VALUE,DEFINITION_ID,JOB_ID) values ('505553080120166',140,0,'[DS] BurhanTestJob2','3666954433543','498648434375338');
Insert into ICC_VARIABLE_AUD (ID,REV,REVTYPE,VALUE,DEFINITION_ID,JOB_ID) values ('505553080203163',140,0,'true','3666958512692','498648434375338');
Insert into ICC_VARIABLE_AUD (ID,REV,REVTYPE,VALUE,DEFINITION_ID,JOB_ID) values ('505499547420639',140,2,null,null,null);
Insert into ICC_VARIABLE_AUD (ID,REV,REVTYPE,VALUE,DEFINITION_ID,JOB_ID) values ('505499547395543',140,2,null,null,null);
Insert into ICC_VARIABLE_AUD (ID,REV,REVTYPE,VALUE,DEFINITION_ID,JOB_ID) values ('505499547355662',140,2,null,null,null);
Insert into ICC_VARIABLE_AUD (ID,REV,REVTYPE,VALUE,DEFINITION_ID,JOB_ID) values ('505633076641421',141,0,'true','3666958512692','498648434375338');
Insert into ICC_VARIABLE_AUD (ID,REV,REVTYPE,VALUE,DEFINITION_ID,JOB_ID) values ('505633076665813',141,0,'[DS] MustafaJob2','3666959039353','498648434375338');
Insert into ICC_VARIABLE_AUD (ID,REV,REVTYPE,VALUE,DEFINITION_ID,JOB_ID) values ('505633076600444',141,0,'[DS] BurhanTestJob2','3666954433543','498648434375338');
Insert into ICC_VARIABLE_AUD (ID,REV,REVTYPE,VALUE,DEFINITION_ID,JOB_ID) values ('505553080120166',141,2,null,null,null);
Insert into ICC_VARIABLE_AUD (ID,REV,REVTYPE,VALUE,DEFINITION_ID,JOB_ID) values ('505553080234014',141,2,null,null,null);
Insert into ICC_VARIABLE_AUD (ID,REV,REVTYPE,VALUE,DEFINITION_ID,JOB_ID) values ('505553080203163',141,2,null,null,null);
Insert into ICC_VARIABLE_AUD (ID,REV,REVTYPE,VALUE,DEFINITION_ID,JOB_ID) values ('505642521958243',142,0,'true','3666958512692','498648434375338');
Insert into ICC_VARIABLE_AUD (ID,REV,REVTYPE,VALUE,DEFINITION_ID,JOB_ID) values ('505642521915857',142,0,'[DS] BurhanTestJob2','3666954433543','498648434375338');
Insert into ICC_VARIABLE_AUD (ID,REV,REVTYPE,VALUE,DEFINITION_ID,JOB_ID) values ('505642521981714',142,0,'[DS] MustafaJob2','3666959039353','498648434375338');
Insert into ICC_VARIABLE_AUD (ID,REV,REVTYPE,VALUE,DEFINITION_ID,JOB_ID) values ('505633076665813',142,2,null,null,null);
Insert into ICC_VARIABLE_AUD (ID,REV,REVTYPE,VALUE,DEFINITION_ID,JOB_ID) values ('505633076641421',142,2,null,null,null);
Insert into ICC_VARIABLE_AUD (ID,REV,REVTYPE,VALUE,DEFINITION_ID,JOB_ID) values ('505633076600444',142,2,null,null,null);
Insert into ICC_VARIABLE_AUD (ID,REV,REVTYPE,VALUE,DEFINITION_ID,JOB_ID) values ('506996701638649',143,0,'236125381981239','3666778295317','506996701572044');
Insert into ICC_VARIABLE_AUD (ID,REV,REVTYPE,VALUE,DEFINITION_ID,JOB_ID) values ('506996701727528',143,0,'Select * from Source_Table','3666778708108','506996701572044');
Insert into ICC_VARIABLE_AUD (ID,REV,REVTYPE,VALUE,DEFINITION_ID,JOB_ID) values ('506996701755131',143,0,'ID,NAME','3666775159915','506996701572044');
Insert into ICC_VARIABLE_AUD (ID,REV,REVTYPE,VALUE,DEFINITION_ID,JOB_ID) values ('508296521946680',144,0,'[DS] BurhanTestJob2','3666954433543','498648434375338');
Insert into ICC_VARIABLE_AUD (ID,REV,REVTYPE,VALUE,DEFINITION_ID,JOB_ID) values ('508296521999802',144,0,'[DS] MustafaJob2','3666959039353','498648434375338');
Insert into ICC_VARIABLE_AUD (ID,REV,REVTYPE,VALUE,DEFINITION_ID,JOB_ID) values ('508296521981052',144,0,'false','3666958512692','498648434375338');
Insert into ICC_VARIABLE_AUD (ID,REV,REVTYPE,VALUE,DEFINITION_ID,JOB_ID) values ('505642521958243',144,2,null,null,null);
Insert into ICC_VARIABLE_AUD (ID,REV,REVTYPE,VALUE,DEFINITION_ID,JOB_ID) values ('505642521981714',144,2,null,null,null);
Insert into ICC_VARIABLE_AUD (ID,REV,REVTYPE,VALUE,DEFINITION_ID,JOB_ID) values ('505642521915857',144,2,null,null,null);
Insert into ICC_VARIABLE_AUD (ID,REV,REVTYPE,VALUE,DEFINITION_ID,JOB_ID) values ('831654411426812',175,0,'REPORT_5','3667027887685','567864388346849');
Insert into ICC_VARIABLE_AUD (ID,REV,REVTYPE,VALUE,DEFINITION_ID,JOB_ID) values ('831654411644507',175,0,'true','3667027005810','567864388346849');
Insert into ICC_VARIABLE_AUD (ID,REV,REVTYPE,VALUE,DEFINITION_ID,JOB_ID) values ('831654411507147',175,0,'[DS] CompareOne2One','3667027297965','567864388346849');
Insert into ICC_VARIABLE_AUD (ID,REV,REVTYPE,VALUE,DEFINITION_ID,JOB_ID) values ('831654411571535',175,0,'236125381981239','3667026459115','567864388346849');
Insert into ICC_VARIABLE_AUD (ID,REV,REVTYPE,VALUE,DEFINITION_ID,JOB_ID) values ('829632798768348',175,2,null,null,null);
Insert into ICC_VARIABLE_AUD (ID,REV,REVTYPE,VALUE,DEFINITION_ID,JOB_ID) values ('829632798855677',175,2,null,null,null);
Insert into ICC_VARIABLE_AUD (ID,REV,REVTYPE,VALUE,DEFINITION_ID,JOB_ID) values ('829632798911056',175,2,null,null,null);
Insert into ICC_VARIABLE_AUD (ID,REV,REVTYPE,VALUE,DEFINITION_ID,JOB_ID) values ('829632798818347',175,2,null,null,null);
Insert into ICC_VARIABLE_AUD (ID,REV,REVTYPE,VALUE,DEFINITION_ID,JOB_ID) values ('1170938923943404',181,0,'REPORT_6','3667027887685','567864388346849');
Insert into ICC_VARIABLE_AUD (ID,REV,REVTYPE,VALUE,DEFINITION_ID,JOB_ID) values ('1170938924610660',181,0,'true','3667027005810','567864388346849');
Insert into ICC_VARIABLE_AUD (ID,REV,REVTYPE,VALUE,DEFINITION_ID,JOB_ID) values ('1170938924097115',181,0,'236125381981239','3667026459115','567864388346849');
Insert into ICC_VARIABLE_AUD (ID,REV,REVTYPE,VALUE,DEFINITION_ID,JOB_ID) values ('1170938924051931',181,0,'[DS] CompareOne2One','3667027297965','567864388346849');
Insert into ICC_VARIABLE_AUD (ID,REV,REVTYPE,VALUE,DEFINITION_ID,JOB_ID) values ('831654411571535',181,2,null,null,null);
Insert into ICC_VARIABLE_AUD (ID,REV,REVTYPE,VALUE,DEFINITION_ID,JOB_ID) values ('831654411426812',181,2,null,null,null);
Insert into ICC_VARIABLE_AUD (ID,REV,REVTYPE,VALUE,DEFINITION_ID,JOB_ID) values ('831654411644507',181,2,null,null,null);
Insert into ICC_VARIABLE_AUD (ID,REV,REVTYPE,VALUE,DEFINITION_ID,JOB_ID) values ('831654411507147',181,2,null,null,null);
Insert into ICC_VARIABLE_AUD (ID,REV,REVTYPE,VALUE,DEFINITION_ID,JOB_ID) values ('1444038977534298',211,0,'[DS] AKN_One2One','761232070685325','1274612853394295');
Insert into ICC_VARIABLE_AUD (ID,REV,REVTYPE,VALUE,DEFINITION_ID,JOB_ID) values ('1444038977612493',211,0,null,'761232071628949','1274612853394295');
Insert into ICC_VARIABLE_AUD (ID,REV,REVTYPE,VALUE,DEFINITION_ID,JOB_ID) values ('1444038977432746',211,0,'[DS] AKN_ReadSource','761232070668988','1274612853394295');
Insert into ICC_VARIABLE_AUD (ID,REV,REVTYPE,VALUE,DEFINITION_ID,JOB_ID) values ('1444038977494160',211,0,'[DS] AKN_ReadTarget','761232071613575','1274612853394295');
Insert into ICC_VARIABLE_AUD (ID,REV,REVTYPE,VALUE,DEFINITION_ID,JOB_ID) values ('1444038977570573',211,0,null,'761232070695179','1274612853394295');
Insert into ICC_VARIABLE_AUD (ID,REV,REVTYPE,VALUE,DEFINITION_ID,JOB_ID) values ('1276552623556842',211,2,null,null,null);
Insert into ICC_VARIABLE_AUD (ID,REV,REVTYPE,VALUE,DEFINITION_ID,JOB_ID) values ('1276552623505653',211,2,null,null,null);
Insert into ICC_VARIABLE_AUD (ID,REV,REVTYPE,VALUE,DEFINITION_ID,JOB_ID) values ('1276552623592459',211,2,null,null,null);
Insert into ICC_VARIABLE_AUD (ID,REV,REVTYPE,VALUE,DEFINITION_ID,JOB_ID) values ('1276552623628131',211,2,null,null,null);
Insert into ICC_VARIABLE_AUD (ID,REV,REVTYPE,VALUE,DEFINITION_ID,JOB_ID) values ('1276552623456496',211,2,null,null,null);
Insert into ICC_VARIABLE_AUD (ID,REV,REVTYPE,VALUE,DEFINITION_ID,JOB_ID) values ('4369538710994107',221,0,null,'3666775159915','4369538710743545');
Insert into ICC_VARIABLE_AUD (ID,REV,REVTYPE,VALUE,DEFINITION_ID,JOB_ID) values ('4369538710865494',221,0,'236125381981239','3666778295317','4369538710743545');
Insert into ICC_VARIABLE_AUD (ID,REV,REVTYPE,VALUE,DEFINITION_ID,JOB_ID) values ('4369538710950568',221,0,'SELECT ID,NAME,SURNAME FROM EMPLOYEE WHERE SURNAME = ''@@SNAME@@''','3666778708108','4369538710743545');
Insert into ICC_VARIABLE_AUD (ID,REV,REVTYPE,VALUE,DEFINITION_ID,JOB_ID) values ('4393367619148502',222,0,'236125381981239','3666778295317','1274376633105630');
Insert into ICC_VARIABLE_AUD (ID,REV,REVTYPE,VALUE,DEFINITION_ID,JOB_ID) values ('4393367619233545',222,0,'ID','3666775159915','1274376633105630');
Insert into ICC_VARIABLE_AUD (ID,REV,REVTYPE,VALUE,DEFINITION_ID,JOB_ID) values ('4393367619197106',222,0,'SELECT * FROM TARGET_TABLE2','3666778708108','1274376633105630');
Insert into ICC_VARIABLE_AUD (ID,REV,REVTYPE,VALUE,DEFINITION_ID,JOB_ID) values ('1274376633225180',222,2,null,null,null);
Insert into ICC_VARIABLE_AUD (ID,REV,REVTYPE,VALUE,DEFINITION_ID,JOB_ID) values ('1274376633277046',222,2,null,null,null);
Insert into ICC_VARIABLE_AUD (ID,REV,REVTYPE,VALUE,DEFINITION_ID,JOB_ID) values ('1274376633358291',222,2,null,null,null);
Insert into ICC_VARIABLE_AUD (ID,REV,REVTYPE,VALUE,DEFINITION_ID,JOB_ID) values ('1274584501406576',308,2,null,null,null);
Insert into ICC_VARIABLE_AUD (ID,REV,REVTYPE,VALUE,DEFINITION_ID,JOB_ID) values ('1274584496971731',308,2,null,null,null);
Insert into ICC_VARIABLE_AUD (ID,REV,REVTYPE,VALUE,DEFINITION_ID,JOB_ID) values ('1274584496910487',308,2,null,null,null);
Insert into ICC_VARIABLE_AUD (ID,REV,REVTYPE,VALUE,DEFINITION_ID,JOB_ID) values ('1274584498393751',308,2,null,null,null);
Insert into ICC_VARIABLE_AUD (ID,REV,REVTYPE,VALUE,DEFINITION_ID,JOB_ID) values ('4393505688439820',308,2,null,null,null);
Insert into ICC_VARIABLE_AUD (ID,REV,REVTYPE,VALUE,DEFINITION_ID,JOB_ID) values ('4393505685872777',308,2,null,null,null);
Insert into ICC_VARIABLE_AUD (ID,REV,REVTYPE,VALUE,DEFINITION_ID,JOB_ID) values ('4393505682170925',308,2,null,null,null);
Insert into ICC_VARIABLE_AUD (ID,REV,REVTYPE,VALUE,DEFINITION_ID,JOB_ID) values ('1274347630834641',308,2,null,null,null);
Insert into ICC_VARIABLE_AUD (ID,REV,REVTYPE,VALUE,DEFINITION_ID,JOB_ID) values ('1274347630874429',308,2,null,null,null);
Insert into ICC_VARIABLE_AUD (ID,REV,REVTYPE,VALUE,DEFINITION_ID,JOB_ID) values ('1274347630774056',308,2,null,null,null);
Insert into ICC_VARIABLE_AUD (ID,REV,REVTYPE,VALUE,DEFINITION_ID,JOB_ID) values ('4393367619233545',308,2,null,null,null);
Insert into ICC_VARIABLE_AUD (ID,REV,REVTYPE,VALUE,DEFINITION_ID,JOB_ID) values ('4393367619148502',308,2,null,null,null);
Insert into ICC_VARIABLE_AUD (ID,REV,REVTYPE,VALUE,DEFINITION_ID,JOB_ID) values ('4393367619197106',308,2,null,null,null);
Insert into ICC_VARIABLE_AUD (ID,REV,REVTYPE,VALUE,DEFINITION_ID,JOB_ID) values ('1274515116190921',308,2,null,null,null);
Insert into ICC_VARIABLE_AUD (ID,REV,REVTYPE,VALUE,DEFINITION_ID,JOB_ID) values ('1274515116241525',308,2,null,null,null);
Insert into ICC_VARIABLE_AUD (ID,REV,REVTYPE,VALUE,DEFINITION_ID,JOB_ID) values ('1274515116306872',308,2,null,null,null);
Insert into ICC_VARIABLE_AUD (ID,REV,REVTYPE,VALUE,DEFINITION_ID,JOB_ID) values ('1444038977432746',308,2,null,null,null);
Insert into ICC_VARIABLE_AUD (ID,REV,REVTYPE,VALUE,DEFINITION_ID,JOB_ID) values ('1444038977534298',308,2,null,null,null);
Insert into ICC_VARIABLE_AUD (ID,REV,REVTYPE,VALUE,DEFINITION_ID,JOB_ID) values ('1444038977612493',308,2,null,null,null);
Insert into ICC_VARIABLE_AUD (ID,REV,REVTYPE,VALUE,DEFINITION_ID,JOB_ID) values ('1444038977494160',308,2,null,null,null);
Insert into ICC_VARIABLE_AUD (ID,REV,REVTYPE,VALUE,DEFINITION_ID,JOB_ID) values ('1444038977570573',308,2,null,null,null);
Insert into ICC_VARIABLE_AUD (ID,REV,REVTYPE,VALUE,DEFINITION_ID,JOB_ID) values ('3668168808605',89,0,'SELECT * FROM TABLE2','3666778708108','3668123386172');
Insert into ICC_VARIABLE_AUD (ID,REV,REVTYPE,VALUE,DEFINITION_ID,JOB_ID) values ('3668188146506',89,0,'ID','3666775159915','3668123386172');
Insert into ICC_VARIABLE_AUD (ID,REV,REVTYPE,VALUE,DEFINITION_ID,JOB_ID) values ('3668198005596',89,0,'3666550292243','3666778295317','3668123386172');
Insert into ICC_VARIABLE_AUD (ID,REV,REVTYPE,VALUE,DEFINITION_ID,JOB_ID) values ('3668611730382',90,0,'ID','3666775159915','3668601689321');
Insert into ICC_VARIABLE_AUD (ID,REV,REVTYPE,VALUE,DEFINITION_ID,JOB_ID) values ('3668613772715',90,0,'3666586787248','3666778295317','3668601689321');
Insert into ICC_VARIABLE_AUD (ID,REV,REVTYPE,VALUE,DEFINITION_ID,JOB_ID) values ('3668616196378',90,0,'SELECT * FROM TABLE2','3666778708108','3668601689321');
Insert into ICC_VARIABLE_AUD (ID,REV,REVTYPE,VALUE,DEFINITION_ID,JOB_ID) values ('3668847014435',91,0,'false','3666958512692','3668835459593');
Insert into ICC_VARIABLE_AUD (ID,REV,REVTYPE,VALUE,DEFINITION_ID,JOB_ID) values ('3668849572132',91,0,'[DS] Load TEST2 Data','3666959039353','3668835459593');
Insert into ICC_VARIABLE_AUD (ID,REV,REVTYPE,VALUE,DEFINITION_ID,JOB_ID) values ('3668851643161',91,0,'[DS] Load TEST1 Data','3666954433543','3668835459593');
Insert into ICC_VARIABLE_AUD (ID,REV,REVTYPE,VALUE,DEFINITION_ID,JOB_ID) values ('3669079103817',92,0,'3666411056247','3667026459115','3669035609201');
Insert into ICC_VARIABLE_AUD (ID,REV,REVTYPE,VALUE,DEFINITION_ID,JOB_ID) values ('3669080892421',92,0,'true','3667027005810','3669035609201');
Insert into ICC_VARIABLE_AUD (ID,REV,REVTYPE,VALUE,DEFINITION_ID,JOB_ID) values ('3669084194110',92,0,'[DS] Compare TEST1 and TEST2','3667027297965','3669035609201');
Insert into ICC_VARIABLE_AUD (ID,REV,REVTYPE,VALUE,DEFINITION_ID,JOB_ID) values ('3669085837806',92,0,'REPORT','3667027887685','3669035609201');
Insert into ICC_VARIABLE_AUD (ID,REV,REVTYPE,VALUE,DEFINITION_ID,JOB_ID) values ('739393161354956',164,0,'ID,NAME','3666775159915','566773761014480');
Insert into ICC_VARIABLE_AUD (ID,REV,REVTYPE,VALUE,DEFINITION_ID,JOB_ID) values ('739393160201247',164,0,'236125381981239','3666778295317','566773761014480');
Insert into ICC_VARIABLE_AUD (ID,REV,REVTYPE,VALUE,DEFINITION_ID,JOB_ID) values ('739393161282724',164,0,'select * from source_table3','3666778708108','566773761014480');
Insert into ICC_VARIABLE_AUD (ID,REV,REVTYPE,VALUE,DEFINITION_ID,JOB_ID) values ('573093166685488',164,2,null,null,null);
Insert into ICC_VARIABLE_AUD (ID,REV,REVTYPE,VALUE,DEFINITION_ID,JOB_ID) values ('573093166733705',164,2,null,null,null);
Insert into ICC_VARIABLE_AUD (ID,REV,REVTYPE,VALUE,DEFINITION_ID,JOB_ID) values ('573093166717991',164,2,null,null,null);
Insert into ICC_VARIABLE_AUD (ID,REV,REVTYPE,VALUE,DEFINITION_ID,JOB_ID) values ('739467949481224',165,0,'236125381981239','3666778295317','567654282094920');
Insert into ICC_VARIABLE_AUD (ID,REV,REVTYPE,VALUE,DEFINITION_ID,JOB_ID) values ('739467949576083',165,0,'select * from target_table3','3666778708108','567654282094920');
Insert into ICC_VARIABLE_AUD (ID,REV,REVTYPE,VALUE,DEFINITION_ID,JOB_ID) values ('739467949657096',165,0,'ID,NAME','3666775159915','567654282094920');
Insert into ICC_VARIABLE_AUD (ID,REV,REVTYPE,VALUE,DEFINITION_ID,JOB_ID) values ('567681707146314',165,2,null,null,null);
Insert into ICC_VARIABLE_AUD (ID,REV,REVTYPE,VALUE,DEFINITION_ID,JOB_ID) values ('567681707129261',165,2,null,null,null);
Insert into ICC_VARIABLE_AUD (ID,REV,REVTYPE,VALUE,DEFINITION_ID,JOB_ID) values ('567681707078696',165,2,null,null,null);
Insert into ICC_VARIABLE_AUD (ID,REV,REVTYPE,VALUE,DEFINITION_ID,JOB_ID) values ('739502928388957',166,0,'ID,NAME','3666775159915','567654282094920');
Insert into ICC_VARIABLE_AUD (ID,REV,REVTYPE,VALUE,DEFINITION_ID,JOB_ID) values ('739502928348430',166,0,'select * from target_table3','3666778708108','567654282094920');
Insert into ICC_VARIABLE_AUD (ID,REV,REVTYPE,VALUE,DEFINITION_ID,JOB_ID) values ('739502928282016',166,0,'236125381981239','3666778295317','567654282094920');
Insert into ICC_VARIABLE_AUD (ID,REV,REVTYPE,VALUE,DEFINITION_ID,JOB_ID) values ('739467949657096',166,2,null,null,null);
Insert into ICC_VARIABLE_AUD (ID,REV,REVTYPE,VALUE,DEFINITION_ID,JOB_ID) values ('739467949576083',166,2,null,null,null);
Insert into ICC_VARIABLE_AUD (ID,REV,REVTYPE,VALUE,DEFINITION_ID,JOB_ID) values ('739467949481224',166,2,null,null,null);
Insert into ICC_VARIABLE_AUD (ID,REV,REVTYPE,VALUE,DEFINITION_ID,JOB_ID) values ('1186375155164448',202,0,'236125381981239','3666778295317','567654282094920');
Insert into ICC_VARIABLE_AUD (ID,REV,REVTYPE,VALUE,DEFINITION_ID,JOB_ID) values ('1186375155220435',202,0,'select * from target_table2','3666778708108','567654282094920');
Insert into ICC_VARIABLE_AUD (ID,REV,REVTYPE,VALUE,DEFINITION_ID,JOB_ID) values ('1186375155258768',202,0,'ID,NAME','3666775159915','567654282094920');
Insert into ICC_VARIABLE_AUD (ID,REV,REVTYPE,VALUE,DEFINITION_ID,JOB_ID) values ('829610681849956',202,2,null,null,null);
Insert into ICC_VARIABLE_AUD (ID,REV,REVTYPE,VALUE,DEFINITION_ID,JOB_ID) values ('829610682103117',202,2,null,null,null);
Insert into ICC_VARIABLE_AUD (ID,REV,REVTYPE,VALUE,DEFINITION_ID,JOB_ID) values ('829610681798503',202,2,null,null,null);
Insert into ICC_VARIABLE_AUD (ID,REV,REVTYPE,VALUE,DEFINITION_ID,JOB_ID) values ('1186388193818208',203,0,'236125381981239','3667026459115','567864388346849');
Insert into ICC_VARIABLE_AUD (ID,REV,REVTYPE,VALUE,DEFINITION_ID,JOB_ID) values ('1186388193896722',203,0,'true','3667027005810','567864388346849');
Insert into ICC_VARIABLE_AUD (ID,REV,REVTYPE,VALUE,DEFINITION_ID,JOB_ID) values ('1186388193625070',203,0,'REPORT_7','3667027887685','567864388346849');
Insert into ICC_VARIABLE_AUD (ID,REV,REVTYPE,VALUE,DEFINITION_ID,JOB_ID) values ('1186388193727079',203,0,'[DS] CompareOne2One','3667027297965','567864388346849');
Insert into ICC_VARIABLE_AUD (ID,REV,REVTYPE,VALUE,DEFINITION_ID,JOB_ID) values ('1170938924051931',203,2,null,null,null);
Insert into ICC_VARIABLE_AUD (ID,REV,REVTYPE,VALUE,DEFINITION_ID,JOB_ID) values ('1170938923943404',203,2,null,null,null);
Insert into ICC_VARIABLE_AUD (ID,REV,REVTYPE,VALUE,DEFINITION_ID,JOB_ID) values ('1170938924097115',203,2,null,null,null);
Insert into ICC_VARIABLE_AUD (ID,REV,REVTYPE,VALUE,DEFINITION_ID,JOB_ID) values ('1170938924610660',203,2,null,null,null);
Insert into ICC_VARIABLE_AUD (ID,REV,REVTYPE,VALUE,DEFINITION_ID,JOB_ID) values ('498435581650132',129,0,null,'3666775159915','498435580873058');
Insert into ICC_VARIABLE_AUD (ID,REV,REVTYPE,VALUE,DEFINITION_ID,JOB_ID) values ('498435581540417',129,0,'236125381981239','3666778295317','498435580873058');
Insert into ICC_VARIABLE_AUD (ID,REV,REVTYPE,VALUE,DEFINITION_ID,JOB_ID) values ('498435581609472',129,0,'select * from dual','3666778708108','498435580873058');
Insert into ICC_VARIABLE_AUD (ID,REV,REVTYPE,VALUE,DEFINITION_ID,JOB_ID) values ('498648434609508',132,0,'[DS] AkinTestJob','3666959039353','498648434375338');
Insert into ICC_VARIABLE_AUD (ID,REV,REVTYPE,VALUE,DEFINITION_ID,JOB_ID) values ('498648434578636',132,0,'true','3666958512692','498648434375338');
Insert into ICC_VARIABLE_AUD (ID,REV,REVTYPE,VALUE,DEFINITION_ID,JOB_ID) values ('498648434525746',132,0,'[DS] MustafaJob2','3666954433543','498648434375338');
Insert into ICC_VARIABLE_AUD (ID,REV,REVTYPE,VALUE,DEFINITION_ID,JOB_ID) values ('496526144118860',133,1,'[DS] Load TEST1 Data','3666954433543','496526143859139');
Insert into ICC_VARIABLE_AUD (ID,REV,REVTYPE,VALUE,DEFINITION_ID,JOB_ID) values ('496526144055267',133,1,'true','3666958512692','496526143859139');
Insert into ICC_VARIABLE_AUD (ID,REV,REVTYPE,VALUE,DEFINITION_ID,JOB_ID) values ('496526143977798',133,1,'[DS] Load TEST1 Data','3666959039353','496526143859139');
Insert into ICC_VARIABLE_AUD (ID,REV,REVTYPE,VALUE,DEFINITION_ID,JOB_ID) values ('504065240888419',134,0,'[DS] BurhanTestJob','3666954433543','504065240797092');
Insert into ICC_VARIABLE_AUD (ID,REV,REVTYPE,VALUE,DEFINITION_ID,JOB_ID) values ('504065240959265',134,0,'true','3666958512692','504065240797092');
Insert into ICC_VARIABLE_AUD (ID,REV,REVTYPE,VALUE,DEFINITION_ID,JOB_ID) values ('504065243093784',134,0,'[DS] MustafaJob2','3666959039353','504065240797092');
Insert into ICC_VARIABLE_AUD (ID,REV,REVTYPE,VALUE,DEFINITION_ID,JOB_ID) values ('567681707146314',149,0,'ID','3666775159915','567654282094920');
Insert into ICC_VARIABLE_AUD (ID,REV,REVTYPE,VALUE,DEFINITION_ID,JOB_ID) values ('567681707078696',149,0,'236125381981239','3666778295317','567654282094920');
Insert into ICC_VARIABLE_AUD (ID,REV,REVTYPE,VALUE,DEFINITION_ID,JOB_ID) values ('567681707129261',149,0,'select * from target_table2','3666778708108','567654282094920');
Insert into ICC_VARIABLE_AUD (ID,REV,REVTYPE,VALUE,DEFINITION_ID,JOB_ID) values ('567654282848051',149,2,null,null,null);
Insert into ICC_VARIABLE_AUD (ID,REV,REVTYPE,VALUE,DEFINITION_ID,JOB_ID) values ('567654282189101',149,2,null,null,null);
Insert into ICC_VARIABLE_AUD (ID,REV,REVTYPE,VALUE,DEFINITION_ID,JOB_ID) values ('567654282894052',149,2,null,null,null);
Insert into ICC_VARIABLE_AUD (ID,REV,REVTYPE,VALUE,DEFINITION_ID,JOB_ID) values ('567759613854262',150,0,'[DS] ReadTargetJob','3666959039353','567759613741360');
Insert into ICC_VARIABLE_AUD (ID,REV,REVTYPE,VALUE,DEFINITION_ID,JOB_ID) values ('567759613837338',150,0,'false','3666958512692','567759613741360');
Insert into ICC_VARIABLE_AUD (ID,REV,REVTYPE,VALUE,DEFINITION_ID,JOB_ID) values ('567759613802385',150,0,'[DS] MustafaJob','3666954433543','567759613741360');
Insert into ICC_VARIABLE_AUD (ID,REV,REVTYPE,VALUE,DEFINITION_ID,JOB_ID) values ('570193146189350',154,0,'ID','3666775159915','566773761014480');
Insert into ICC_VARIABLE_AUD (ID,REV,REVTYPE,VALUE,DEFINITION_ID,JOB_ID) values ('570193146124309',154,0,'236125381981239','3666778295317','566773761014480');
Insert into ICC_VARIABLE_AUD (ID,REV,REVTYPE,VALUE,DEFINITION_ID,JOB_ID) values ('570193146164343',154,0,'select * from source_table2','3666778708108','566773761014480');
Insert into ICC_VARIABLE_AUD (ID,REV,REVTYPE,VALUE,DEFINITION_ID,JOB_ID) values ('566939903478037',154,2,null,null,null);
Insert into ICC_VARIABLE_AUD (ID,REV,REVTYPE,VALUE,DEFINITION_ID,JOB_ID) values ('566939903428120',154,2,null,null,null);
Insert into ICC_VARIABLE_AUD (ID,REV,REVTYPE,VALUE,DEFINITION_ID,JOB_ID) values ('566939903460362',154,2,null,null,null);
Insert into ICC_VARIABLE_AUD (ID,REV,REVTYPE,VALUE,DEFINITION_ID,JOB_ID) values ('573093166717991',157,0,'select * from source_table2','3666778708108','566773761014480');
Insert into ICC_VARIABLE_AUD (ID,REV,REVTYPE,VALUE,DEFINITION_ID,JOB_ID) values ('573093166685488',157,0,'236125381981239','3666778295317','566773761014480');
Insert into ICC_VARIABLE_AUD (ID,REV,REVTYPE,VALUE,DEFINITION_ID,JOB_ID) values ('573093166733705',157,0,'ID','3666775159915','566773761014480');
Insert into ICC_VARIABLE_AUD (ID,REV,REVTYPE,VALUE,DEFINITION_ID,JOB_ID) values ('570220063145545',157,2,null,null,null);
Insert into ICC_VARIABLE_AUD (ID,REV,REVTYPE,VALUE,DEFINITION_ID,JOB_ID) values ('570220063102781',157,2,null,null,null);
Insert into ICC_VARIABLE_AUD (ID,REV,REVTYPE,VALUE,DEFINITION_ID,JOB_ID) values ('570220063172098',157,2,null,null,null);
Insert into ICC_VARIABLE_AUD (ID,REV,REVTYPE,VALUE,DEFINITION_ID,JOB_ID) values ('761331556976134',170,0,'[DS] ReadTargetJob','761232071613575','761331556653565');
Insert into ICC_VARIABLE_AUD (ID,REV,REVTYPE,VALUE,DEFINITION_ID,JOB_ID) values ('761331557075970',170,0,null,'761232070695179','761331556653565');
Insert into ICC_VARIABLE_AUD (ID,REV,REVTYPE,VALUE,DEFINITION_ID,JOB_ID) values ('761331556827849',170,0,'[DS] ReadSourceJob','761232070668988','761331556653565');
Insert into ICC_VARIABLE_AUD (ID,REV,REVTYPE,VALUE,DEFINITION_ID,JOB_ID) values ('761331557123182',170,0,null,'761232071628949','761331556653565');
Insert into ICC_VARIABLE_AUD (ID,REV,REVTYPE,VALUE,DEFINITION_ID,JOB_ID) values ('761331557028025',170,0,null,'761232070685325','761331556653565');
Insert into ICC_VARIABLE_AUD (ID,REV,REVTYPE,VALUE,DEFINITION_ID,JOB_ID) values ('1172560785836780',182,0,null,'761232071628949','1172560785517178');
Insert into ICC_VARIABLE_AUD (ID,REV,REVTYPE,VALUE,DEFINITION_ID,JOB_ID) values ('1172560785788214',182,0,null,'761232070695179','1172560785517178');
Insert into ICC_VARIABLE_AUD (ID,REV,REVTYPE,VALUE,DEFINITION_ID,JOB_ID) values ('1172560785708738',182,0,'[DS] ReadTargetJob','761232071613575','1172560785517178');
Insert into ICC_VARIABLE_AUD (ID,REV,REVTYPE,VALUE,DEFINITION_ID,JOB_ID) values ('1172560785633275',182,0,'[DS] ReadSourceJob','761232070668988','1172560785517178');
Insert into ICC_VARIABLE_AUD (ID,REV,REVTYPE,VALUE,DEFINITION_ID,JOB_ID) values ('1172560785749751',182,0,'[DS] CompareOne2One','761232070685325','1172560785517178');
Insert into ICC_VARIABLE_AUD (ID,REV,REVTYPE,VALUE,DEFINITION_ID,JOB_ID) values ('1274347630774056',205,0,'236125381981239','3666778295317','1274347630676321');
Insert into ICC_VARIABLE_AUD (ID,REV,REVTYPE,VALUE,DEFINITION_ID,JOB_ID) values ('1274347630834641',205,0,'SELECT * FROM SOURCE_TABLE2','3666778708108','1274347630676321');
Insert into ICC_VARIABLE_AUD (ID,REV,REVTYPE,VALUE,DEFINITION_ID,JOB_ID) values ('1274347630874429',205,0,'ID','3666775159915','1274347630676321');
Insert into ICC_VARIABLE_AUD (ID,REV,REVTYPE,VALUE,DEFINITION_ID,JOB_ID) values ('1274515116190921',207,0,'[DS] AKN_ReadSource','3666954433543','1274515116105177');
Insert into ICC_VARIABLE_AUD (ID,REV,REVTYPE,VALUE,DEFINITION_ID,JOB_ID) values ('1274515116241525',207,0,'true','3666958512692','1274515116105177');
Insert into ICC_VARIABLE_AUD (ID,REV,REVTYPE,VALUE,DEFINITION_ID,JOB_ID) values ('1274515116306872',207,0,'[DS] AKN_ReadTarget','3666959039353','1274515116105177');
--------------------------------------------------------
--  DDL for Index UK_BV8D7EVFV9N3ASSQ36KMC1TTN
--------------------------------------------------------

  CREATE UNIQUE INDEX "UK_BV8D7EVFV9N3ASSQ36KMC1TTN" ON "ICC_CONNECTION" ("NAME") 
  ;
/
--------------------------------------------------------
--  DDL for Index SYS_C0011821
--------------------------------------------------------

  CREATE UNIQUE INDEX "SYS_C0011821" ON "ICC_CONNECTION" ("ID") 
  ;
/
--------------------------------------------------------
--  DDL for Index SYS_C0011824
--------------------------------------------------------

  CREATE UNIQUE INDEX "SYS_C0011824" ON "ICC_CONNECTION_AUD" ("ID", "REV") 
  ;
/
--------------------------------------------------------
--  DDL for Index SYS_C0011831
--------------------------------------------------------

  CREATE UNIQUE INDEX "SYS_C0011831" ON "ICC_FOLDER" ("ID") 
  ;
/
--------------------------------------------------------
--  DDL for Index SYS_C0011834
--------------------------------------------------------

  CREATE UNIQUE INDEX "SYS_C0011834" ON "ICC_FOLDER_AUD" ("ID", "REV") 
  ;
/
--------------------------------------------------------
--  DDL for Index SYS_C0011844
--------------------------------------------------------

  CREATE UNIQUE INDEX "SYS_C0011844" ON "ICC_JOB" ("ID") 
  ;
/
--------------------------------------------------------
--  DDL for Index SYS_C0011847
--------------------------------------------------------

  CREATE UNIQUE INDEX "SYS_C0011847" ON "ICC_JOB_AUD" ("ID", "REV") 
  ;
/
--------------------------------------------------------
--  DDL for Index SYS_C0011853
--------------------------------------------------------

  CREATE UNIQUE INDEX "SYS_C0011853" ON "ICC_PARAMETER_GLOBAL" ("ID") 
  ;
/
--------------------------------------------------------
--  DDL for Index UK_AT8L1O8883TP6OEB6QULXTO4B
--------------------------------------------------------

  CREATE UNIQUE INDEX "UK_AT8L1O8883TP6OEB6QULXTO4B" ON "ICC_PARAMETER_GLOBAL" ("NAME") 
  ;
/
--------------------------------------------------------
--  DDL for Index SYS_C0011856
--------------------------------------------------------

  CREATE UNIQUE INDEX "SYS_C0011856" ON "ICC_PARAMETER_GLOBAL_AUD" ("ID", "REV") 
  ;
/
--------------------------------------------------------
--  DDL for Index SYS_C0011864
--------------------------------------------------------

  CREATE UNIQUE INDEX "SYS_C0011864" ON "ICC_PARAMETER_LOCAL" ("ID") 
  ;
/
--------------------------------------------------------
--  DDL for Index SYS_C0011867
--------------------------------------------------------

  CREATE UNIQUE INDEX "SYS_C0011867" ON "ICC_PARAMETER_LOCAL_AUD" ("ID", "REV") 
  ;
/
--------------------------------------------------------
--  DDL for Index SYS_C0011870
--------------------------------------------------------

  CREATE UNIQUE INDEX "SYS_C0011870" ON "ICC_RIGHTS" ("ID") 
  ;
/
--------------------------------------------------------
--  DDL for Index SYS_C0011873
--------------------------------------------------------

  CREATE UNIQUE INDEX "SYS_C0011873" ON "ICC_RIGHTS_AUD" ("ID", "REV") 
  ;
/
--------------------------------------------------------
--  DDL for Index SYS_C0011876
--------------------------------------------------------

  CREATE UNIQUE INDEX "SYS_C0011876" ON "ICC_RIGHTS_ROLE" ("RIGHTS_ID", "ROLE_ID") 
  ;
/
--------------------------------------------------------
--  DDL for Index SYS_C0011881
--------------------------------------------------------

  CREATE UNIQUE INDEX "SYS_C0011881" ON "ICC_RIGHTS_ROLE_AUD" ("REV", "RIGHTS_ID", "RIGHTS", "ROLE_ID") 
  ;
/
--------------------------------------------------------
--  DDL for Index SYS_C0011884
--------------------------------------------------------

  CREATE UNIQUE INDEX "SYS_C0011884" ON "ICC_RIGHTS_USER" ("RIGHTS_ID", "USER_ID") 
  ;
/
--------------------------------------------------------
--  DDL for Index SYS_C0011889
--------------------------------------------------------

  CREATE UNIQUE INDEX "SYS_C0011889" ON "ICC_RIGHTS_USER_AUD" ("REV", "RIGHTS_ID", "RIGHTS", "USER_ID") 
  ;
/
--------------------------------------------------------
--  DDL for Index SYS_C0011895
--------------------------------------------------------

  CREATE UNIQUE INDEX "SYS_C0011895" ON "ICC_ROLE" ("ID") 
  ;
/
--------------------------------------------------------
--  DDL for Index UK_4LYIUF73F46RS69H9MXY2JR
--------------------------------------------------------

  CREATE UNIQUE INDEX "UK_4LYIUF73F46RS69H9MXY2JR" ON "ICC_ROLE" ("NAME") 
  ;
/
--------------------------------------------------------
--  DDL for Index SYS_C0011901
--------------------------------------------------------

  CREATE UNIQUE INDEX "SYS_C0011901" ON "ICC_ROLEUSER" ("ROLE_ID", "USER_ID") 
  ;
/
--------------------------------------------------------
--  DDL for Index SYS_C0011905
--------------------------------------------------------

  CREATE UNIQUE INDEX "SYS_C0011905" ON "ICC_ROLEUSER_AUD" ("REV", "ROLE_ID", "USER_ID") 
  ;
/
--------------------------------------------------------
--  DDL for Index SYS_C0011898
--------------------------------------------------------

  CREATE UNIQUE INDEX "SYS_C0011898" ON "ICC_ROLE_AUD" ("ID", "REV") 
  ;
/
--------------------------------------------------------
--  DDL for Index SYS_C0011914
--------------------------------------------------------

  CREATE UNIQUE INDEX "SYS_C0011914" ON "ICC_RULE" ("ID") 
  ;
/
--------------------------------------------------------
--  DDL for Index SYS_C0011917
--------------------------------------------------------

  CREATE UNIQUE INDEX "SYS_C0011917" ON "ICC_RULE_AUD" ("ID", "REV") 
  ;
/
--------------------------------------------------------
--  DDL for Index SYS_C0011923
--------------------------------------------------------

  CREATE UNIQUE INDEX "SYS_C0011923" ON "ICC_TEMPLATE" ("ID") 
  ;
/
--------------------------------------------------------
--  DDL for Index SYS_C0011926
--------------------------------------------------------

  CREATE UNIQUE INDEX "SYS_C0011926" ON "ICC_TEMPLATE_AUD" ("ID", "REV") 
  ;
/
--------------------------------------------------------
--  DDL for Index UK_42LH3SWH1D5GYLRHIUYB2XNMC
--------------------------------------------------------

  CREATE UNIQUE INDEX "UK_42LH3SWH1D5GYLRHIUYB2XNMC" ON "ICC_USER" ("NAME") 
  ;
/
--------------------------------------------------------
--  DDL for Index SYS_C0011934
--------------------------------------------------------

  CREATE UNIQUE INDEX "SYS_C0011934" ON "ICC_USER" ("ID") 
  ;
/
--------------------------------------------------------
--  DDL for Index SYS_C0011937
--------------------------------------------------------

  CREATE UNIQUE INDEX "SYS_C0011937" ON "ICC_USER_AUD" ("ID", "REV") 
  ;
/
--------------------------------------------------------
--  DDL for Index SYS_C0011941
--------------------------------------------------------

  CREATE UNIQUE INDEX "SYS_C0011941" ON "ICC_VARIABLE" ("ID") 
  ;
/
--------------------------------------------------------
--  DDL for Index SYS_C0011954
--------------------------------------------------------

  CREATE UNIQUE INDEX "SYS_C0011954" ON "ICC_VARIABLEDEF" ("ID") 
  ;
/
--------------------------------------------------------
--  DDL for Index SYS_C0011957
--------------------------------------------------------

  CREATE UNIQUE INDEX "SYS_C0011957" ON "ICC_VARIABLEDEF_AUD" ("ID", "REV") 
  ;
/
--------------------------------------------------------
--  DDL for Index SYS_C0011944
--------------------------------------------------------

  CREATE UNIQUE INDEX "SYS_C0011944" ON "ICC_VARIABLE_AUD" ("ID", "REV") 
  ;
/
--------------------------------------------------------
--  Constraints for Table ICC_CONNECTION
--------------------------------------------------------

  ALTER TABLE "ICC_CONNECTION" ADD CONSTRAINT "UK_BV8D7EVFV9N3ASSQ36KMC1TTN" UNIQUE ("NAME") ENABLE;
  ALTER TABLE "ICC_CONNECTION" MODIFY ("ID" NOT NULL ENABLE);
  ALTER TABLE "ICC_CONNECTION" MODIFY ("PASSWORD" NOT NULL ENABLE);
  ALTER TABLE "ICC_CONNECTION" MODIFY ("URL" NOT NULL ENABLE);
  ALTER TABLE "ICC_CONNECTION" MODIFY ("USERNAME" NOT NULL ENABLE);
  ALTER TABLE "ICC_CONNECTION" MODIFY ("ACTIVE" NOT NULL ENABLE);
  ALTER TABLE "ICC_CONNECTION" MODIFY ("CREATION_DATE" NOT NULL ENABLE);
  ALTER TABLE "ICC_CONNECTION" MODIFY ("MODIFICATION_DATE" NOT NULL ENABLE);
  ALTER TABLE "ICC_CONNECTION" MODIFY ("NAME" NOT NULL ENABLE);
  ALTER TABLE "ICC_CONNECTION" ADD PRIMARY KEY ("ID") ENABLE;
/
--------------------------------------------------------
--  Constraints for Table ICC_CONNECTION_AUD
--------------------------------------------------------

  ALTER TABLE "ICC_CONNECTION_AUD" MODIFY ("ID" NOT NULL ENABLE);
  ALTER TABLE "ICC_CONNECTION_AUD" MODIFY ("REV" NOT NULL ENABLE);
  ALTER TABLE "ICC_CONNECTION_AUD" ADD PRIMARY KEY ("ID", "REV") ENABLE;
/
--------------------------------------------------------
--  Constraints for Table ICC_FOLDER
--------------------------------------------------------

  ALTER TABLE "ICC_FOLDER" MODIFY ("ID" NOT NULL ENABLE);
  ALTER TABLE "ICC_FOLDER" MODIFY ("ACTIVE" NOT NULL ENABLE);
  ALTER TABLE "ICC_FOLDER" MODIFY ("CREATION_DATE" NOT NULL ENABLE);
  ALTER TABLE "ICC_FOLDER" MODIFY ("MODIFICATION_DATE" NOT NULL ENABLE);
  ALTER TABLE "ICC_FOLDER" MODIFY ("NAME" NOT NULL ENABLE);
  ALTER TABLE "ICC_FOLDER" MODIFY ("RIGHTS_ID" NOT NULL ENABLE);
  ALTER TABLE "ICC_FOLDER" ADD PRIMARY KEY ("ID") ENABLE;
/
--------------------------------------------------------
--  Constraints for Table ICC_FOLDER_AUD
--------------------------------------------------------

  ALTER TABLE "ICC_FOLDER_AUD" MODIFY ("ID" NOT NULL ENABLE);
  ALTER TABLE "ICC_FOLDER_AUD" MODIFY ("REV" NOT NULL ENABLE);
  ALTER TABLE "ICC_FOLDER_AUD" ADD PRIMARY KEY ("ID", "REV") ENABLE;
/
--------------------------------------------------------
--  Constraints for Table ICC_JOB
--------------------------------------------------------

  ALTER TABLE "ICC_JOB" MODIFY ("ID" NOT NULL ENABLE);
  ALTER TABLE "ICC_JOB" MODIFY ("PRIORITY" NOT NULL ENABLE);
  ALTER TABLE "ICC_JOB" MODIFY ("ACTIVE" NOT NULL ENABLE);
  ALTER TABLE "ICC_JOB" MODIFY ("CREATION_DATE" NOT NULL ENABLE);
  ALTER TABLE "ICC_JOB" MODIFY ("MODIFICATION_DATE" NOT NULL ENABLE);
  ALTER TABLE "ICC_JOB" MODIFY ("NAME" NOT NULL ENABLE);
  ALTER TABLE "ICC_JOB" MODIFY ("RIGHTS_ID" NOT NULL ENABLE);
  ALTER TABLE "ICC_JOB" MODIFY ("TEMPLATE_ID" NOT NULL ENABLE);
  ALTER TABLE "ICC_JOB" ADD PRIMARY KEY ("ID") ENABLE;
/
--------------------------------------------------------
--  Constraints for Table ICC_JOB_AUD
--------------------------------------------------------

  ALTER TABLE "ICC_JOB_AUD" MODIFY ("ID" NOT NULL ENABLE);
  ALTER TABLE "ICC_JOB_AUD" MODIFY ("REV" NOT NULL ENABLE);
  ALTER TABLE "ICC_JOB_AUD" ADD PRIMARY KEY ("ID", "REV") ENABLE;
/
--------------------------------------------------------
--  Constraints for Table ICC_PARAMETER_GLOBAL
--------------------------------------------------------

  ALTER TABLE "ICC_PARAMETER_GLOBAL" ADD CONSTRAINT "UK_AT8L1O8883TP6OEB6QULXTO4B" UNIQUE ("NAME") ENABLE;
  ALTER TABLE "ICC_PARAMETER_GLOBAL" MODIFY ("ID" NOT NULL ENABLE);
  ALTER TABLE "ICC_PARAMETER_GLOBAL" MODIFY ("ACTIVE" NOT NULL ENABLE);
  ALTER TABLE "ICC_PARAMETER_GLOBAL" MODIFY ("CREATION_DATE" NOT NULL ENABLE);
  ALTER TABLE "ICC_PARAMETER_GLOBAL" MODIFY ("MODIFICATION_DATE" NOT NULL ENABLE);
  ALTER TABLE "ICC_PARAMETER_GLOBAL" MODIFY ("NAME" NOT NULL ENABLE);
  ALTER TABLE "ICC_PARAMETER_GLOBAL" ADD PRIMARY KEY ("ID") ENABLE;
/
--------------------------------------------------------
--  Constraints for Table ICC_PARAMETER_GLOBAL_AUD
--------------------------------------------------------

  ALTER TABLE "ICC_PARAMETER_GLOBAL_AUD" MODIFY ("ID" NOT NULL ENABLE);
  ALTER TABLE "ICC_PARAMETER_GLOBAL_AUD" MODIFY ("REV" NOT NULL ENABLE);
  ALTER TABLE "ICC_PARAMETER_GLOBAL_AUD" ADD PRIMARY KEY ("ID", "REV") ENABLE;
/
--------------------------------------------------------
--  Constraints for Table ICC_PARAMETER_LOCAL
--------------------------------------------------------

  ALTER TABLE "ICC_PARAMETER_LOCAL" MODIFY ("ID" NOT NULL ENABLE);
  ALTER TABLE "ICC_PARAMETER_LOCAL" MODIFY ("ACTIVE" NOT NULL ENABLE);
  ALTER TABLE "ICC_PARAMETER_LOCAL" MODIFY ("CREATION_DATE" NOT NULL ENABLE);
  ALTER TABLE "ICC_PARAMETER_LOCAL" MODIFY ("MODIFICATION_DATE" NOT NULL ENABLE);
  ALTER TABLE "ICC_PARAMETER_LOCAL" MODIFY ("NAME" NOT NULL ENABLE);
  ALTER TABLE "ICC_PARAMETER_LOCAL" MODIFY ("RIGHTS_ID" NOT NULL ENABLE);
  ALTER TABLE "ICC_PARAMETER_LOCAL" ADD PRIMARY KEY ("ID") ENABLE;
/
--------------------------------------------------------
--  Constraints for Table ICC_PARAMETER_LOCAL_AUD
--------------------------------------------------------

  ALTER TABLE "ICC_PARAMETER_LOCAL_AUD" MODIFY ("ID" NOT NULL ENABLE);
  ALTER TABLE "ICC_PARAMETER_LOCAL_AUD" MODIFY ("REV" NOT NULL ENABLE);
  ALTER TABLE "ICC_PARAMETER_LOCAL_AUD" ADD PRIMARY KEY ("ID", "REV") ENABLE;
/
--------------------------------------------------------
--  Constraints for Table ICC_RIGHTS
--------------------------------------------------------

  ALTER TABLE "ICC_RIGHTS" MODIFY ("ID" NOT NULL ENABLE);
  ALTER TABLE "ICC_RIGHTS" MODIFY ("OWNER_ID" NOT NULL ENABLE);
  ALTER TABLE "ICC_RIGHTS" ADD PRIMARY KEY ("ID") ENABLE;
/
--------------------------------------------------------
--  Constraints for Table ICC_RIGHTS_AUD
--------------------------------------------------------

  ALTER TABLE "ICC_RIGHTS_AUD" MODIFY ("ID" NOT NULL ENABLE);
  ALTER TABLE "ICC_RIGHTS_AUD" MODIFY ("REV" NOT NULL ENABLE);
  ALTER TABLE "ICC_RIGHTS_AUD" ADD PRIMARY KEY ("ID", "REV") ENABLE;
/
--------------------------------------------------------
--  Constraints for Table ICC_RIGHTS_ROLE
--------------------------------------------------------

  ALTER TABLE "ICC_RIGHTS_ROLE" MODIFY ("RIGHTS_ID" NOT NULL ENABLE);
  ALTER TABLE "ICC_RIGHTS_ROLE" MODIFY ("ROLE_ID" NOT NULL ENABLE);
  ALTER TABLE "ICC_RIGHTS_ROLE" ADD PRIMARY KEY ("RIGHTS_ID", "ROLE_ID") ENABLE;
/
--------------------------------------------------------
--  Constraints for Table ICC_RIGHTS_ROLE_AUD
--------------------------------------------------------

  ALTER TABLE "ICC_RIGHTS_ROLE_AUD" MODIFY ("REV" NOT NULL ENABLE);
  ALTER TABLE "ICC_RIGHTS_ROLE_AUD" MODIFY ("RIGHTS_ID" NOT NULL ENABLE);
  ALTER TABLE "ICC_RIGHTS_ROLE_AUD" MODIFY ("RIGHTS" NOT NULL ENABLE);
  ALTER TABLE "ICC_RIGHTS_ROLE_AUD" MODIFY ("ROLE_ID" NOT NULL ENABLE);
  ALTER TABLE "ICC_RIGHTS_ROLE_AUD" ADD PRIMARY KEY ("REV", "RIGHTS_ID", "RIGHTS", "ROLE_ID") ENABLE;
/
--------------------------------------------------------
--  Constraints for Table ICC_RIGHTS_USER
--------------------------------------------------------

  ALTER TABLE "ICC_RIGHTS_USER" MODIFY ("RIGHTS_ID" NOT NULL ENABLE);
  ALTER TABLE "ICC_RIGHTS_USER" MODIFY ("USER_ID" NOT NULL ENABLE);
  ALTER TABLE "ICC_RIGHTS_USER" ADD PRIMARY KEY ("RIGHTS_ID", "USER_ID") ENABLE;
/
--------------------------------------------------------
--  Constraints for Table ICC_RIGHTS_USER_AUD
--------------------------------------------------------

  ALTER TABLE "ICC_RIGHTS_USER_AUD" ADD PRIMARY KEY ("REV", "RIGHTS_ID", "RIGHTS", "USER_ID") ENABLE;
  ALTER TABLE "ICC_RIGHTS_USER_AUD" MODIFY ("REV" NOT NULL ENABLE);
  ALTER TABLE "ICC_RIGHTS_USER_AUD" MODIFY ("RIGHTS_ID" NOT NULL ENABLE);
  ALTER TABLE "ICC_RIGHTS_USER_AUD" MODIFY ("RIGHTS" NOT NULL ENABLE);
  ALTER TABLE "ICC_RIGHTS_USER_AUD" MODIFY ("USER_ID" NOT NULL ENABLE);
/
--------------------------------------------------------
--  Constraints for Table ICC_ROLE
--------------------------------------------------------

  ALTER TABLE "ICC_ROLE" ADD CONSTRAINT "UK_4LYIUF73F46RS69H9MXY2JR" UNIQUE ("NAME") ENABLE;
  ALTER TABLE "ICC_ROLE" MODIFY ("ID" NOT NULL ENABLE);
  ALTER TABLE "ICC_ROLE" MODIFY ("ACTIVE" NOT NULL ENABLE);
  ALTER TABLE "ICC_ROLE" MODIFY ("CREATION_DATE" NOT NULL ENABLE);
  ALTER TABLE "ICC_ROLE" MODIFY ("MODIFICATION_DATE" NOT NULL ENABLE);
  ALTER TABLE "ICC_ROLE" MODIFY ("NAME" NOT NULL ENABLE);
  ALTER TABLE "ICC_ROLE" ADD PRIMARY KEY ("ID") ENABLE;
/
--------------------------------------------------------
--  Constraints for Table ICC_ROLEUSER
--------------------------------------------------------

  ALTER TABLE "ICC_ROLEUSER" MODIFY ("ROLE_ID" NOT NULL ENABLE);
  ALTER TABLE "ICC_ROLEUSER" MODIFY ("USER_ID" NOT NULL ENABLE);
  ALTER TABLE "ICC_ROLEUSER" ADD PRIMARY KEY ("ROLE_ID", "USER_ID") ENABLE;
/
--------------------------------------------------------
--  Constraints for Table ICC_ROLEUSER_AUD
--------------------------------------------------------

  ALTER TABLE "ICC_ROLEUSER_AUD" MODIFY ("REV" NOT NULL ENABLE);
  ALTER TABLE "ICC_ROLEUSER_AUD" MODIFY ("ROLE_ID" NOT NULL ENABLE);
  ALTER TABLE "ICC_ROLEUSER_AUD" MODIFY ("USER_ID" NOT NULL ENABLE);
  ALTER TABLE "ICC_ROLEUSER_AUD" ADD PRIMARY KEY ("REV", "ROLE_ID", "USER_ID") ENABLE;
/
--------------------------------------------------------
--  Constraints for Table ICC_ROLE_AUD
--------------------------------------------------------

  ALTER TABLE "ICC_ROLE_AUD" MODIFY ("ID" NOT NULL ENABLE);
  ALTER TABLE "ICC_ROLE_AUD" MODIFY ("REV" NOT NULL ENABLE);
  ALTER TABLE "ICC_ROLE_AUD" ADD PRIMARY KEY ("ID", "REV") ENABLE;
/
--------------------------------------------------------
--  Constraints for Table ICC_RULE
--------------------------------------------------------

  ALTER TABLE "ICC_RULE" MODIFY ("ID" NOT NULL ENABLE);
  ALTER TABLE "ICC_RULE" MODIFY ("DETAIL" NOT NULL ENABLE);
  ALTER TABLE "ICC_RULE" MODIFY ("ACTIVE" NOT NULL ENABLE);
  ALTER TABLE "ICC_RULE" MODIFY ("CREATION_DATE" NOT NULL ENABLE);
  ALTER TABLE "ICC_RULE" MODIFY ("MODIFICATION_DATE" NOT NULL ENABLE);
  ALTER TABLE "ICC_RULE" MODIFY ("NAME" NOT NULL ENABLE);
  ALTER TABLE "ICC_RULE" MODIFY ("RIGHTS_ID" NOT NULL ENABLE);
  ALTER TABLE "ICC_RULE" ADD PRIMARY KEY ("ID") ENABLE;
/
--------------------------------------------------------
--  Constraints for Table ICC_RULE_AUD
--------------------------------------------------------

  ALTER TABLE "ICC_RULE_AUD" MODIFY ("ID" NOT NULL ENABLE);
  ALTER TABLE "ICC_RULE_AUD" MODIFY ("REV" NOT NULL ENABLE);
  ALTER TABLE "ICC_RULE_AUD" ADD PRIMARY KEY ("ID", "REV") ENABLE;
/
--------------------------------------------------------
--  Constraints for Table ICC_TEMPLATE
--------------------------------------------------------

  ALTER TABLE "ICC_TEMPLATE" MODIFY ("ID" NOT NULL ENABLE);
  ALTER TABLE "ICC_TEMPLATE" MODIFY ("ACTIVE" NOT NULL ENABLE);
  ALTER TABLE "ICC_TEMPLATE" MODIFY ("DESCRIPTION" NOT NULL ENABLE);
  ALTER TABLE "ICC_TEMPLATE" MODIFY ("HAS_DATASET" NOT NULL ENABLE);
  ALTER TABLE "ICC_TEMPLATE" MODIFY ("NAME" NOT NULL ENABLE);
  ALTER TABLE "ICC_TEMPLATE" ADD PRIMARY KEY ("ID") ENABLE;
/
--------------------------------------------------------
--  Constraints for Table ICC_TEMPLATE_AUD
--------------------------------------------------------

  ALTER TABLE "ICC_TEMPLATE_AUD" MODIFY ("ID" NOT NULL ENABLE);
  ALTER TABLE "ICC_TEMPLATE_AUD" MODIFY ("REV" NOT NULL ENABLE);
  ALTER TABLE "ICC_TEMPLATE_AUD" ADD PRIMARY KEY ("ID", "REV") ENABLE;
/
--------------------------------------------------------
--  Constraints for Table ICC_USER
--------------------------------------------------------

  ALTER TABLE "ICC_USER" MODIFY ("CREATION_DATE" NOT NULL ENABLE);
  ALTER TABLE "ICC_USER" MODIFY ("MODIFICATION_DATE" NOT NULL ENABLE);
  ALTER TABLE "ICC_USER" MODIFY ("NAME" NOT NULL ENABLE);
  ALTER TABLE "ICC_USER" MODIFY ("USER_TYPE" NOT NULL ENABLE);
  ALTER TABLE "ICC_USER" ADD PRIMARY KEY ("ID") ENABLE;
  ALTER TABLE "ICC_USER" ADD CONSTRAINT "UK_42LH3SWH1D5GYLRHIUYB2XNMC" UNIQUE ("NAME") ENABLE;
  ALTER TABLE "ICC_USER" MODIFY ("ID" NOT NULL ENABLE);
  ALTER TABLE "ICC_USER" MODIFY ("LOGIN_TYPE" NOT NULL ENABLE);
  ALTER TABLE "ICC_USER" MODIFY ("ACTIVE" NOT NULL ENABLE);
/
--------------------------------------------------------
--  Constraints for Table ICC_USER_AUD
--------------------------------------------------------

  ALTER TABLE "ICC_USER_AUD" MODIFY ("ID" NOT NULL ENABLE);
  ALTER TABLE "ICC_USER_AUD" MODIFY ("REV" NOT NULL ENABLE);
  ALTER TABLE "ICC_USER_AUD" ADD PRIMARY KEY ("ID", "REV") ENABLE;
/
--------------------------------------------------------
--  Constraints for Table ICC_VARIABLE
--------------------------------------------------------

  ALTER TABLE "ICC_VARIABLE" MODIFY ("ID" NOT NULL ENABLE);
  ALTER TABLE "ICC_VARIABLE" MODIFY ("DEFINITION_ID" NOT NULL ENABLE);
  ALTER TABLE "ICC_VARIABLE" MODIFY ("JOB_ID" NOT NULL ENABLE);
  ALTER TABLE "ICC_VARIABLE" ADD PRIMARY KEY ("ID") ENABLE;
/
--------------------------------------------------------
--  Constraints for Table ICC_VARIABLEDEF
--------------------------------------------------------

  ALTER TABLE "ICC_VARIABLEDEF" MODIFY ("ID" NOT NULL ENABLE);
  ALTER TABLE "ICC_VARIABLEDEF" MODIFY ("POSITION" NOT NULL ENABLE);
  ALTER TABLE "ICC_VARIABLEDEF" MODIFY ("ACTIVE" NOT NULL ENABLE);
  ALTER TABLE "ICC_VARIABLEDEF" MODIFY ("CREATION_DATE" NOT NULL ENABLE);
  ALTER TABLE "ICC_VARIABLEDEF" MODIFY ("MODIFICATION_DATE" NOT NULL ENABLE);
  ALTER TABLE "ICC_VARIABLEDEF" MODIFY ("NAME" NOT NULL ENABLE);
  ALTER TABLE "ICC_VARIABLEDEF" MODIFY ("REQUIRED" NOT NULL ENABLE);
  ALTER TABLE "ICC_VARIABLEDEF" MODIFY ("TYPE" NOT NULL ENABLE);
  ALTER TABLE "ICC_VARIABLEDEF" MODIFY ("TEMPLATE_ID" NOT NULL ENABLE);
  ALTER TABLE "ICC_VARIABLEDEF" ADD PRIMARY KEY ("ID") ENABLE;
/
--------------------------------------------------------
--  Constraints for Table ICC_VARIABLEDEF_AUD
--------------------------------------------------------

  ALTER TABLE "ICC_VARIABLEDEF_AUD" MODIFY ("ID" NOT NULL ENABLE);
  ALTER TABLE "ICC_VARIABLEDEF_AUD" MODIFY ("REV" NOT NULL ENABLE);
  ALTER TABLE "ICC_VARIABLEDEF_AUD" ADD PRIMARY KEY ("ID", "REV") ENABLE;
/
--------------------------------------------------------
--  Constraints for Table ICC_VARIABLE_AUD
--------------------------------------------------------

  ALTER TABLE "ICC_VARIABLE_AUD" MODIFY ("ID" NOT NULL ENABLE);
  ALTER TABLE "ICC_VARIABLE_AUD" MODIFY ("REV" NOT NULL ENABLE);
  ALTER TABLE "ICC_VARIABLE_AUD" ADD PRIMARY KEY ("ID", "REV") ENABLE;
/
--------------------------------------------------------
--  Ref Constraints for Table ICC_CONNECTION
--------------------------------------------------------

  ALTER TABLE "ICC_CONNECTION" ADD CONSTRAINT "FK_3X4AVB5TLFT21HJHBF630F04Y" FOREIGN KEY ("CREATED_BY")
	  REFERENCES "ICC_USER" ("ID") ENABLE;
  ALTER TABLE "ICC_CONNECTION" ADD CONSTRAINT "FK_OEW9UVU8OY8RXIKC8EYUS6S55" FOREIGN KEY ("MODIFIED_BY")
	  REFERENCES "ICC_USER" ("ID") ENABLE;
/
--------------------------------------------------------
--  Ref Constraints for Table ICC_CONNECTION_AUD
--------------------------------------------------------

  ALTER TABLE "ICC_CONNECTION_AUD" ADD CONSTRAINT "FK_3X0W4307PR6T61DRVXRJCCIPN" FOREIGN KEY ("REV")
	  REFERENCES "REVINFO" ("REV") ENABLE;
/
--------------------------------------------------------
--  Ref Constraints for Table ICC_FOLDER
--------------------------------------------------------

  ALTER TABLE "ICC_FOLDER" ADD CONSTRAINT "FK_AJ654542N1AXB4BS9W7U9LB1V" FOREIGN KEY ("RIGHTS_ID")
	  REFERENCES "ICC_RIGHTS" ("ID") ENABLE;
  ALTER TABLE "ICC_FOLDER" ADD CONSTRAINT "FK_AJ8ISQ6XBXSVB1WOW3WKYW3QY" FOREIGN KEY ("MODIFIED_BY")
	  REFERENCES "ICC_USER" ("ID") ENABLE;
  ALTER TABLE "ICC_FOLDER" ADD CONSTRAINT "FK_M1HXFYE73QSG0YP6V4S59V151" FOREIGN KEY ("PARENT_FOLDER_ID")
	  REFERENCES "ICC_FOLDER" ("ID") ENABLE;
  ALTER TABLE "ICC_FOLDER" ADD CONSTRAINT "FK_M4PPD9OF9THLWJFS2WY7T02SM" FOREIGN KEY ("CREATED_BY")
	  REFERENCES "ICC_USER" ("ID") ENABLE;
/
--------------------------------------------------------
--  Ref Constraints for Table ICC_FOLDER_AUD
--------------------------------------------------------

  ALTER TABLE "ICC_FOLDER_AUD" ADD CONSTRAINT "FK_9Y9U70RHF29LE15U8NTRA0JJP" FOREIGN KEY ("REV")
	  REFERENCES "REVINFO" ("REV") ENABLE;
/
--------------------------------------------------------
--  Ref Constraints for Table ICC_JOB
--------------------------------------------------------

  ALTER TABLE "ICC_JOB" ADD CONSTRAINT "FK_14H0JJDSR9M37I9QTYAVY0YUL" FOREIGN KEY ("FOLDER_ID")
	  REFERENCES "ICC_FOLDER" ("ID") ENABLE;
  ALTER TABLE "ICC_JOB" ADD CONSTRAINT "FK_1GVKWPJM498B7NPTYNQ35U2W4" FOREIGN KEY ("MODIFIED_BY")
	  REFERENCES "ICC_USER" ("ID") ENABLE;
  ALTER TABLE "ICC_JOB" ADD CONSTRAINT "FK_1QY90FHWHA24MV9AW9HMTVQ53" FOREIGN KEY ("RIGHTS_ID")
	  REFERENCES "ICC_RIGHTS" ("ID") ENABLE;
  ALTER TABLE "ICC_JOB" ADD CONSTRAINT "FK_94NCTY5H8D7B1IWQPMG5XL9EP" FOREIGN KEY ("TEMPLATE_ID")
	  REFERENCES "ICC_TEMPLATE" ("ID") ENABLE;
  ALTER TABLE "ICC_JOB" ADD CONSTRAINT "FK_L1PGOT28C2HHH1N3NWFJ9FQ7V" FOREIGN KEY ("APPROVER_ID")
	  REFERENCES "ICC_USER" ("ID") ENABLE;
  ALTER TABLE "ICC_JOB" ADD CONSTRAINT "FK_SE93K5RSFQNTJGKM152I8B7XM" FOREIGN KEY ("CREATED_BY")
	  REFERENCES "ICC_USER" ("ID") ENABLE;
/
--------------------------------------------------------
--  Ref Constraints for Table ICC_JOB_AUD
--------------------------------------------------------

  ALTER TABLE "ICC_JOB_AUD" ADD CONSTRAINT "FK_PUJCSOHWCR9JJYCF1PBMVVGDR" FOREIGN KEY ("REV")
	  REFERENCES "REVINFO" ("REV") ENABLE;
/
--------------------------------------------------------
--  Ref Constraints for Table ICC_PARAMETER_GLOBAL
--------------------------------------------------------

  ALTER TABLE "ICC_PARAMETER_GLOBAL" ADD CONSTRAINT "FK_HSXEHBWC65JMRBI9K94PIYEO2" FOREIGN KEY ("CREATED_BY")
	  REFERENCES "ICC_USER" ("ID") ENABLE;
  ALTER TABLE "ICC_PARAMETER_GLOBAL" ADD CONSTRAINT "FK_P3TFIOTANLWNFI8VOETM8EI98" FOREIGN KEY ("MODIFIED_BY")
	  REFERENCES "ICC_USER" ("ID") ENABLE;
/
--------------------------------------------------------
--  Ref Constraints for Table ICC_PARAMETER_GLOBAL_AUD
--------------------------------------------------------

  ALTER TABLE "ICC_PARAMETER_GLOBAL_AUD" ADD CONSTRAINT "FK_IG07RSMPET7FTL4W4C93LU8O9" FOREIGN KEY ("REV")
	  REFERENCES "REVINFO" ("REV") ENABLE;
/
--------------------------------------------------------
--  Ref Constraints for Table ICC_PARAMETER_LOCAL
--------------------------------------------------------

  ALTER TABLE "ICC_PARAMETER_LOCAL" ADD CONSTRAINT "FK_B84YUFUOS2JX3C2612B328LN8" FOREIGN KEY ("FOLDER_ID")
	  REFERENCES "ICC_FOLDER" ("ID") ENABLE;
  ALTER TABLE "ICC_PARAMETER_LOCAL" ADD CONSTRAINT "FK_F7IA950MRQFM4NSAG9XOB43W2" FOREIGN KEY ("RIGHTS_ID")
	  REFERENCES "ICC_RIGHTS" ("ID") ENABLE;
  ALTER TABLE "ICC_PARAMETER_LOCAL" ADD CONSTRAINT "FK_GPWKU29XFR3V42D4NAAN9RA59" FOREIGN KEY ("CREATED_BY")
	  REFERENCES "ICC_USER" ("ID") ENABLE;
  ALTER TABLE "ICC_PARAMETER_LOCAL" ADD CONSTRAINT "FK_T4ASOYXTCX9OU8YCAL6LAF5RO" FOREIGN KEY ("MODIFIED_BY")
	  REFERENCES "ICC_USER" ("ID") ENABLE;
/
--------------------------------------------------------
--  Ref Constraints for Table ICC_PARAMETER_LOCAL_AUD
--------------------------------------------------------

  ALTER TABLE "ICC_PARAMETER_LOCAL_AUD" ADD CONSTRAINT "FK_S3KYDACLBR5PJWQ7K6LRRO1EJ" FOREIGN KEY ("REV")
	  REFERENCES "REVINFO" ("REV") ENABLE;
/
--------------------------------------------------------
--  Ref Constraints for Table ICC_RIGHTS
--------------------------------------------------------

  ALTER TABLE "ICC_RIGHTS" ADD CONSTRAINT "FK_BW8R3GEKITPF8ID2B220E7LN" FOREIGN KEY ("OWNER_ID")
	  REFERENCES "ICC_USER" ("ID") ENABLE;
/
--------------------------------------------------------
--  Ref Constraints for Table ICC_RIGHTS_AUD
--------------------------------------------------------

  ALTER TABLE "ICC_RIGHTS_AUD" ADD CONSTRAINT "FK_8NB40WYER4HYUFVKGK0UWN18U" FOREIGN KEY ("REV")
	  REFERENCES "REVINFO" ("REV") ENABLE;
/
--------------------------------------------------------
--  Ref Constraints for Table ICC_RIGHTS_ROLE
--------------------------------------------------------

  ALTER TABLE "ICC_RIGHTS_ROLE" ADD CONSTRAINT "FK_8Q8UQ6RYGX9C5S8I8MMA0BXBR" FOREIGN KEY ("RIGHTS_ID")
	  REFERENCES "ICC_RIGHTS" ("ID") ENABLE;
/
--------------------------------------------------------
--  Ref Constraints for Table ICC_RIGHTS_ROLE_AUD
--------------------------------------------------------

  ALTER TABLE "ICC_RIGHTS_ROLE_AUD" ADD CONSTRAINT "FK_4ETOHXC0LS2AVI4AQH0OUO58X" FOREIGN KEY ("REV")
	  REFERENCES "REVINFO" ("REV") ENABLE;
/
--------------------------------------------------------
--  Ref Constraints for Table ICC_RIGHTS_USER
--------------------------------------------------------

  ALTER TABLE "ICC_RIGHTS_USER" ADD CONSTRAINT "FK_9078W1DM0BXQ0KTPTPMJEIE2H" FOREIGN KEY ("RIGHTS_ID")
	  REFERENCES "ICC_RIGHTS" ("ID") ENABLE;
/
--------------------------------------------------------
--  Ref Constraints for Table ICC_RIGHTS_USER_AUD
--------------------------------------------------------

  ALTER TABLE "ICC_RIGHTS_USER_AUD" ADD CONSTRAINT "FK_DM71RT5OH9IGIDQI46GOXMM1S" FOREIGN KEY ("REV")
	  REFERENCES "REVINFO" ("REV") ENABLE;
/
--------------------------------------------------------
--  Ref Constraints for Table ICC_ROLE
--------------------------------------------------------

  ALTER TABLE "ICC_ROLE" ADD CONSTRAINT "FK_K8J4658CHNSAS26HGXWY90NPM" FOREIGN KEY ("CREATED_BY")
	  REFERENCES "ICC_USER" ("ID") ENABLE;
  ALTER TABLE "ICC_ROLE" ADD CONSTRAINT "FK_OVJVWIOF0OMM1Y7KQYJQL25GO" FOREIGN KEY ("MODIFIED_BY")
	  REFERENCES "ICC_USER" ("ID") ENABLE;
/
--------------------------------------------------------
--  Ref Constraints for Table ICC_ROLEUSER
--------------------------------------------------------

  ALTER TABLE "ICC_ROLEUSER" ADD CONSTRAINT "FK_C8HWBYVSY15D3QCPPU7I8PUC4" FOREIGN KEY ("USER_ID")
	  REFERENCES "ICC_USER" ("ID") ENABLE;
  ALTER TABLE "ICC_ROLEUSER" ADD CONSTRAINT "FK_PQ85YMQKDGQEN4A2JFWER7NE5" FOREIGN KEY ("ROLE_ID")
	  REFERENCES "ICC_ROLE" ("ID") ENABLE;
/
--------------------------------------------------------
--  Ref Constraints for Table ICC_ROLEUSER_AUD
--------------------------------------------------------

  ALTER TABLE "ICC_ROLEUSER_AUD" ADD CONSTRAINT "FK_5PWXKJQ7GM7G9GJ1LJ4V8ULXL" FOREIGN KEY ("REV")
	  REFERENCES "REVINFO" ("REV") ENABLE;
/
--------------------------------------------------------
--  Ref Constraints for Table ICC_ROLE_AUD
--------------------------------------------------------

  ALTER TABLE "ICC_ROLE_AUD" ADD CONSTRAINT "FK_R759AFUQOF55O28C0V503BY10" FOREIGN KEY ("REV")
	  REFERENCES "REVINFO" ("REV") ENABLE;
/
--------------------------------------------------------
--  Ref Constraints for Table ICC_RULE
--------------------------------------------------------

  ALTER TABLE "ICC_RULE" ADD CONSTRAINT "FK_2B502Q7AYCRSU5KDYNL3473GI" FOREIGN KEY ("FOLDER_ID")
	  REFERENCES "ICC_FOLDER" ("ID") ENABLE;
  ALTER TABLE "ICC_RULE" ADD CONSTRAINT "FK_5NBRAOQ6DDD9IGPSD89R7YWFX" FOREIGN KEY ("MODIFIED_BY")
	  REFERENCES "ICC_USER" ("ID") ENABLE;
  ALTER TABLE "ICC_RULE" ADD CONSTRAINT "FK_BT934CFLUA4BS9VP95BNNJ09F" FOREIGN KEY ("APPROVER_ID")
	  REFERENCES "ICC_USER" ("ID") ENABLE;
  ALTER TABLE "ICC_RULE" ADD CONSTRAINT "FK_GI4D5HRTB4FC2MYM1DOWS0AVW" FOREIGN KEY ("CREATED_BY")
	  REFERENCES "ICC_USER" ("ID") ENABLE;
  ALTER TABLE "ICC_RULE" ADD CONSTRAINT "FK_Q7WCYRJVGIJHB8L1PYK51MAB" FOREIGN KEY ("RIGHTS_ID")
	  REFERENCES "ICC_RIGHTS" ("ID") ENABLE;
/
--------------------------------------------------------
--  Ref Constraints for Table ICC_RULE_AUD
--------------------------------------------------------

  ALTER TABLE "ICC_RULE_AUD" ADD CONSTRAINT "FK_PLYQA87V2JMN8WNEYAY99PCIP" FOREIGN KEY ("REV")
	  REFERENCES "REVINFO" ("REV") ENABLE;
/
--------------------------------------------------------
--  Ref Constraints for Table ICC_TEMPLATE_AUD
--------------------------------------------------------

  ALTER TABLE "ICC_TEMPLATE_AUD" ADD CONSTRAINT "FK_AHXIBM295I0DU8I90W0FTD0DU" FOREIGN KEY ("REV")
	  REFERENCES "REVINFO" ("REV") ENABLE;
/
--------------------------------------------------------
--  Ref Constraints for Table ICC_USER
--------------------------------------------------------

  ALTER TABLE "ICC_USER" ADD CONSTRAINT "FK_SBHRLXY3AACJ0PALGMU2TEX5V" FOREIGN KEY ("MODIFIED_BY")
	  REFERENCES "ICC_USER" ("ID") ENABLE;
  ALTER TABLE "ICC_USER" ADD CONSTRAINT "FK_SKICI5CVTASIHV4514KPNNRTJ" FOREIGN KEY ("CREATED_BY")
	  REFERENCES "ICC_USER" ("ID") ENABLE;
/
--------------------------------------------------------
--  Ref Constraints for Table ICC_USER_AUD
--------------------------------------------------------

  ALTER TABLE "ICC_USER_AUD" ADD CONSTRAINT "FK_T5JJFKG5QSVFVOH52KMCN9UAH" FOREIGN KEY ("REV")
	  REFERENCES "REVINFO" ("REV") ENABLE;
/
--------------------------------------------------------
--  Ref Constraints for Table ICC_VARIABLE
--------------------------------------------------------

  ALTER TABLE "ICC_VARIABLE" ADD CONSTRAINT "FK_A8KFI01IFJBF83WQGGMSPQEA1" FOREIGN KEY ("DEFINITION_ID")
	  REFERENCES "ICC_VARIABLEDEF" ("ID") ENABLE;
  ALTER TABLE "ICC_VARIABLE" ADD CONSTRAINT "FK_QJU9GHQ4APDOS0ACYBGSHJJRC" FOREIGN KEY ("JOB_ID")
	  REFERENCES "ICC_JOB" ("ID") ENABLE;
/
--------------------------------------------------------
--  Ref Constraints for Table ICC_VARIABLEDEF
--------------------------------------------------------

  ALTER TABLE "ICC_VARIABLEDEF" ADD CONSTRAINT "FK_3BA088UWM7ENR2DRLBPY4DFX3" FOREIGN KEY ("CREATED_BY")
	  REFERENCES "ICC_USER" ("ID") ENABLE;
  ALTER TABLE "ICC_VARIABLEDEF" ADD CONSTRAINT "FK_4GTMAEC02HEB018UQ08QQ4D7J" FOREIGN KEY ("MODIFIED_BY")
	  REFERENCES "ICC_USER" ("ID") ENABLE;
  ALTER TABLE "ICC_VARIABLEDEF" ADD CONSTRAINT "FK_EOX8OQD2FX0OT6BUY74NOK2L" FOREIGN KEY ("TEMPLATE_ID")
	  REFERENCES "ICC_TEMPLATE" ("ID") ENABLE;
/
--------------------------------------------------------
--  Ref Constraints for Table ICC_VARIABLEDEF_AUD
--------------------------------------------------------

  ALTER TABLE "ICC_VARIABLEDEF_AUD" ADD CONSTRAINT "FK_RS8V72RRMU2TYFWILG5F3BP7I" FOREIGN KEY ("REV")
	  REFERENCES "REVINFO" ("REV") ENABLE;
/
--------------------------------------------------------
--  Ref Constraints for Table ICC_VARIABLE_AUD
--------------------------------------------------------

  ALTER TABLE "ICC_VARIABLE_AUD" ADD CONSTRAINT "FK_HARBYM3X7CCPOTJHDJL755D4E" FOREIGN KEY ("REV")
	  REFERENCES "REVINFO" ("REV") ENABLE;
/
